{"uuid": "3f4717fb-c675-453d-bb8d-22149b42bde3", "counter": 10, "stdout": "", "start_line": 10, "end_line": 10, "runner_ident": "a1816a35-0761-469c-8de7-561715d668c4", "event": "runner_on_start", "pid": 234065, "created": "2023-04-22T16:23:59.562878", "parent_uuid": "fdd0ceb1-9916-709a-83cc-000000000009", "event_data": {"playbook": "vm_create.yml", "playbook_uuid": "55213253-de4c-49f6-bb69-831749dfa685", "play": "deploy VM", "play_uuid": "fdd0ceb1-9916-709a-83cc-000000000006", "play_pattern": "localhost", "task": "Undefine cloned image", "task_uuid": "fdd0ceb1-9916-709a-83cc-000000000009", "task_action": "command", "resolved_action": "command", "task_args": "", "task_path": "/home/csc792/eBPF-xDP/southbound/vm_create.yml:13", "host": "localhost", "uuid": "3f4717fb-c675-453d-bb8d-22149b42bde3"}}