{"uuid": "e2568f47-e7f5-4fb9-8dad-ffbf53a81c40", "counter": 11, "stdout": "\u001b[0;33mchanged: [localhost]\u001b[0m\r\n\u001b[0;33m\u001b[0m", "start_line": 10, "end_line": 11, "runner_ident": "a1816a35-0761-469c-8de7-561715d668c4", "event": "runner_on_ok", "pid": 234065, "created": "2023-04-22T16:23:59.790780", "parent_uuid": "fdd0ceb1-9916-709a-83cc-000000000009", "event_data": {"playbook": "vm_create.yml", "playbook_uuid": "55213253-de4c-49f6-bb69-831749dfa685", "play": "deploy VM", "play_uuid": "fdd0ceb1-9916-709a-83cc-000000000006", "play_pattern": "localhost", "task": "Undefine cloned image", "task_uuid": "fdd0ceb1-9916-709a-83cc-000000000009", "task_action": "command", "resolved_action": "command", "task_args": "", "task_path": "/home/csc792/eBPF-xDP/southbound/vm_create.yml:13", "host": "localhost", "remote_addr": "127.0.0.1", "res": {"cmd": ["virsh", "undefine", "test-cgw-tenant7"], "stdout": "Domain test-cgw-tenant7 has been undefined", "stderr": "", "rc": 0, "start": "2023-04-22 16:23:59.754498", "end": "2023-04-22 16:23:59.771849", "delta": "0:00:00.017351", "changed": true, "invocation": {"module_args": {"_raw_params": "virsh undefine test-cgw-tenant7", "warn": true, "_uses_shell": false, "stdin_add_newline": true, "strip_empty_ends": true, "argv": null, "chdir": null, "executable": null, "creates": null, "removes": null, "stdin": null}}, "stdout_lines": ["Domain test-cgw-tenant7 has been undefined"], "stderr_lines": [], "_ansible_no_log": false}, "start": "2023-04-22T16:23:59.562810", "end": "2023-04-22T16:23:59.790570", "duration": 0.22776, "event_loop": null, "uuid": "e2568f47-e7f5-4fb9-8dad-ffbf53a81c40"}}