{"uuid": "fdd0ceb1-9916-709a-83cc-00000000000a", "counter": 12, "stdout": "\r\nTASK [Define new VM] ***********************************************************", "start_line": 11, "end_line": 13, "runner_ident": "a1816a35-0761-469c-8de7-561715d668c4", "event": "playbook_on_task_start", "pid": 234065, "created": "2023-04-22T16:23:59.803106", "parent_uuid": "fdd0ceb1-9916-709a-83cc-000000000006", "event_data": {"playbook": "vm_create.yml", "playbook_uuid": "55213253-de4c-49f6-bb69-831749dfa685", "play": "deploy VM", "play_uuid": "fdd0ceb1-9916-709a-83cc-000000000006", "play_pattern": "localhost", "task": "Define new VM", "task_uuid": "fdd0ceb1-9916-709a-83cc-00000000000a", "task_action": "community.libvirt.virt", "resolved_action": "community.libvirt.virt", "task_args": "", "task_path": "/home/csc792/eBPF-xDP/southbound/vm_create.yml:17", "name": "Define new VM", "is_conditional": false, "uuid": "fdd0ceb1-9916-709a-83cc-00000000000a"}}