{"uuid": "732c9add-4be4-4261-8412-905e3b19b6db", "counter": 13, "stdout": "", "start_line": 13, "end_line": 13, "runner_ident": "a1816a35-0761-469c-8de7-561715d668c4", "event": "runner_on_start", "pid": 234065, "created": "2023-04-22T16:23:59.803796", "parent_uuid": "fdd0ceb1-9916-709a-83cc-00000000000a", "event_data": {"playbook": "vm_create.yml", "playbook_uuid": "55213253-de4c-49f6-bb69-831749dfa685", "play": "deploy VM", "play_uuid": "fdd0ceb1-9916-709a-83cc-000000000006", "play_pattern": "localhost", "task": "Define new VM", "task_uuid": "fdd0ceb1-9916-709a-83cc-00000000000a", "task_action": "community.libvirt.virt", "resolved_action": "community.libvirt.virt", "task_args": "", "task_path": "/home/csc792/eBPF-xDP/southbound/vm_create.yml:17", "host": "localhost", "uuid": "732c9add-4be4-4261-8412-905e3b19b6db"}}