{"uuid": "d193e445-c83d-4710-9fb7-3f9d5550b4cb", "counter": 16, "stdout": "", "start_line": 16, "end_line": 16, "runner_ident": "a1816a35-0761-469c-8de7-561715d668c4", "event": "runner_on_start", "pid": 234065, "created": "2023-04-22T16:24:08.736834", "parent_uuid": "fdd0ceb1-9916-709a-83cc-00000000000b", "event_data": {"playbook": "vm_create.yml", "playbook_uuid": "55213253-de4c-49f6-bb69-831749dfa685", "play": "deploy VM", "play_uuid": "fdd0ceb1-9916-709a-83cc-000000000006", "play_pattern": "localhost", "task": "Reset Cloned VM parameters", "task_uuid": "fdd0ceb1-9916-709a-83cc-00000000000b", "task_action": "command", "resolved_action": "command", "task_args": "", "task_path": "/home/csc792/eBPF-xDP/southbound/vm_create.yml:22", "host": "localhost", "uuid": "d193e445-c83d-4710-9fb7-3f9d5550b4cb"}}