{"uuid": "b376aa35-2100-4672-8693-65dbf73a9dbf", "counter": 17, "stdout": "\u001b[0;33mchanged: [localhost]\u001b[0m\r\n\u001b[0;33m\u001b[0m", "start_line": 16, "end_line": 17, "runner_ident": "a1816a35-0761-469c-8de7-561715d668c4", "event": "runner_on_ok", "pid": 234065, "created": "2023-04-22T16:24:47.969659", "parent_uuid": "fdd0ceb1-9916-709a-83cc-00000000000b", "event_data": {"playbook": "vm_create.yml", "playbook_uuid": "55213253-de4c-49f6-bb69-831749dfa685", "play": "deploy VM", "play_uuid": "fdd0ceb1-9916-709a-83cc-000000000006", "play_pattern": "localhost", "task": "Reset Cloned VM parameters", "task_uuid": "fdd0ceb1-9916-709a-83cc-00000000000b", "task_action": "command", "resolved_action": "command", "task_args": "", "task_path": "/home/csc792/eBPF-xDP/southbound/vm_create.yml:22", "host": "localhost", "remote_addr": "127.0.0.1", "res": {"cmd": ["virt-sysprep", "-d", "test-cgw-tenant7", "--hostname", "test-cgw-tenant7"], "stdout": "[   0.0] Examining the guest ...\n[  36.4] Performing \"abrt-data\" ...\n[  36.4] Performing \"backup-files\" ...\n[  36.8] Performing \"bash-history\" ...\n[  36.8] Performing \"blkid-tab\" ...\n[  36.9] Performing \"crash-data\" ...\n[  36.9] Performing \"cron-spool\" ...\n[  36.9] Performing \"dhcp-client-state\" ...\n[  36.9] Performing \"dhcp-server-state\" ...\n[  36.9] Performing \"dovecot-data\" ...\n[  36.9] Performing \"logfiles\" ...\n[  37.1] Performing \"machine-id\" ...\n[  37.1] Performing \"mail-spool\" ...\n[  37.1] Performing \"net-hostname\" ...\n[  37.1] Performing \"net-hwaddr\" ...\n[  37.2] Performing \"pacct-log\" ...\n[  37.2] Performing \"package-manager-cache\" ...\n[  37.2] Performing \"pam-data\" ...\n[  37.2] Performing \"passwd-backups\" ...\n[  37.2] Performing \"puppet-data-log\" ...\n[  37.3] Performing \"rh-subscription-manager\" ...\n[  37.3] Performing \"rhn-systemid\" ...\n[  37.3] Performing \"rpm-db\" ...\n[  37.3] Performing \"samba-db-log\" ...\n[  37.4] Performing \"script\" ...\n[  37.4] Performing \"smolt-uuid\" ...\n[  37.4] Performing \"ssh-hostkeys\" ...\n[  37.4] Performing \"ssh-userdir\" ...\n[  37.4] Performing \"sssd-db-log\" ...\n[  37.4] Performing \"tmp-files\" ...\n[  37.5] Performing \"udev-persistent-net\" ...\n[  37.5] Performing \"utmp\" ...\n[  37.5] Performing \"yum-uuid\" ...\n[  37.5] Performing \"customize\" ...\n[  37.5] Setting a random seed\n[  37.6] Setting the machine ID in /etc/machine-id\n[  37.6] Setting the hostname: test-cgw-tenant7\n[  38.7] Performing \"lvm-uuids\" ...", "stderr": "", "rc": 0, "start": "2023-04-22 16:24:08.926455", "end": "2023-04-22 16:24:47.935246", "delta": "0:00:39.008791", "changed": true, "invocation": {"module_args": {"_raw_params": "virt-sysprep -d test-cgw-tenant7 --hostname test-cgw-tenant7", "warn": true, "_uses_shell": false, "stdin_add_newline": true, "strip_empty_ends": true, "argv": null, "chdir": null, "executable": null, "creates": null, "removes": null, "stdin": null}}, "stdout_lines": ["[   0.0] Examining the guest ...", "[  36.4] Performing \"abrt-data\" ...", "[  36.4] Performing \"backup-files\" ...", "[  36.8] Performing \"bash-history\" ...", "[  36.8] Performing \"blkid-tab\" ...", "[  36.9] Performing \"crash-data\" ...", "[  36.9] Performing \"cron-spool\" ...", "[  36.9] Performing \"dhcp-client-state\" ...", "[  36.9] Performing \"dhcp-server-state\" ...", "[  36.9] Performing \"dovecot-data\" ...", "[  36.9] Performing \"logfiles\" ...", "[  37.1] Performing \"machine-id\" ...", "[  37.1] Performing \"mail-spool\" ...", "[  37.1] Performing \"net-hostname\" ...", "[  37.1] Performing \"net-hwaddr\" ...", "[  37.2] Performing \"pacct-log\" ...", "[  37.2] Performing \"package-manager-cache\" ...", "[  37.2] Performing \"pam-data\" ...", "[  37.2] Performing \"passwd-backups\" ...", "[  37.2] Performing \"puppet-data-log\" ...", "[  37.3] Performing \"rh-subscription-manager\" ...", "[  37.3] Performing \"rhn-systemid\" ...", "[  37.3] Performing \"rpm-db\" ...", "[  37.3] Performing \"samba-db-log\" ...", "[  37.4] Performing \"script\" ...", "[  37.4] Performing \"smolt-uuid\" ...", "[  37.4] Performing \"ssh-hostkeys\" ...", "[  37.4] Performing \"ssh-userdir\" ...", "[  37.4] Performing \"sssd-db-log\" ...", "[  37.4] Performing \"tmp-files\" ...", "[  37.5] Performing \"udev-persistent-net\" ...", "[  37.5] Performing \"utmp\" ...", "[  37.5] Performing \"yum-uuid\" ...", "[  37.5] Performing \"customize\" ...", "[  37.5] Setting a random seed", "[  37.6] Setting the machine ID in /etc/machine-id", "[  37.6] Setting the hostname: test-cgw-tenant7", "[  38.7] Performing \"lvm-uuids\" ..."], "stderr_lines": [], "_ansible_no_log": false}, "start": "2023-04-22T16:24:08.736768", "end": "2023-04-22T16:24:47.969283", "duration": 39.232515, "event_loop": null, "uuid": "b376aa35-2100-4672-8693-65dbf73a9dbf"}}