{"uuid": "960fa565-16a3-4095-9619-a1b6ba29df74", "counter": 19, "stdout": "", "start_line": 19, "end_line": 19, "runner_ident": "a1816a35-0761-469c-8de7-561715d668c4", "event": "runner_on_start", "pid": 234065, "created": "2023-04-22T16:24:47.984117", "parent_uuid": "fdd0ceb1-9916-709a-83cc-00000000000c", "event_data": {"playbook": "vm_create.yml", "playbook_uuid": "55213253-de4c-49f6-bb69-831749dfa685", "play": "deploy VM", "play_uuid": "fdd0ceb1-9916-709a-83cc-000000000006", "play_pattern": "localhost", "task": "Start the new VM", "task_uuid": "fdd0ceb1-9916-709a-83cc-00000000000c", "task_action": "community.libvirt.virt", "resolved_action": "community.libvirt.virt", "task_args": "", "task_path": "/home/csc792/eBPF-xDP/southbound/vm_create.yml:26", "host": "localhost", "uuid": "960fa565-16a3-4095-9619-a1b6ba29df74"}}