{"uuid": "fdd0ceb1-9916-709a-83cc-000000000006", "counter": 2, "stdout": "\r\nPLAY [deploy VM] ***************************************************************", "start_line": 0, "end_line": 2, "runner_ident": "a1816a35-0761-469c-8de7-561715d668c4", "event": "playbook_on_play_start", "pid": 234065, "created": "2023-04-22T16:23:45.545472", "parent_uuid": "55213253-de4c-49f6-bb69-831749dfa685", "event_data": {"playbook": "vm_create.yml", "playbook_uuid": "55213253-de4c-49f6-bb69-831749dfa685", "play": "deploy VM", "play_uuid": "fdd0ceb1-9916-709a-83cc-000000000006", "play_pattern": "localhost", "name": "deploy VM", "pattern": "localhost", "uuid": "fdd0ceb1-9916-709a-83cc-000000000006"}}