{"uuid": "f4e37869-a499-452c-8c73-cd4ef7a18763", "counter": 20, "stdout": "\u001b[0;32mok: [localhost]\u001b[0m\r\n\u001b[0;32m\u001b[0m", "start_line": 19, "end_line": 20, "runner_ident": "a1816a35-0761-469c-8de7-561715d668c4", "event": "runner_on_ok", "pid": 234065, "created": "2023-04-22T16:24:49.735738", "parent_uuid": "fdd0ceb1-9916-709a-83cc-00000000000c", "event_data": {"playbook": "vm_create.yml", "playbook_uuid": "55213253-de4c-49f6-bb69-831749dfa685", "play": "deploy VM", "play_uuid": "fdd0ceb1-9916-709a-83cc-000000000006", "play_pattern": "localhost", "task": "Start the new VM", "task_uuid": "fdd0ceb1-9916-709a-83cc-00000000000c", "task_action": "community.libvirt.virt", "resolved_action": "community.libvirt.virt", "task_args": "", "task_path": "/home/csc792/eBPF-xDP/southbound/vm_create.yml:26", "host": "localhost", "remote_addr": "127.0.0.1", "res": {"start": 0, "invocation": {"module_args": {"command": "start", "name": "test-cgw-tenant7", "uri": "qemu:///system", "state": null, "autostart": null, "xml": null}}, "_ansible_no_log": false, "changed": false}, "start": "2023-04-22T16:24:47.984045", "end": "2023-04-22T16:24:49.735525", "duration": 1.75148, "event_loop": null, "uuid": "f4e37869-a499-452c-8c73-cd4ef7a18763"}}