{"uuid": "fdd0ceb1-9916-709a-83cc-00000000000d", "counter": 21, "stdout": "\r\nTASK [Validate VM's is state] **************************************************", "start_line": 20, "end_line": 22, "runner_ident": "a1816a35-0761-469c-8de7-561715d668c4", "event": "playbook_on_task_start", "pid": 234065, "created": "2023-04-22T16:24:49.752183", "parent_uuid": "fdd0ceb1-9916-709a-83cc-000000000006", "event_data": {"playbook": "vm_create.yml", "playbook_uuid": "55213253-de4c-49f6-bb69-831749dfa685", "play": "deploy VM", "play_uuid": "fdd0ceb1-9916-709a-83cc-000000000006", "play_pattern": "localhost", "task": "Validate VM's is state", "task_uuid": "fdd0ceb1-9916-709a-83cc-00000000000d", "task_action": "community.libvirt.virt", "resolved_action": "community.libvirt.virt", "task_args": "", "task_path": "/home/csc792/eBPF-xDP/southbound/vm_create.yml:31", "name": "Validate VM's is state", "is_conditional": false, "uuid": "fdd0ceb1-9916-709a-83cc-00000000000d"}}