{"uuid": "3e4d0351-5feb-47da-80cf-b80df83d6c6b", "counter": 22, "stdout": "", "start_line": 22, "end_line": 22, "runner_ident": "a1816a35-0761-469c-8de7-561715d668c4", "event": "runner_on_start", "pid": 234065, "created": "2023-04-22T16:24:49.752729", "parent_uuid": "fdd0ceb1-9916-709a-83cc-00000000000d", "event_data": {"playbook": "vm_create.yml", "playbook_uuid": "55213253-de4c-49f6-bb69-831749dfa685", "play": "deploy VM", "play_uuid": "fdd0ceb1-9916-709a-83cc-000000000006", "play_pattern": "localhost", "task": "Validate VM's is state", "task_uuid": "fdd0ceb1-9916-709a-83cc-00000000000d", "task_action": "community.libvirt.virt", "resolved_action": "community.libvirt.virt", "task_args": "", "task_path": "/home/csc792/eBPF-xDP/southbound/vm_create.yml:31", "host": "localhost", "uuid": "3e4d0351-5feb-47da-80cf-b80df83d6c6b"}}