{"uuid": "08c44e62-beb7-49e6-a682-e5a9ba0db208", "counter": 23, "stdout": "\u001b[0;32mok: [localhost]\u001b[0m\r\n\u001b[0;32m\u001b[0m", "start_line": 22, "end_line": 23, "runner_ident": "a1816a35-0761-469c-8de7-561715d668c4", "event": "runner_on_ok", "pid": 234065, "created": "2023-04-22T16:24:49.968352", "parent_uuid": "fdd0ceb1-9916-709a-83cc-00000000000d", "event_data": {"playbook": "vm_create.yml", "playbook_uuid": "55213253-de4c-49f6-bb69-831749dfa685", "play": "deploy VM", "play_uuid": "fdd0ceb1-9916-709a-83cc-000000000006", "play_pattern": "localhost", "task": "Validate VM's is state", "task_uuid": "fdd0ceb1-9916-709a-83cc-00000000000d", "task_action": "community.libvirt.virt", "resolved_action": "community.libvirt.virt", "task_args": "", "task_path": "/home/csc792/eBPF-xDP/southbound/vm_create.yml:31", "host": "localhost", "remote_addr": "127.0.0.1", "res": {"invocation": {"module_args": {"name": "test-cgw-tenant7", "state": "running", "uri": "qemu:///system", "autostart": null, "command": null, "xml": null}}, "_ansible_no_log": false, "changed": false}, "start": "2023-04-22T16:24:49.752665", "end": "2023-04-22T16:24:49.968114", "duration": 0.215449, "event_loop": null, "uuid": "08c44e62-beb7-49e6-a682-e5a9ba0db208"}}