{"uuid": "bc088c6b-5d56-4c59-9aae-6744af733388", "counter": 24, "stdout": "\r\nPLAY RECAP *********************************************************************\r\n\u001b[0;33mlocalhost\u001b[0m                  : \u001b[0;32mok=7   \u001b[0m \u001b[0;33mchanged=4   \u001b[0m unreachable=0    failed=0    skipped=0    rescued=0    ignored=0   ", "start_line": 23, "end_line": 27, "runner_ident": "a1816a35-0761-469c-8de7-561715d668c4", "event": "playbook_on_stats", "pid": 234065, "created": "2023-04-22T16:24:49.970711", "parent_uuid": "55213253-de4c-49f6-bb69-831749dfa685", "event_data": {"playbook": "vm_create.yml", "playbook_uuid": "55213253-de4c-49f6-bb69-831749dfa685", "changed": {"localhost": 4}, "dark": {}, "failures": {}, "ignored": {}, "ok": {"localhost": 7}, "processed": {"localhost": 1}, "rescued": {}, "skipped": {}, "artifact_data": {}, "uuid": "bc088c6b-5d56-4c59-9aae-6744af733388"}}