{"uuid": "fdd0ceb1-9916-709a-83cc-000000000012", "counter": 3, "stdout": "\r\nTASK [Gathering Facts] *********************************************************", "start_line": 2, "end_line": 4, "runner_ident": "a1816a35-0761-469c-8de7-561715d668c4", "event": "playbook_on_task_start", "pid": 234065, "created": "2023-04-22T16:23:45.556556", "parent_uuid": "fdd0ceb1-9916-709a-83cc-000000000006", "event_data": {"playbook": "vm_create.yml", "playbook_uuid": "55213253-de4c-49f6-bb69-831749dfa685", "play": "deploy VM", "play_uuid": "fdd0ceb1-9916-709a-83cc-000000000006", "play_pattern": "localhost", "task": "Gathering Facts", "task_uuid": "fdd0ceb1-9916-709a-83cc-000000000012", "task_action": "gather_facts", "resolved_action": "gather_facts", "task_args": "", "task_path": "/home/csc792/eBPF-xDP/southbound/vm_create.yml:1", "name": "Gathering Facts", "is_conditional": false, "uuid": "fdd0ceb1-9916-709a-83cc-000000000012"}}