{"uuid": "8057d4c6-a278-47ab-b067-d7268d144a5e", "counter": 4, "stdout": "", "start_line": 4, "end_line": 4, "runner_ident": "a1816a35-0761-469c-8de7-561715d668c4", "event": "runner_on_start", "pid": 234065, "created": "2023-04-22T16:23:45.557092", "parent_uuid": "fdd0ceb1-9916-709a-83cc-000000000012", "event_data": {"playbook": "vm_create.yml", "playbook_uuid": "55213253-de4c-49f6-bb69-831749dfa685", "play": "deploy VM", "play_uuid": "fdd0ceb1-9916-709a-83cc-000000000006", "play_pattern": "localhost", "task": "Gathering Facts", "task_uuid": "fdd0ceb1-9916-709a-83cc-000000000012", "task_action": "gather_facts", "resolved_action": "gather_facts", "task_args": "", "task_path": "/home/csc792/eBPF-xDP/southbound/vm_create.yml:1", "host": "localhost", "uuid": "8057d4c6-a278-47ab-b067-d7268d144a5e"}}