{"uuid": "fdd0ceb1-9916-709a-83cc-000000000008", "counter": 6, "stdout": "\r\nTASK [Clone VM from base_image] ************************************************", "start_line": 5, "end_line": 7, "runner_ident": "a1816a35-0761-469c-8de7-561715d668c4", "event": "playbook_on_task_start", "pid": 234065, "created": "2023-04-22T16:23:46.692183", "parent_uuid": "fdd0ceb1-9916-709a-83cc-000000000006", "event_data": {"playbook": "vm_create.yml", "playbook_uuid": "55213253-de4c-49f6-bb69-831749dfa685", "play": "deploy VM", "play_uuid": "fdd0ceb1-9916-709a-83cc-000000000006", "play_pattern": "localhost", "task": "Clone VM from base_image", "task_uuid": "fdd0ceb1-9916-709a-83cc-000000000008", "task_action": "command", "resolved_action": "command", "task_args": "", "task_path": "/home/csc792/eBPF-xDP/southbound/vm_create.yml:9", "name": "Clone VM from base_image", "is_conditional": false, "uuid": "fdd0ceb1-9916-709a-83cc-000000000008"}}