{"uuid": "c5d937c0-02d8-4220-bbca-b78dd8250a3d", "counter": 8, "stdout": "\u001b[0;33mchanged: [localhost]\u001b[0m\r\n\u001b[0;33m\u001b[0m", "start_line": 7, "end_line": 8, "runner_ident": "a1816a35-0761-469c-8de7-561715d668c4", "event": "runner_on_ok", "pid": 234065, "created": "2023-04-22T16:23:59.548980", "parent_uuid": "fdd0ceb1-9916-709a-83cc-000000000008", "event_data": {"playbook": "vm_create.yml", "playbook_uuid": "55213253-de4c-49f6-bb69-831749dfa685", "play": "deploy VM", "play_uuid": "fdd0ceb1-9916-709a-83cc-000000000006", "play_pattern": "localhost", "task": "Clone VM from base_image", "task_uuid": "fdd0ceb1-9916-709a-83cc-000000000008", "task_action": "command", "resolved_action": "command", "task_args": "", "task_path": "/home/csc792/eBPF-xDP/southbound/vm_create.yml:9", "host": "localhost", "remote_addr": "127.0.0.1", "res": {"cmd": ["virt-clone", "--original", "base-vm", "--name", "test-cgw-tenant7", "--auto-clone"], "stdout": "\rAllocating 'test-cgw-tenan  2% [                 ]    0 B/s | 275 MB  --:-- ETA \r\rAllocating 'test-cgw-tenan  5% [-                ] 114 MB/s | 526 MB  01:25 ETA \r\rAllocating 'test-cgw-tenan  7% [=                ] 144 MB/s | 792 MB  01:05 ETA \r\rAllocating 'test-cgw-tenan 10% [=-               ] 168 MB/s | 1.0 GB  00:54 ETA \r\rAllocating 'test-cgw-tenan 12% [==               ] 185 MB/s | 1.3 GB  00:48 ETA \r\rAllocating 'test-cgw-tenan 15% [==-              ] 199 MB/s | 1.5 GB  00:43 ETA \r\rAllocating 'test-cgw-tenan 17% [===              ] 213 MB/s | 1.8 GB  00:39 ETA \r\rAllocating 'test-cgw-tenan 20% [===              ] 225 MB/s | 2.1 GB  00:36 ETA \r\rAllocating 'test-cgw-tenan 25% [====             ] 275 MB/s | 2.5 GB  00:27 ETA \r\rAllocating 'test-cgw-tenan 28% [====-            ] 283 MB/s | 2.8 GB  00:25 ETA \r\rAllocating 'test-cgw-tenan 30% [=====            ] 281 MB/s | 3.1 GB  00:25 ETA \r\rAllocating 'test-cgw-tenan 33% [=====-           ] 280 MB/s | 3.4 GB  00:24 ETA \r\rAllocating 'test-cgw-tenant7.img'                           |  10 GB  00:12     \n\nClone 'test-cgw-tenant7' created successfully.", "stderr": "", "rc": 0, "start": "2023-04-22 16:23:46.963380", "end": "2023-04-22 16:23:59.522216", "delta": "0:00:12.558836", "changed": true, "invocation": {"module_args": {"_raw_params": "virt-clone --original base-vm --name test-cgw-tenant7 --auto-clone", "warn": true, "_uses_shell": false, "stdin_add_newline": true, "strip_empty_ends": true, "argv": null, "chdir": null, "executable": null, "creates": null, "removes": null, "stdin": null}}, "stdout_lines": ["", "Allocating 'test-cgw-tenan  2% [                 ]    0 B/s | 275 MB  --:-- ETA ", "", "Allocating 'test-cgw-tenan  5% [-                ] 114 MB/s | 526 MB  01:25 ETA ", "", "Allocating 'test-cgw-tenan  7% [=                ] 144 MB/s | 792 MB  01:05 ETA ", "", "Allocating 'test-cgw-tenan 10% [=-               ] 168 MB/s | 1.0 GB  00:54 ETA ", "", "Allocating 'test-cgw-tenan 12% [==               ] 185 MB/s | 1.3 GB  00:48 ETA ", "", "Allocating 'test-cgw-tenan 15% [==-              ] 199 MB/s | 1.5 GB  00:43 ETA ", "", "Allocating 'test-cgw-tenan 17% [===              ] 213 MB/s | 1.8 GB  00:39 ETA ", "", "Allocating 'test-cgw-tenan 20% [===              ] 225 MB/s | 2.1 GB  00:36 ETA ", "", "Allocating 'test-cgw-tenan 25% [====             ] 275 MB/s | 2.5 GB  00:27 ETA ", "", "Allocating 'test-cgw-tenan 28% [====-            ] 283 MB/s | 2.8 GB  00:25 ETA ", "", "Allocating 'test-cgw-tenan 30% [=====            ] 281 MB/s | 3.1 GB  00:25 ETA ", "", "Allocating 'test-cgw-tenan 33% [=====-           ] 280 MB/s | 3.4 GB  00:24 ETA ", "", "Allocating 'test-cgw-tenant7.img'                           |  10 GB  00:12     ", "", "Clone 'test-cgw-tenant7' created successfully."], "stderr_lines": [], "_ansible_no_log": false}, "start": "2023-04-22T16:23:46.692803", "end": "2023-04-22T16:23:59.548644", "duration": 12.855841, "event_loop": null, "uuid": "c5d937c0-02d8-4220-bbca-b78dd8250a3d"}}