{"uuid": "fdd0ceb1-9916-714a-28e7-000000000008", "counter": 11, "stdout": "\r\nTASK [Create XML file for the network] *****************************************", "start_line": 9, "end_line": 11, "runner_ident": "4690f220-e7a2-432c-a674-1e205b744e57", "event": "playbook_on_task_start", "pid": 232778, "created": "2023-04-22T16:23:29.708143", "parent_uuid": "fdd0ceb1-9916-714a-28e7-000000000006", "event_data": {"playbook": "network_create.yml", "playbook_uuid": "affa81f3-6a07-444a-aa62-b27538400d06", "play": "localhost", "play_uuid": "fdd0ceb1-9916-714a-28e7-000000000006", "play_pattern": "localhost", "task": "Create XML file for the network", "task_uuid": "fdd0ceb1-9916-714a-28e7-000000000008", "task_action": "copy", "resolved_action": "copy", "task_args": "", "task_path": "/home/csc792/eBPF-xDP/southbound/network_create.yml:19", "name": "Create XML file for the network", "is_conditional": false, "uuid": "fdd0ceb1-9916-714a-28e7-000000000008"}}