{"uuid": "1cea44f0-09d8-4162-b568-69b0411077ce", "counter": 12, "stdout": "", "start_line": 11, "end_line": 11, "runner_ident": "4690f220-e7a2-432c-a674-1e205b744e57", "event": "runner_on_start", "pid": 232778, "created": "2023-04-22T16:23:29.708639", "parent_uuid": "fdd0ceb1-9916-714a-28e7-000000000008", "event_data": {"playbook": "network_create.yml", "playbook_uuid": "affa81f3-6a07-444a-aa62-b27538400d06", "play": "localhost", "play_uuid": "fdd0ceb1-9916-714a-28e7-000000000006", "play_pattern": "localhost", "task": "Create XML file for the network", "task_uuid": "fdd0ceb1-9916-714a-28e7-000000000008", "task_action": "copy", "resolved_action": "copy", "task_args": "", "task_path": "/home/csc792/eBPF-xDP/southbound/network_create.yml:19", "host": "localhost", "uuid": "1cea44f0-09d8-4162-b568-69b0411077ce"}}