{"uuid": "7a8261ad-682d-4f3d-a47a-8b3251371e7f", "counter": 13, "stdout": "\u001b[0;33mchanged: [localhost]\u001b[0m\r\n\u001b[0;33m\u001b[0m", "start_line": 11, "end_line": 12, "runner_ident": "4690f220-e7a2-432c-a674-1e205b744e57", "event": "runner_on_ok", "pid": 232778, "created": "2023-04-22T16:23:30.262452", "parent_uuid": "fdd0ceb1-9916-714a-28e7-000000000008", "event_data": {"playbook": "network_create.yml", "playbook_uuid": "affa81f3-6a07-444a-aa62-b27538400d06", "play": "localhost", "play_uuid": "fdd0ceb1-9916-714a-28e7-000000000006", "play_pattern": "localhost", "task": "Create XML file for the network", "task_uuid": "fdd0ceb1-9916-714a-28e7-000000000008", "task_action": "copy", "resolved_action": "copy", "task_args": "", "task_path": "/home/csc792/eBPF-xDP/southbound/network_create.yml:19", "host": "localhost", "remote_addr": "127.0.0.1", "res": {"diff": [], "dest": "/etc/libvirt/qemu/networks/tenant7tenet2.xml", "src": "/home/csc792/.ansible/tmp/ansible-tmp-1682180609.749454-12239664863627/source", "md5sum": "314ace63e0fc019ab3b509b051345df1", "checksum": "d2c015be03a4551b93a3f62d78a74640c787b6cd", "changed": true, "uid": 0, "gid": 0, "owner": "root", "group": "root", "mode": "0644", "state": "file", "size": 104, "invocation": {"module_args": {"dest": "/etc/libvirt/qemu/networks/tenant7tenet2.xml", "src": "/home/csc792/.ansible/tmp/ansible-tmp-1682180609.749454-12239664863627/source", "_original_basename": "tmpevtrlem4", "follow": false, "checksum": "d2c015be03a4551b93a3f62d78a74640c787b6cd", "backup": false, "force": true, "content": null, "validate": null, "directory_mode": null, "remote_src": null, "local_follow": null, "mode": null, "owner": null, "group": null, "seuser": null, "serole": null, "selevel": null, "setype": null, "attributes": null, "regexp": null, "delimiter": null, "unsafe_writes": null}}, "_ansible_no_log": false}, "start": "2023-04-22T16:23:29.708577", "end": "2023-04-22T16:23:30.262247", "duration": 0.55367, "event_loop": null, "uuid": "7a8261ad-682d-4f3d-a47a-8b3251371e7f"}}