{"uuid": "fdd0ceb1-9916-714a-28e7-000000000009", "counter": 14, "stdout": "\r\nTASK [define the created switch network] ***************************************", "start_line": 12, "end_line": 14, "runner_ident": "4690f220-e7a2-432c-a674-1e205b744e57", "event": "playbook_on_task_start", "pid": 232778, "created": "2023-04-22T16:23:30.274220", "parent_uuid": "fdd0ceb1-9916-714a-28e7-000000000006", "event_data": {"playbook": "network_create.yml", "playbook_uuid": "affa81f3-6a07-444a-aa62-b27538400d06", "play": "localhost", "play_uuid": "fdd0ceb1-9916-714a-28e7-000000000006", "play_pattern": "localhost", "task": "define the created switch network", "task_uuid": "fdd0ceb1-9916-714a-28e7-000000000009", "task_action": "command", "resolved_action": "command", "task_args": "", "task_path": "/home/csc792/eBPF-xDP/southbound/network_create.yml:25", "name": "define the created switch network", "is_conditional": false, "uuid": "fdd0ceb1-9916-714a-28e7-000000000009"}}