{"uuid": "984145ef-81d8-445d-a056-40299a62cd84", "counter": 16, "stdout": "\u001b[0;33mchanged: [localhost]\u001b[0m\r\n\u001b[0;33m\u001b[0m", "start_line": 14, "end_line": 15, "runner_ident": "4690f220-e7a2-432c-a674-1e205b744e57", "event": "runner_on_ok", "pid": 232778, "created": "2023-04-22T16:23:30.585253", "parent_uuid": "fdd0ceb1-9916-714a-28e7-000000000009", "event_data": {"playbook": "network_create.yml", "playbook_uuid": "affa81f3-6a07-444a-aa62-b27538400d06", "play": "localhost", "play_uuid": "fdd0ceb1-9916-714a-28e7-000000000006", "play_pattern": "localhost", "task": "define the created switch network", "task_uuid": "fdd0ceb1-9916-714a-28e7-000000000009", "task_action": "command", "resolved_action": "command", "task_args": "", "task_path": "/home/csc792/eBPF-xDP/southbound/network_create.yml:25", "host": "localhost", "remote_addr": "127.0.0.1", "res": {"cmd": ["virsh", "net-define", "/etc/libvirt/qemu/networks/tenant7tenet2.xml"], "stdout": "Network tenant7tenet2 defined from /etc/libvirt/qemu/networks/tenant7tenet2.xml", "stderr": "", "rc": 0, "start": "2023-04-22 16:23:30.547403", "end": "2023-04-22 16:23:30.566019", "delta": "0:00:00.018616", "changed": true, "invocation": {"module_args": {"_raw_params": "virsh net-define /etc/libvirt/qemu/networks/tenant7tenet2.xml", "warn": true, "_uses_shell": false, "stdin_add_newline": true, "strip_empty_ends": true, "argv": null, "chdir": null, "executable": null, "creates": null, "removes": null, "stdin": null}}, "stdout_lines": ["Network tenant7tenet2 defined from /etc/libvirt/qemu/networks/tenant7tenet2.xml"], "stderr_lines": [], "_ansible_no_log": false}, "start": "2023-04-22T16:23:30.274863", "end": "2023-04-22T16:23:30.585011", "duration": 0.310148, "event_loop": null, "uuid": "984145ef-81d8-445d-a056-40299a62cd84"}}