{"uuid": "fdd0ceb1-9916-714a-28e7-00000000000a", "counter": 17, "stdout": "\r\nTASK [start bridge network] ****************************************************", "start_line": 15, "end_line": 17, "runner_ident": "4690f220-e7a2-432c-a674-1e205b744e57", "event": "playbook_on_task_start", "pid": 232778, "created": "2023-04-22T16:23:30.597643", "parent_uuid": "fdd0ceb1-9916-714a-28e7-000000000006", "event_data": {"playbook": "network_create.yml", "playbook_uuid": "affa81f3-6a07-444a-aa62-b27538400d06", "play": "localhost", "play_uuid": "fdd0ceb1-9916-714a-28e7-000000000006", "play_pattern": "localhost", "task": "start bridge network", "task_uuid": "fdd0ceb1-9916-714a-28e7-00000000000a", "task_action": "command", "resolved_action": "command", "task_args": "", "task_path": "/home/csc792/eBPF-xDP/southbound/network_create.yml:29", "name": "start bridge network", "is_conditional": false, "uuid": "fdd0ceb1-9916-714a-28e7-00000000000a"}}