{"uuid": "26c0c15b-7b12-45d2-bd15-a930565dded6", "counter": 19, "stdout": "\u001b[0;33mchanged: [localhost]\u001b[0m\r\n\u001b[0;33m\u001b[0m", "start_line": 17, "end_line": 18, "runner_ident": "4690f220-e7a2-432c-a674-1e205b744e57", "event": "runner_on_ok", "pid": 232778, "created": "2023-04-22T16:23:31.819717", "parent_uuid": "fdd0ceb1-9916-714a-28e7-00000000000a", "event_data": {"playbook": "network_create.yml", "playbook_uuid": "affa81f3-6a07-444a-aa62-b27538400d06", "play": "localhost", "play_uuid": "fdd0ceb1-9916-714a-28e7-000000000006", "play_pattern": "localhost", "task": "start bridge network", "task_uuid": "fdd0ceb1-9916-714a-28e7-00000000000a", "task_action": "command", "resolved_action": "command", "task_args": "", "task_path": "/home/csc792/eBPF-xDP/southbound/network_create.yml:29", "host": "localhost", "remote_addr": "127.0.0.1", "res": {"cmd": ["virsh", "net-start", "tenant7tenet2"], "stdout": "Network tenant7tenet2 started", "stderr": "", "rc": 0, "start": "2023-04-22 16:23:30.781464", "end": "2023-04-22 16:23:31.798492", "delta": "0:00:01.017028", "changed": true, "invocation": {"module_args": {"_raw_params": "virsh net-start tenant7tenet2", "warn": true, "_uses_shell": false, "stdin_add_newline": true, "strip_empty_ends": true, "argv": null, "chdir": null, "executable": null, "creates": null, "removes": null, "stdin": null}}, "stdout_lines": ["Network tenant7tenet2 started"], "stderr_lines": [], "_ansible_no_log": false}, "start": "2023-04-22T16:23:30.598659", "end": "2023-04-22T16:23:31.819505", "duration": 1.220846, "event_loop": null, "uuid": "26c0c15b-7b12-45d2-bd15-a930565dded6"}}