{"uuid": "1c69d011-a760-434e-b6ff-bd414a78cd85", "counter": 20, "stdout": "\r\nPLAY RECAP *********************************************************************\r\n\u001b[0;33mlocalhost\u001b[0m                  : \u001b[0;32mok=4   \u001b[0m \u001b[0;33mchanged=3   \u001b[0m unreachable=0    failed=0    skipped=0    rescued=0    ignored=0   ", "start_line": 18, "end_line": 22, "runner_ident": "4690f220-e7a2-432c-a674-1e205b744e57", "event": "playbook_on_stats", "pid": 232778, "created": "2023-04-22T16:23:31.823059", "parent_uuid": "affa81f3-6a07-444a-aa62-b27538400d06", "event_data": {"playbook": "network_create.yml", "playbook_uuid": "affa81f3-6a07-444a-aa62-b27538400d06", "changed": {"localhost": 3}, "dark": {}, "failures": {}, "ignored": {}, "ok": {"localhost": 4}, "processed": {"localhost": 1}, "rescued": {}, "skipped": {}, "artifact_data": {}, "uuid": "1c69d011-a760-434e-b6ff-bd414a78cd85"}}