{"uuid": "67e329da-6c92-4e77-9e22-935f8ae9955e", "counter": 6, "stdout": "\u001b[1;35m[WARNING]: Found variable using reserved name: become\u001b[0m\r\n\u001b[1;35m\u001b[0m", "start_line": 3, "end_line": 4, "runner_ident": "4690f220-e7a2-432c-a674-1e205b744e57", "event": "warning", "pid": 232778, "created": "2023-04-22T16:23:28.582631", "parent_uuid": "affa81f3-6a07-444a-aa62-b27538400d06", "event_data": {"playbook": "network_create.yml", "playbook_uuid": "affa81f3-6a07-444a-aa62-b27538400d06", "warning": true, "uuid": "67e329da-6c92-4e77-9e22-935f8ae9955e"}}