{"uuid": "fdd0ceb1-9916-714a-28e7-000000000006", "counter": 7, "stdout": "\r\nPLAY [localhost] ***************************************************************", "start_line": 4, "end_line": 6, "runner_ident": "4690f220-e7a2-432c-a674-1e205b744e57", "event": "playbook_on_play_start", "pid": 232778, "created": "2023-04-22T16:23:28.583205", "parent_uuid": "affa81f3-6a07-444a-aa62-b27538400d06", "event_data": {"playbook": "network_create.yml", "playbook_uuid": "affa81f3-6a07-444a-aa62-b27538400d06", "play": "localhost", "play_uuid": "fdd0ceb1-9916-714a-28e7-000000000006", "play_pattern": "localhost", "name": "localhost", "pattern": "localhost", "uuid": "fdd0ceb1-9916-714a-28e7-000000000006"}}