{"uuid": "fdd0ceb1-9916-714a-28e7-00000000000f", "counter": 8, "stdout": "\r\nTASK [Gathering Facts] *********************************************************", "start_line": 6, "end_line": 8, "runner_ident": "4690f220-e7a2-432c-a674-1e205b744e57", "event": "playbook_on_task_start", "pid": 232778, "created": "2023-04-22T16:23:28.593691", "parent_uuid": "fdd0ceb1-9916-714a-28e7-000000000006", "event_data": {"playbook": "network_create.yml", "playbook_uuid": "affa81f3-6a07-444a-aa62-b27538400d06", "play": "localhost", "play_uuid": "fdd0ceb1-9916-714a-28e7-000000000006", "play_pattern": "localhost", "task": "Gathering Facts", "task_uuid": "fdd0ceb1-9916-714a-28e7-00000000000f", "task_action": "gather_facts", "resolved_action": "gather_facts", "task_args": "", "task_path": "/home/csc792/eBPF-xDP/southbound/network_create.yml:1", "name": "Gathering Facts", "is_conditional": false, "uuid": "fdd0ceb1-9916-714a-28e7-00000000000f"}}