{"uuid": "fdd0ceb1-9916-e391-1b9c-000000000006", "counter": 2, "stdout": "\r\nPLAY [deploy VM] ***************************************************************", "start_line": 0, "end_line": 2, "runner_ident": "352280be-ee12-496d-b4cb-67970ecec299", "event": "playbook_on_play_start", "pid": 238528, "created": "2023-04-22T16:41:53.833095", "parent_uuid": "8ff05ebc-a506-4bfd-9030-d4011d8bfeb1", "event_data": {"playbook": "vm_create.yml", "playbook_uuid": "8ff05ebc-a506-4bfd-9030-d4011d8bfeb1", "play": "deploy VM", "play_uuid": "fdd0ceb1-9916-e391-1b9c-000000000006", "play_pattern": "localhost", "name": "deploy VM", "pattern": "localhost", "uuid": "fdd0ceb1-9916-e391-1b9c-000000000006"}}