{"uuid": "fdd0ceb1-9916-e391-1b9c-000000000012", "counter": 3, "stdout": "\r\nTASK [Gathering Facts] *********************************************************", "start_line": 2, "end_line": 4, "runner_ident": "352280be-ee12-496d-b4cb-67970ecec299", "event": "playbook_on_task_start", "pid": 238528, "created": "2023-04-22T16:41:53.846274", "parent_uuid": "fdd0ceb1-9916-e391-1b9c-000000000006", "event_data": {"playbook": "vm_create.yml", "playbook_uuid": "8ff05ebc-a506-4bfd-9030-d4011d8bfeb1", "play": "deploy VM", "play_uuid": "fdd0ceb1-9916-e391-1b9c-000000000006", "play_pattern": "localhost", "task": "Gathering Facts", "task_uuid": "fdd0ceb1-9916-e391-1b9c-000000000012", "task_action": "gather_facts", "resolved_action": "gather_facts", "task_args": "", "task_path": "/home/csc792/eBPF-xDP/southbound/vm_create.yml:1", "name": "Gathering Facts", "is_conditional": false, "uuid": "fdd0ceb1-9916-e391-1b9c-000000000012"}}