{"uuid": "9b21baab-c0c0-4451-b805-dec8959c54a4", "counter": 4, "stdout": "", "start_line": 4, "end_line": 4, "runner_ident": "352280be-ee12-496d-b4cb-67970ecec299", "event": "runner_on_start", "pid": 238528, "created": "2023-04-22T16:41:53.846875", "parent_uuid": "fdd0ceb1-9916-e391-1b9c-000000000012", "event_data": {"playbook": "vm_create.yml", "playbook_uuid": "8ff05ebc-a506-4bfd-9030-d4011d8bfeb1", "play": "deploy VM", "play_uuid": "fdd0ceb1-9916-e391-1b9c-000000000006", "play_pattern": "localhost", "task": "Gathering Facts", "task_uuid": "fdd0ceb1-9916-e391-1b9c-000000000012", "task_action": "gather_facts", "resolved_action": "gather_facts", "task_args": "", "task_path": "/home/csc792/eBPF-xDP/southbound/vm_create.yml:1", "host": "localhost", "uuid": "9b21baab-c0c0-4451-b805-dec8959c54a4"}}