{"uuid": "fdd0ceb1-9916-e391-1b9c-000000000008", "counter": 6, "stdout": "\r\nTASK [Clone VM from base_image] ************************************************", "start_line": 5, "end_line": 7, "runner_ident": "352280be-ee12-496d-b4cb-67970ecec299", "event": "playbook_on_task_start", "pid": 238528, "created": "2023-04-22T16:41:55.213622", "parent_uuid": "fdd0ceb1-9916-e391-1b9c-000000000006", "event_data": {"playbook": "vm_create.yml", "playbook_uuid": "8ff05ebc-a506-4bfd-9030-d4011d8bfeb1", "play": "deploy VM", "play_uuid": "fdd0ceb1-9916-e391-1b9c-000000000006", "play_pattern": "localhost", "task": "Clone VM from base_image", "task_uuid": "fdd0ceb1-9916-e391-1b9c-000000000008", "task_action": "command", "resolved_action": "command", "task_args": "", "task_path": "/home/csc792/eBPF-xDP/southbound/vm_create.yml:9", "name": "Clone VM from base_image", "is_conditional": false, "uuid": "fdd0ceb1-9916-e391-1b9c-000000000008"}}