{"uuid": "9d6a3a5c-6f84-42f8-9490-5cdedf91a1cd", "counter": 7, "stdout": "", "start_line": 7, "end_line": 7, "runner_ident": "352280be-ee12-496d-b4cb-67970ecec299", "event": "runner_on_start", "pid": 238528, "created": "2023-04-22T16:41:55.214287", "parent_uuid": "fdd0ceb1-9916-e391-1b9c-000000000008", "event_data": {"playbook": "vm_create.yml", "playbook_uuid": "8ff05ebc-a506-4bfd-9030-d4011d8bfeb1", "play": "deploy VM", "play_uuid": "fdd0ceb1-9916-e391-1b9c-000000000006", "play_pattern": "localhost", "task": "Clone VM from base_image", "task_uuid": "fdd0ceb1-9916-e391-1b9c-000000000008", "task_action": "command", "resolved_action": "command", "task_args": "", "task_path": "/home/csc792/eBPF-xDP/southbound/vm_create.yml:9", "host": "localhost", "uuid": "9d6a3a5c-6f84-42f8-9490-5cdedf91a1cd"}}