{"uuid": "94be1344-3dea-4495-b461-816399fd354d", "counter": 8, "stdout": "\u001b[0;31mfatal: [localhost]: FAILED! => {\"changed\": true, \"cmd\": [\"virt-clone\", \"--original\", \"base-vm\", \"--name\", \"tenant7-vm1\", \"--auto-clone\"], \"delta\": \"0:00:01.243548\", \"end\": \"2023-04-22 16:41:56.742115\", \"msg\": \"non-zero return code\", \"rc\": 1, \"start\": \"2023-04-22 16:41:55.498567\", \"stderr\": \"ERROR    Invalid name for new guest: Guest name 'tenant7-vm1' is already in use.\", \"stderr_lines\": [\"ERROR    Invalid name for new guest: Guest name 'tenant7-vm1' is already in use.\"], \"stdout\": \"\", \"stdout_lines\": []}\u001b[0m\r\n\u001b[0;31m\u001b[0m", "start_line": 7, "end_line": 8, "runner_ident": "352280be-ee12-496d-b4cb-67970ecec299", "event": "runner_on_failed", "pid": 238528, "created": "2023-04-22T16:41:56.763691", "parent_uuid": "fdd0ceb1-9916-e391-1b9c-000000000008", "event_data": {"playbook": "vm_create.yml", "playbook_uuid": "8ff05ebc-a506-4bfd-9030-d4011d8bfeb1", "play": "deploy VM", "play_uuid": "fdd0ceb1-9916-e391-1b9c-000000000006", "play_pattern": "localhost", "task": "Clone VM from base_image", "task_uuid": "fdd0ceb1-9916-e391-1b9c-000000000008", "task_action": "command", "resolved_action": "command", "task_args": "", "task_path": "/home/csc792/eBPF-xDP/southbound/vm_create.yml:9", "host": "localhost", "remote_addr": "127.0.0.1", "res": {"msg": "non-zero return code", "cmd": ["virt-clone", "--original", "base-vm", "--name", "tenant7-vm1", "--auto-clone"], "stdout": "", "stderr": "ERROR    Invalid name for new guest: Guest name 'tenant7-vm1' is already in use.", "rc": 1, "start": "2023-04-22 16:41:55.498567", "end": "2023-04-22 16:41:56.742115", "delta": "0:00:01.243548", "changed": true, "invocation": {"module_args": {"_raw_params": "virt-clone --original base-vm --name tenant7-vm1 --auto-clone", "warn": true, "_uses_shell": false, "stdin_add_newline": true, "strip_empty_ends": true, "argv": null, "chdir": null, "executable": null, "creates": null, "removes": null, "stdin": null}}, "stdout_lines": [], "stderr_lines": ["ERROR    Invalid name for new guest: Guest name 'tenant7-vm1' is already in use."], "_ansible_no_log": false}, "start": "2023-04-22T16:41:55.214207", "end": "2023-04-22T16:41:56.763499", "duration": 1.549292, "ignore_errors": null, "event_loop": null, "uuid": "94be1344-3dea-4495-b461-816399fd354d"}}