{"uuid": "2da186ec-201c-421e-a3bb-39ab8fe18263", "counter": 9, "stdout": "\r\nPLAY RECAP *********************************************************************\r\n\u001b[0;31mlocalhost\u001b[0m                  : \u001b[0;32mok=1   \u001b[0m changed=0    unreachable=0    \u001b[0;31mfailed=1   \u001b[0m skipped=0    rescued=0    ignored=0   ", "start_line": 8, "end_line": 12, "runner_ident": "352280be-ee12-496d-b4cb-67970ecec299", "event": "playbook_on_stats", "pid": 238528, "created": "2023-04-22T16:41:56.765580", "parent_uuid": "8ff05ebc-a506-4bfd-9030-d4011d8bfeb1", "event_data": {"playbook": "vm_create.yml", "playbook_uuid": "8ff05ebc-a506-4bfd-9030-d4011d8bfeb1", "changed": {}, "dark": {}, "failures": {"localhost": 1}, "ignored": {}, "ok": {"localhost": 1}, "processed": {"localhost": 1}, "rescued": {}, "skipped": {}, "artifact_data": {}, "uuid": "2da186ec-201c-421e-a3bb-39ab8fe18263"}}