{"uuid": "fdd0ceb1-9916-9a6b-19af-000000000006", "counter": 2, "stdout": "\r\nPLAY [deploy VM] ***************************************************************", "start_line": 0, "end_line": 2, "runner_ident": "64945505-887e-4fed-bd65-847425378e94", "event": "playbook_on_play_start", "pid": 239432, "created": "2023-04-22T16:42:05.857854", "parent_uuid": "6b48f0e1-1515-4559-842b-a2d85a7fb307", "event_data": {"playbook": "vm_create.yml", "playbook_uuid": "6b48f0e1-1515-4559-842b-a2d85a7fb307", "play": "deploy VM", "play_uuid": "fdd0ceb1-9916-9a6b-19af-000000000006", "play_pattern": "localhost", "name": "deploy VM", "pattern": "localhost", "uuid": "fdd0ceb1-9916-9a6b-19af-000000000006"}}