{"uuid": "fdd0ceb1-9916-9a6b-19af-000000000012", "counter": 3, "stdout": "\r\nTASK [Gathering Facts] *********************************************************", "start_line": 2, "end_line": 4, "runner_ident": "64945505-887e-4fed-bd65-847425378e94", "event": "playbook_on_task_start", "pid": 239432, "created": "2023-04-22T16:42:05.868853", "parent_uuid": "fdd0ceb1-9916-9a6b-19af-000000000006", "event_data": {"playbook": "vm_create.yml", "playbook_uuid": "6b48f0e1-1515-4559-842b-a2d85a7fb307", "play": "deploy VM", "play_uuid": "fdd0ceb1-9916-9a6b-19af-000000000006", "play_pattern": "localhost", "task": "Gathering Facts", "task_uuid": "fdd0ceb1-9916-9a6b-19af-000000000012", "task_action": "gather_facts", "resolved_action": "gather_facts", "task_args": "", "task_path": "/home/csc792/eBPF-xDP/southbound/vm_create.yml:1", "name": "Gathering Facts", "is_conditional": false, "uuid": "fdd0ceb1-9916-9a6b-19af-000000000012"}}