{"uuid": "928770ff-51cd-42b9-8391-5b3ad21689bb", "counter": 4, "stdout": "", "start_line": 4, "end_line": 4, "runner_ident": "64945505-887e-4fed-bd65-847425378e94", "event": "runner_on_start", "pid": 239432, "created": "2023-04-22T16:42:05.869371", "parent_uuid": "fdd0ceb1-9916-9a6b-19af-000000000012", "event_data": {"playbook": "vm_create.yml", "playbook_uuid": "6b48f0e1-1515-4559-842b-a2d85a7fb307", "play": "deploy VM", "play_uuid": "fdd0ceb1-9916-9a6b-19af-000000000006", "play_pattern": "localhost", "task": "Gathering Facts", "task_uuid": "fdd0ceb1-9916-9a6b-19af-000000000012", "task_action": "gather_facts", "resolved_action": "gather_facts", "task_args": "", "task_path": "/home/csc792/eBPF-xDP/southbound/vm_create.yml:1", "host": "localhost", "uuid": "928770ff-51cd-42b9-8391-5b3ad21689bb"}}