{"uuid": "2cdff3c9-3ee1-4a6d-b35b-55a8442d5170", "counter": 7, "stdout": "", "start_line": 7, "end_line": 7, "runner_ident": "64945505-887e-4fed-bd65-847425378e94", "event": "runner_on_start", "pid": 239432, "created": "2023-04-22T16:42:07.160256", "parent_uuid": "fdd0ceb1-9916-9a6b-19af-000000000008", "event_data": {"playbook": "vm_create.yml", "playbook_uuid": "6b48f0e1-1515-4559-842b-a2d85a7fb307", "play": "deploy VM", "play_uuid": "fdd0ceb1-9916-9a6b-19af-000000000006", "play_pattern": "localhost", "task": "Clone VM from base_image", "task_uuid": "fdd0ceb1-9916-9a6b-19af-000000000008", "task_action": "command", "resolved_action": "command", "task_args": "", "task_path": "/home/csc792/eBPF-xDP/southbound/vm_create.yml:9", "host": "localhost", "uuid": "2cdff3c9-3ee1-4a6d-b35b-55a8442d5170"}}