{"uuid": "42b6261c-8f8b-4d7e-a12c-7216d75285d0", "counter": 8, "stdout": "\u001b[0;31mfatal: [localhost]: FAILED! => {\"changed\": true, \"cmd\": [\"virt-clone\", \"--original\", \"base-vm\", \"--name\", \"tenant6-vm3\", \"--auto-clone\"], \"delta\": \"0:00:00.227767\", \"end\": \"2023-04-22 16:42:07.661565\", \"msg\": \"non-zero return code\", \"rc\": 1, \"start\": \"2023-04-22 16:42:07.433798\", \"stderr\": \"ERROR    Invalid name for new guest: Guest name 'tenant6-vm3' is already in use.\", \"stderr_lines\": [\"ERROR    Invalid name for new guest: Guest name 'tenant6-vm3' is already in use.\"], \"stdout\": \"\", \"stdout_lines\": []}\u001b[0m\r\n\u001b[0;31m\u001b[0m", "start_line": 7, "end_line": 8, "runner_ident": "64945505-887e-4fed-bd65-847425378e94", "event": "runner_on_failed", "pid": 239432, "created": "2023-04-22T16:42:07.681665", "parent_uuid": "fdd0ceb1-9916-9a6b-19af-000000000008", "event_data": {"playbook": "vm_create.yml", "playbook_uuid": "6b48f0e1-1515-4559-842b-a2d85a7fb307", "play": "deploy VM", "play_uuid": "fdd0ceb1-9916-9a6b-19af-000000000006", "play_pattern": "localhost", "task": "Clone VM from base_image", "task_uuid": "fdd0ceb1-9916-9a6b-19af-000000000008", "task_action": "command", "resolved_action": "command", "task_args": "", "task_path": "/home/csc792/eBPF-xDP/southbound/vm_create.yml:9", "host": "localhost", "remote_addr": "127.0.0.1", "res": {"msg": "non-zero return code", "cmd": ["virt-clone", "--original", "base-vm", "--name", "tenant6-vm3", "--auto-clone"], "stdout": "", "stderr": "ERROR    Invalid name for new guest: Guest name 'tenant6-vm3' is already in use.", "rc": 1, "start": "2023-04-22 16:42:07.433798", "end": "2023-04-22 16:42:07.661565", "delta": "0:00:00.227767", "changed": true, "invocation": {"module_args": {"_raw_params": "virt-clone --original base-vm --name tenant6-vm3 --auto-clone", "warn": true, "_uses_shell": false, "stdin_add_newline": true, "strip_empty_ends": true, "argv": null, "chdir": null, "executable": null, "creates": null, "removes": null, "stdin": null}}, "stdout_lines": [], "stderr_lines": ["ERROR    Invalid name for new guest: Guest name 'tenant6-vm3' is already in use."], "_ansible_no_log": false}, "start": "2023-04-22T16:42:07.160190", "end": "2023-04-22T16:42:07.681486", "duration": 0.521296, "ignore_errors": null, "event_loop": null, "uuid": "42b6261c-8f8b-4d7e-a12c-7216d75285d0"}}