{"uuid": "c22b1883-f76d-4751-a3d0-d9513689fca8", "counter": 9, "stdout": "\r\nPLAY RECAP *********************************************************************\r\n\u001b[0;31mlocalhost\u001b[0m                  : \u001b[0;32mok=1   \u001b[0m changed=0    unreachable=0    \u001b[0;31mfailed=1   \u001b[0m skipped=0    rescued=0    ignored=0   ", "start_line": 8, "end_line": 12, "runner_ident": "64945505-887e-4fed-bd65-847425378e94", "event": "playbook_on_stats", "pid": 239432, "created": "2023-04-22T16:42:07.683448", "parent_uuid": "6b48f0e1-1515-4559-842b-a2d85a7fb307", "event_data": {"playbook": "vm_create.yml", "playbook_uuid": "6b48f0e1-1515-4559-842b-a2d85a7fb307", "changed": {}, "dark": {}, "failures": {"localhost": 1}, "ignored": {}, "ok": {"localhost": 1}, "processed": {"localhost": 1}, "rescued": {}, "skipped": {}, "artifact_data": {}, "uuid": "c22b1883-f76d-4751-a3d0-d9513689fca8"}}