{"uuid": "fdd0ceb1-9916-6d52-e22d-000000000006", "counter": 2, "stdout": "\r\nPLAY [deploy VM] ***************************************************************", "start_line": 0, "end_line": 2, "runner_ident": "43c719cf-93eb-40ab-9f5a-3e29ecbc984b", "event": "playbook_on_play_start", "pid": 243275, "created": "2023-04-22T16:48:50.912170", "parent_uuid": "0275a889-12d2-4b9b-8033-1e705d0da5bd", "event_data": {"playbook": "vm_create.yml", "playbook_uuid": "0275a889-12d2-4b9b-8033-1e705d0da5bd", "play": "deploy VM", "play_uuid": "fdd0ceb1-9916-6d52-e22d-000000000006", "play_pattern": "localhost", "name": "deploy VM", "pattern": "localhost", "uuid": "fdd0ceb1-9916-6d52-e22d-000000000006"}}