{"uuid": "fdd0ceb1-9916-6d52-e22d-000000000012", "counter": 3, "stdout": "\r\nTASK [Gathering Facts] *********************************************************", "start_line": 2, "end_line": 4, "runner_ident": "43c719cf-93eb-40ab-9f5a-3e29ecbc984b", "event": "playbook_on_task_start", "pid": 243275, "created": "2023-04-22T16:48:50.923101", "parent_uuid": "fdd0ceb1-9916-6d52-e22d-000000000006", "event_data": {"playbook": "vm_create.yml", "playbook_uuid": "0275a889-12d2-4b9b-8033-1e705d0da5bd", "play": "deploy VM", "play_uuid": "fdd0ceb1-9916-6d52-e22d-000000000006", "play_pattern": "localhost", "task": "Gathering Facts", "task_uuid": "fdd0ceb1-9916-6d52-e22d-000000000012", "task_action": "gather_facts", "resolved_action": "gather_facts", "task_args": "", "task_path": "/home/csc792/eBPF-xDP/southbound/vm_create.yml:1", "name": "Gathering Facts", "is_conditional": false, "uuid": "fdd0ceb1-9916-6d52-e22d-000000000012"}}