{"uuid": "fdd0ceb1-9916-6d52-e22d-000000000008", "counter": 6, "stdout": "\r\nTASK [Clone VM from base_image] ************************************************", "start_line": 5, "end_line": 7, "runner_ident": "43c719cf-93eb-40ab-9f5a-3e29ecbc984b", "event": "playbook_on_task_start", "pid": 243275, "created": "2023-04-22T16:48:52.319607", "parent_uuid": "fdd0ceb1-9916-6d52-e22d-000000000006", "event_data": {"playbook": "vm_create.yml", "playbook_uuid": "0275a889-12d2-4b9b-8033-1e705d0da5bd", "play": "deploy VM", "play_uuid": "fdd0ceb1-9916-6d52-e22d-000000000006", "play_pattern": "localhost", "task": "Clone VM from base_image", "task_uuid": "fdd0ceb1-9916-6d52-e22d-000000000008", "task_action": "command", "resolved_action": "command", "task_args": "", "task_path": "/home/csc792/eBPF-xDP/southbound/vm_create.yml:9", "name": "Clone VM from base_image", "is_conditional": false, "uuid": "fdd0ceb1-9916-6d52-e22d-000000000008"}}