{"uuid": "bc3d3f09-b4f9-4957-a40a-108f9862b9f1", "counter": 7, "stdout": "", "start_line": 7, "end_line": 7, "runner_ident": "43c719cf-93eb-40ab-9f5a-3e29ecbc984b", "event": "runner_on_start", "pid": 243275, "created": "2023-04-22T16:48:52.320259", "parent_uuid": "fdd0ceb1-9916-6d52-e22d-000000000008", "event_data": {"playbook": "vm_create.yml", "playbook_uuid": "0275a889-12d2-4b9b-8033-1e705d0da5bd", "play": "deploy VM", "play_uuid": "fdd0ceb1-9916-6d52-e22d-000000000006", "play_pattern": "localhost", "task": "Clone VM from base_image", "task_uuid": "fdd0ceb1-9916-6d52-e22d-000000000008", "task_action": "command", "resolved_action": "command", "task_args": "", "task_path": "/home/csc792/eBPF-xDP/southbound/vm_create.yml:9", "host": "localhost", "uuid": "bc3d3f09-b4f9-4957-a40a-108f9862b9f1"}}