{"uuid": "10bda101-631c-4149-927c-8a5543784132", "counter": 8, "stdout": "\u001b[0;31mfatal: [localhost]: FAILED! => {\"changed\": true, \"cmd\": [\"virt-clone\", \"--original\", \"base-vm\", \"--name\", \"tenant6-vm3\", \"--auto-clone\"], \"delta\": \"0:00:00.227891\", \"end\": \"2023-04-22 16:48:52.841695\", \"msg\": \"non-zero return code\", \"rc\": 1, \"start\": \"2023-04-22 16:48:52.613804\", \"stderr\": \"ERROR    Invalid name for new guest: Guest name 'tenant6-vm3' is already in use.\", \"stderr_lines\": [\"ERROR    Invalid name for new guest: Guest name 'tenant6-vm3' is already in use.\"], \"stdout\": \"\", \"stdout_lines\": []}\u001b[0m\r\n\u001b[0;31m\u001b[0m", "start_line": 7, "end_line": 8, "runner_ident": "43c719cf-93eb-40ab-9f5a-3e29ecbc984b", "event": "runner_on_failed", "pid": 243275, "created": "2023-04-22T16:48:52.861429", "parent_uuid": "fdd0ceb1-9916-6d52-e22d-000000000008", "event_data": {"playbook": "vm_create.yml", "playbook_uuid": "0275a889-12d2-4b9b-8033-1e705d0da5bd", "play": "deploy VM", "play_uuid": "fdd0ceb1-9916-6d52-e22d-000000000006", "play_pattern": "localhost", "task": "Clone VM from base_image", "task_uuid": "fdd0ceb1-9916-6d52-e22d-000000000008", "task_action": "command", "resolved_action": "command", "task_args": "", "task_path": "/home/csc792/eBPF-xDP/southbound/vm_create.yml:9", "host": "localhost", "remote_addr": "127.0.0.1", "res": {"msg": "non-zero return code", "cmd": ["virt-clone", "--original", "base-vm", "--name", "tenant6-vm3", "--auto-clone"], "stdout": "", "stderr": "ERROR    Invalid name for new guest: Guest name 'tenant6-vm3' is already in use.", "rc": 1, "start": "2023-04-22 16:48:52.613804", "end": "2023-04-22 16:48:52.841695", "delta": "0:00:00.227891", "changed": true, "invocation": {"module_args": {"_raw_params": "virt-clone --original base-vm --name tenant6-vm3 --auto-clone", "warn": true, "_uses_shell": false, "stdin_add_newline": true, "strip_empty_ends": true, "argv": null, "chdir": null, "executable": null, "creates": null, "removes": null, "stdin": null}}, "stdout_lines": [], "stderr_lines": ["ERROR    Invalid name for new guest: Guest name 'tenant6-vm3' is already in use."], "_ansible_no_log": false}, "start": "2023-04-22T16:48:52.320195", "end": "2023-04-22T16:48:52.861224", "duration": 0.541029, "ignore_errors": null, "event_loop": null, "uuid": "10bda101-631c-4149-927c-8a5543784132"}}