{"uuid": "49215afc-c55b-4673-9f8e-76209774d509", "counter": 9, "stdout": "\r\nPLAY RECAP *********************************************************************\r\n\u001b[0;31mlocalhost\u001b[0m                  : \u001b[0;32mok=1   \u001b[0m changed=0    unreachable=0    \u001b[0;31mfailed=1   \u001b[0m skipped=0    rescued=0    ignored=0   ", "start_line": 8, "end_line": 12, "runner_ident": "43c719cf-93eb-40ab-9f5a-3e29ecbc984b", "event": "playbook_on_stats", "pid": 243275, "created": "2023-04-22T16:48:52.863398", "parent_uuid": "0275a889-12d2-4b9b-8033-1e705d0da5bd", "event_data": {"playbook": "vm_create.yml", "playbook_uuid": "0275a889-12d2-4b9b-8033-1e705d0da5bd", "changed": {}, "dark": {}, "failures": {"localhost": 1}, "ignored": {}, "ok": {"localhost": 1}, "processed": {"localhost": 1}, "rescued": {}, "skipped": {}, "artifact_data": {}, "uuid": "49215afc-c55b-4673-9f8e-76209774d509"}}