{"uuid": "650b70dc-ea24-4b12-a979-f095dc070a90", "counter": 10, "stdout": "", "start_line": 10, "end_line": 10, "runner_ident": "356676d9-2985-495c-ad42-1dc561d5a80a", "event": "runner_on_start", "pid": 241717, "created": "2023-04-22T16:47:44.145421", "parent_uuid": "fdd0ceb1-9916-68e6-42c6-000000000009", "event_data": {"playbook": "vm_create.yml", "playbook_uuid": "4eaabf42-796c-4026-9545-3fdf829c1f5a", "play": "deploy VM", "play_uuid": "fdd0ceb1-9916-68e6-42c6-000000000006", "play_pattern": "localhost", "task": "Undefine cloned image", "task_uuid": "fdd0ceb1-9916-68e6-42c6-000000000009", "task_action": "command", "resolved_action": "command", "task_args": "", "task_path": "/home/csc792/eBPF-xDP/southbound/vm_create.yml:13", "host": "localhost", "uuid": "650b70dc-ea24-4b12-a979-f095dc070a90"}}