{"uuid": "5b3966ca-bf3b-4a4b-b9b8-4d0b4e9990b8", "counter": 11, "stdout": "\u001b[0;33mchanged: [localhost]\u001b[0m\r\n\u001b[0;33m\u001b[0m", "start_line": 10, "end_line": 11, "runner_ident": "356676d9-2985-495c-ad42-1dc561d5a80a", "event": "runner_on_ok", "pid": 241717, "created": "2023-04-22T16:47:44.410653", "parent_uuid": "fdd0ceb1-9916-68e6-42c6-000000000009", "event_data": {"playbook": "vm_create.yml", "playbook_uuid": "4eaabf42-796c-4026-9545-3fdf829c1f5a", "play": "deploy VM", "play_uuid": "fdd0ceb1-9916-68e6-42c6-000000000006", "play_pattern": "localhost", "task": "Undefine cloned image", "task_uuid": "fdd0ceb1-9916-68e6-42c6-000000000009", "task_action": "command", "resolved_action": "command", "task_args": "", "task_path": "/home/csc792/eBPF-xDP/southbound/vm_create.yml:13", "host": "localhost", "remote_addr": "127.0.0.1", "res": {"cmd": ["virsh", "undefine", "tenant6-vm3"], "stdout": "Domain tenant6-vm3 has been undefined", "stderr": "", "rc": 0, "start": "2023-04-22 16:47:44.371174", "end": "2023-04-22 16:47:44.390403", "delta": "0:00:00.019229", "changed": true, "invocation": {"module_args": {"_raw_params": "virsh undefine tenant6-vm3", "warn": true, "_uses_shell": false, "stdin_add_newline": true, "strip_empty_ends": true, "argv": null, "chdir": null, "executable": null, "creates": null, "removes": null, "stdin": null}}, "stdout_lines": ["Domain tenant6-vm3 has been undefined"], "stderr_lines": [], "_ansible_no_log": false}, "start": "2023-04-22T16:47:44.145357", "end": "2023-04-22T16:47:44.410440", "duration": 0.265083, "event_loop": null, "uuid": "5b3966ca-bf3b-4a4b-b9b8-4d0b4e9990b8"}}