{"uuid": "fdd0ceb1-9916-68e6-42c6-00000000000a", "counter": 12, "stdout": "\r\nTASK [Define new VM] ***********************************************************", "start_line": 11, "end_line": 13, "runner_ident": "356676d9-2985-495c-ad42-1dc561d5a80a", "event": "playbook_on_task_start", "pid": 241717, "created": "2023-04-22T16:47:44.426277", "parent_uuid": "fdd0ceb1-9916-68e6-42c6-000000000006", "event_data": {"playbook": "vm_create.yml", "playbook_uuid": "4eaabf42-796c-4026-9545-3fdf829c1f5a", "play": "deploy VM", "play_uuid": "fdd0ceb1-9916-68e6-42c6-000000000006", "play_pattern": "localhost", "task": "Define new VM", "task_uuid": "fdd0ceb1-9916-68e6-42c6-00000000000a", "task_action": "community.libvirt.virt", "resolved_action": "community.libvirt.virt", "task_args": "", "task_path": "/home/csc792/eBPF-xDP/southbound/vm_create.yml:17", "name": "Define new VM", "is_conditional": false, "uuid": "fdd0ceb1-9916-68e6-42c6-00000000000a"}}