{"uuid": "864920fd-d9b6-4bc8-bbb1-50f20f0181c8", "counter": 13, "stdout": "", "start_line": 13, "end_line": 13, "runner_ident": "356676d9-2985-495c-ad42-1dc561d5a80a", "event": "runner_on_start", "pid": 241717, "created": "2023-04-22T16:47:44.427044", "parent_uuid": "fdd0ceb1-9916-68e6-42c6-00000000000a", "event_data": {"playbook": "vm_create.yml", "playbook_uuid": "4eaabf42-796c-4026-9545-3fdf829c1f5a", "play": "deploy VM", "play_uuid": "fdd0ceb1-9916-68e6-42c6-000000000006", "play_pattern": "localhost", "task": "Define new VM", "task_uuid": "fdd0ceb1-9916-68e6-42c6-00000000000a", "task_action": "community.libvirt.virt", "resolved_action": "community.libvirt.virt", "task_args": "", "task_path": "/home/csc792/eBPF-xDP/southbound/vm_create.yml:17", "host": "localhost", "uuid": "864920fd-d9b6-4bc8-bbb1-50f20f0181c8"}}