{"uuid": "fce1c038-2ee6-42a1-9ca1-8b32d6d1fa82", "counter": 17, "stdout": "\u001b[0;33mchanged: [localhost]\u001b[0m\r\n\u001b[0;33m\u001b[0m", "start_line": 16, "end_line": 17, "runner_ident": "356676d9-2985-495c-ad42-1dc561d5a80a", "event": "runner_on_ok", "pid": 241717, "created": "2023-04-22T16:48:26.482995", "parent_uuid": "fdd0ceb1-9916-68e6-42c6-00000000000b", "event_data": {"playbook": "vm_create.yml", "playbook_uuid": "4eaabf42-796c-4026-9545-3fdf829c1f5a", "play": "deploy VM", "play_uuid": "fdd0ceb1-9916-68e6-42c6-000000000006", "play_pattern": "localhost", "task": "Reset Cloned VM parameters", "task_uuid": "fdd0ceb1-9916-68e6-42c6-00000000000b", "task_action": "command", "resolved_action": "command", "task_args": "", "task_path": "/home/csc792/eBPF-xDP/southbound/vm_create.yml:22", "host": "localhost", "remote_addr": "127.0.0.1", "res": {"cmd": ["virt-sysprep", "-d", "tenant6-vm3", "--hostname", "tenant6-vm3"], "stdout": "[   0.0] Examining the guest ...\n[  26.3] Performing \"abrt-data\" ...\n[  26.3] Performing \"backup-files\" ...\n[  26.8] Performing \"bash-history\" ...\n[  26.8] Performing \"blkid-tab\" ...\n[  26.8] Performing \"crash-data\" ...\n[  26.9] Performing \"cron-spool\" ...\n[  26.9] Performing \"dhcp-client-state\" ...\n[  26.9] Performing \"dhcp-server-state\" ...\n[  26.9] Performing \"dovecot-data\" ...\n[  26.9] Performing \"logfiles\" ...\n[  27.0] Performing \"machine-id\" ...\n[  27.1] Performing \"mail-spool\" ...\n[  27.1] Performing \"net-hostname\" ...\n[  27.1] Performing \"net-hwaddr\" ...\n[  27.1] Performing \"pacct-log\" ...\n[  27.2] Performing \"package-manager-cache\" ...\n[  27.2] Performing \"pam-data\" ...\n[  27.2] Performing \"passwd-backups\" ...\n[  27.2] Performing \"puppet-data-log\" ...\n[  27.2] Performing \"rh-subscription-manager\" ...\n[  27.3] Performing \"rhn-systemid\" ...\n[  27.3] Performing \"rpm-db\" ...\n[  27.3] Performing \"samba-db-log\" ...\n[  27.3] Performing \"script\" ...\n[  27.3] Performing \"smolt-uuid\" ...\n[  27.4] Performing \"ssh-hostkeys\" ...\n[  27.4] Performing \"ssh-userdir\" ...\n[  27.4] Performing \"sssd-db-log\" ...\n[  27.4] Performing \"tmp-files\" ...\n[  27.4] Performing \"udev-persistent-net\" ...\n[  27.5] Performing \"utmp\" ...\n[  27.5] Performing \"yum-uuid\" ...\n[  27.5] Performing \"customize\" ...\n[  27.5] Setting a random seed\n[  27.5] Setting the machine ID in /etc/machine-id\n[  27.5] Setting the hostname: tenant6-vm3\n[  28.7] Performing \"lvm-uuids\" ...", "stderr": "", "rc": 0, "start": "2023-04-22 16:47:57.027644", "end": "2023-04-22 16:48:26.461458", "delta": "0:00:29.433814", "changed": true, "invocation": {"module_args": {"_raw_params": "virt-sysprep -d tenant6-vm3 --hostname tenant6-vm3", "warn": true, "_uses_shell": false, "stdin_add_newline": true, "strip_empty_ends": true, "argv": null, "chdir": null, "executable": null, "creates": null, "removes": null, "stdin": null}}, "stdout_lines": ["[   0.0] Examining the guest ...", "[  26.3] Performing \"abrt-data\" ...", "[  26.3] Performing \"backup-files\" ...", "[  26.8] Performing \"bash-history\" ...", "[  26.8] Performing \"blkid-tab\" ...", "[  26.8] Performing \"crash-data\" ...", "[  26.9] Performing \"cron-spool\" ...", "[  26.9] Performing \"dhcp-client-state\" ...", "[  26.9] Performing \"dhcp-server-state\" ...", "[  26.9] Performing \"dovecot-data\" ...", "[  26.9] Performing \"logfiles\" ...", "[  27.0] Performing \"machine-id\" ...", "[  27.1] Performing \"mail-spool\" ...", "[  27.1] Performing \"net-hostname\" ...", "[  27.1] Performing \"net-hwaddr\" ...", "[  27.1] Performing \"pacct-log\" ...", "[  27.2] Performing \"package-manager-cache\" ...", "[  27.2] Performing \"pam-data\" ...", "[  27.2] Performing \"passwd-backups\" ...", "[  27.2] Performing \"puppet-data-log\" ...", "[  27.2] Performing \"rh-subscription-manager\" ...", "[  27.3] Performing \"rhn-systemid\" ...", "[  27.3] Performing \"rpm-db\" ...", "[  27.3] Performing \"samba-db-log\" ...", "[  27.3] Performing \"script\" ...", "[  27.3] Performing \"smolt-uuid\" ...", "[  27.4] Performing \"ssh-hostkeys\" ...", "[  27.4] Performing \"ssh-userdir\" ...", "[  27.4] Performing \"sssd-db-log\" ...", "[  27.4] Performing \"tmp-files\" ...", "[  27.4] Performing \"udev-persistent-net\" ...", "[  27.5] Performing \"utmp\" ...", "[  27.5] Performing \"yum-uuid\" ...", "[  27.5] Performing \"customize\" ...", "[  27.5] Setting a random seed", "[  27.5] Setting the machine ID in /etc/machine-id", "[  27.5] Setting the hostname: tenant6-vm3", "[  28.7] Performing \"lvm-uuids\" ..."], "stderr_lines": [], "_ansible_no_log": false}, "start": "2023-04-22T16:47:56.840351", "end": "2023-04-22T16:48:26.482586", "duration": 29.642235, "event_loop": null, "uuid": "fce1c038-2ee6-42a1-9ca1-8b32d6d1fa82"}}