{"uuid": "8b4eb245-bb25-4475-bd62-372f7b389d7c", "counter": 19, "stdout": "", "start_line": 19, "end_line": 19, "runner_ident": "356676d9-2985-495c-ad42-1dc561d5a80a", "event": "runner_on_start", "pid": 241717, "created": "2023-04-22T16:48:26.498985", "parent_uuid": "fdd0ceb1-9916-68e6-42c6-00000000000c", "event_data": {"playbook": "vm_create.yml", "playbook_uuid": "4eaabf42-796c-4026-9545-3fdf829c1f5a", "play": "deploy VM", "play_uuid": "fdd0ceb1-9916-68e6-42c6-000000000006", "play_pattern": "localhost", "task": "Start the new VM", "task_uuid": "fdd0ceb1-9916-68e6-42c6-00000000000c", "task_action": "community.libvirt.virt", "resolved_action": "community.libvirt.virt", "task_args": "", "task_path": "/home/csc792/eBPF-xDP/southbound/vm_create.yml:26", "host": "localhost", "uuid": "8b4eb245-bb25-4475-bd62-372f7b389d7c"}}