{"uuid": "fdd0ceb1-9916-68e6-42c6-000000000006", "counter": 2, "stdout": "\r\nPLAY [deploy VM] ***************************************************************", "start_line": 0, "end_line": 2, "runner_ident": "356676d9-2985-495c-ad42-1dc561d5a80a", "event": "playbook_on_play_start", "pid": 241717, "created": "2023-04-22T16:47:33.948123", "parent_uuid": "4eaabf42-796c-4026-9545-3fdf829c1f5a", "event_data": {"playbook": "vm_create.yml", "playbook_uuid": "4eaabf42-796c-4026-9545-3fdf829c1f5a", "play": "deploy VM", "play_uuid": "fdd0ceb1-9916-68e6-42c6-000000000006", "play_pattern": "localhost", "name": "deploy VM", "pattern": "localhost", "uuid": "fdd0ceb1-9916-68e6-42c6-000000000006"}}