{"uuid": "f68f0f0b-3053-49ed-b92e-7ba99fb63d6b", "counter": 20, "stdout": "\u001b[0;32mok: [localhost]\u001b[0m\r\n\u001b[0;32m\u001b[0m", "start_line": 19, "end_line": 20, "runner_ident": "356676d9-2985-495c-ad42-1dc561d5a80a", "event": "runner_on_ok", "pid": 241717, "created": "2023-04-22T16:48:27.779035", "parent_uuid": "fdd0ceb1-9916-68e6-42c6-00000000000c", "event_data": {"playbook": "vm_create.yml", "playbook_uuid": "4eaabf42-796c-4026-9545-3fdf829c1f5a", "play": "deploy VM", "play_uuid": "fdd0ceb1-9916-68e6-42c6-000000000006", "play_pattern": "localhost", "task": "Start the new VM", "task_uuid": "fdd0ceb1-9916-68e6-42c6-00000000000c", "task_action": "community.libvirt.virt", "resolved_action": "community.libvirt.virt", "task_args": "", "task_path": "/home/csc792/eBPF-xDP/southbound/vm_create.yml:26", "host": "localhost", "remote_addr": "127.0.0.1", "res": {"start": 0, "invocation": {"module_args": {"command": "start", "name": "tenant6-vm3", "uri": "qemu:///system", "state": null, "autostart": null, "xml": null}}, "_ansible_no_log": false, "changed": false}, "start": "2023-04-22T16:48:26.498895", "end": "2023-04-22T16:48:27.778820", "duration": 1.279925, "event_loop": null, "uuid": "f68f0f0b-3053-49ed-b92e-7ba99fb63d6b"}}