{"uuid": "d7f77e4b-e66f-44cf-9369-ce0bac9863b6", "counter": 22, "stdout": "", "start_line": 22, "end_line": 22, "runner_ident": "356676d9-2985-495c-ad42-1dc561d5a80a", "event": "runner_on_start", "pid": 241717, "created": "2023-04-22T16:48:27.802543", "parent_uuid": "fdd0ceb1-9916-68e6-42c6-00000000000d", "event_data": {"playbook": "vm_create.yml", "playbook_uuid": "4eaabf42-796c-4026-9545-3fdf829c1f5a", "play": "deploy VM", "play_uuid": "fdd0ceb1-9916-68e6-42c6-000000000006", "play_pattern": "localhost", "task": "Validate VM's is state", "task_uuid": "fdd0ceb1-9916-68e6-42c6-00000000000d", "task_action": "community.libvirt.virt", "resolved_action": "community.libvirt.virt", "task_args": "", "task_path": "/home/csc792/eBPF-xDP/southbound/vm_create.yml:31", "host": "localhost", "uuid": "d7f77e4b-e66f-44cf-9369-ce0bac9863b6"}}