{"uuid": "01d721e8-855c-414f-b37f-69a82274d7e4", "counter": 23, "stdout": "\u001b[0;32mok: [localhost]\u001b[0m\r\n\u001b[0;32m\u001b[0m", "start_line": 22, "end_line": 23, "runner_ident": "356676d9-2985-495c-ad42-1dc561d5a80a", "event": "runner_on_ok", "pid": 241717, "created": "2023-04-22T16:48:28.039906", "parent_uuid": "fdd0ceb1-9916-68e6-42c6-00000000000d", "event_data": {"playbook": "vm_create.yml", "playbook_uuid": "4eaabf42-796c-4026-9545-3fdf829c1f5a", "play": "deploy VM", "play_uuid": "fdd0ceb1-9916-68e6-42c6-000000000006", "play_pattern": "localhost", "task": "Validate VM's is state", "task_uuid": "fdd0ceb1-9916-68e6-42c6-00000000000d", "task_action": "community.libvirt.virt", "resolved_action": "community.libvirt.virt", "task_args": "", "task_path": "/home/csc792/eBPF-xDP/southbound/vm_create.yml:31", "host": "localhost", "remote_addr": "127.0.0.1", "res": {"invocation": {"module_args": {"name": "tenant6-vm3", "state": "running", "uri": "qemu:///system", "autostart": null, "command": null, "xml": null}}, "_ansible_no_log": false, "changed": false}, "start": "2023-04-22T16:48:27.802451", "end": "2023-04-22T16:48:28.039650", "duration": 0.237199, "event_loop": null, "uuid": "01d721e8-855c-414f-b37f-69a82274d7e4"}}