{"uuid": "cf7e4055-dfbc-4ff7-bc01-2a77c2be1861", "counter": 24, "stdout": "\r\nPLAY RECAP *********************************************************************\r\n\u001b[0;33mlocalhost\u001b[0m                  : \u001b[0;32mok=7   \u001b[0m \u001b[0;33mchanged=4   \u001b[0m unreachable=0    failed=0    skipped=0    rescued=0    ignored=0   ", "start_line": 23, "end_line": 27, "runner_ident": "356676d9-2985-495c-ad42-1dc561d5a80a", "event": "playbook_on_stats", "pid": 241717, "created": "2023-04-22T16:48:28.042890", "parent_uuid": "4eaabf42-796c-4026-9545-3fdf829c1f5a", "event_data": {"playbook": "vm_create.yml", "playbook_uuid": "4eaabf42-796c-4026-9545-3fdf829c1f5a", "changed": {"localhost": 4}, "dark": {}, "failures": {}, "ignored": {}, "ok": {"localhost": 7}, "processed": {"localhost": 1}, "rescued": {}, "skipped": {}, "artifact_data": {}, "uuid": "cf7e4055-dfbc-4ff7-bc01-2a77c2be1861"}}