{"uuid": "ec47afe4-df96-4ff8-849d-4fc39ae38c55", "counter": 4, "stdout": "", "start_line": 4, "end_line": 4, "runner_ident": "356676d9-2985-495c-ad42-1dc561d5a80a", "event": "runner_on_start", "pid": 241717, "created": "2023-04-22T16:47:33.960010", "parent_uuid": "fdd0ceb1-9916-68e6-42c6-000000000012", "event_data": {"playbook": "vm_create.yml", "playbook_uuid": "4eaabf42-796c-4026-9545-3fdf829c1f5a", "play": "deploy VM", "play_uuid": "fdd0ceb1-9916-68e6-42c6-000000000006", "play_pattern": "localhost", "task": "Gathering Facts", "task_uuid": "fdd0ceb1-9916-68e6-42c6-000000000012", "task_action": "gather_facts", "resolved_action": "gather_facts", "task_args": "", "task_path": "/home/csc792/eBPF-xDP/southbound/vm_create.yml:1", "host": "localhost", "uuid": "ec47afe4-df96-4ff8-849d-4fc39ae38c55"}}