{"uuid": "657e2876-499c-4a8e-947b-0b4323227620", "counter": 7, "stdout": "", "start_line": 7, "end_line": 7, "runner_ident": "356676d9-2985-495c-ad42-1dc561d5a80a", "event": "runner_on_start", "pid": 241717, "created": "2023-04-22T16:47:35.394188", "parent_uuid": "fdd0ceb1-9916-68e6-42c6-000000000008", "event_data": {"playbook": "vm_create.yml", "playbook_uuid": "4eaabf42-796c-4026-9545-3fdf829c1f5a", "play": "deploy VM", "play_uuid": "fdd0ceb1-9916-68e6-42c6-000000000006", "play_pattern": "localhost", "task": "Clone VM from base_image", "task_uuid": "fdd0ceb1-9916-68e6-42c6-000000000008", "task_action": "command", "resolved_action": "command", "task_args": "", "task_path": "/home/csc792/eBPF-xDP/southbound/vm_create.yml:9", "host": "localhost", "uuid": "657e2876-499c-4a8e-947b-0b4323227620"}}