{"uuid": "a561876d-e3dc-45c1-958d-aec390f40d5d", "counter": 8, "stdout": "\u001b[0;33mchanged: [localhost]\u001b[0m\r\n\u001b[0;33m\u001b[0m", "start_line": 7, "end_line": 8, "runner_ident": "356676d9-2985-495c-ad42-1dc561d5a80a", "event": "runner_on_ok", "pid": 241717, "created": "2023-04-22T16:47:44.125704", "parent_uuid": "fdd0ceb1-9916-68e6-42c6-000000000008", "event_data": {"playbook": "vm_create.yml", "playbook_uuid": "4eaabf42-796c-4026-9545-3fdf829c1f5a", "play": "deploy VM", "play_uuid": "fdd0ceb1-9916-68e6-42c6-000000000006", "play_pattern": "localhost", "task": "Clone VM from base_image", "task_uuid": "fdd0ceb1-9916-68e6-42c6-000000000008", "task_action": "command", "resolved_action": "command", "task_args": "", "task_path": "/home/csc792/eBPF-xDP/southbound/vm_create.yml:9", "host": "localhost", "remote_addr": "127.0.0.1", "res": {"cmd": ["virt-clone", "--original", "base-vm", "--name", "tenant6-vm3", "--auto-clone"], "stdout": "\rAllocating 'tenant6-vm3.im  5% [-                ]    0 B/s | 601 MB  --:-- ETA \r\rAllocating 'tenant6-vm3.im 10% [=-               ] 202 MB/s | 1.0 GB  00:45 ETA \r\rAllocating 'tenant6-vm3.im 14% [==               ] 242 MB/s | 1.4 GB  00:36 ETA \r\rAllocating 'tenant6-vm3.im 18% [===              ] 291 MB/s | 1.9 GB  00:28 ETA \r\rAllocating 'tenant6-vm3.im 23% [===-             ] 321 MB/s | 2.3 GB  00:24 ETA \r\rAllocating 'tenant6-vm3.im 27% [====-            ] 350 MB/s | 2.8 GB  00:21 ETA \r\rAllocating 'tenant6-vm3.im 31% [=====            ] 349 MB/s | 3.1 GB  00:20 ETA \r\rAllocating 'tenant6-vm3.img'                                |  10 GB  00:08     \n\nClone 'tenant6-vm3' created successfully.", "stderr": "", "rc": 0, "start": "2023-04-22 16:47:35.671962", "end": "2023-04-22 16:47:44.079917", "delta": "0:00:08.407955", "changed": true, "invocation": {"module_args": {"_raw_params": "virt-clone --original base-vm --name tenant6-vm3 --auto-clone", "warn": true, "_uses_shell": false, "stdin_add_newline": true, "strip_empty_ends": true, "argv": null, "chdir": null, "executable": null, "creates": null, "removes": null, "stdin": null}}, "stdout_lines": ["", "Allocating 'tenant6-vm3.im  5% [-                ]    0 B/s | 601 MB  --:-- ETA ", "", "Allocating 'tenant6-vm3.im 10% [=-               ] 202 MB/s | 1.0 GB  00:45 ETA ", "", "Allocating 'tenant6-vm3.im 14% [==               ] 242 MB/s | 1.4 GB  00:36 ETA ", "", "Allocating 'tenant6-vm3.im 18% [===              ] 291 MB/s | 1.9 GB  00:28 ETA ", "", "Allocating 'tenant6-vm3.im 23% [===-             ] 321 MB/s | 2.3 GB  00:24 ETA ", "", "Allocating 'tenant6-vm3.im 27% [====-            ] 350 MB/s | 2.8 GB  00:21 ETA ", "", "Allocating 'tenant6-vm3.im 31% [=====            ] 349 MB/s | 3.1 GB  00:20 ETA ", "", "Allocating 'tenant6-vm3.img'                                |  10 GB  00:08     ", "", "Clone 'tenant6-vm3' created successfully."], "stderr_lines": [], "_ansible_no_log": false}, "start": "2023-04-22T16:47:35.394108", "end": "2023-04-22T16:47:44.125386", "duration": 8.731278, "event_loop": null, "uuid": "a561876d-e3dc-45c1-958d-aec390f40d5d"}}