{"uuid": "fdd0ceb1-9916-68e6-42c6-000000000009", "counter": 9, "stdout": "\r\nTASK [Undefine cloned image] ***************************************************", "start_line": 8, "end_line": 10, "runner_ident": "356676d9-2985-495c-ad42-1dc561d5a80a", "event": "playbook_on_task_start", "pid": 241717, "created": "2023-04-22T16:47:44.144855", "parent_uuid": "fdd0ceb1-9916-68e6-42c6-000000000006", "event_data": {"playbook": "vm_create.yml", "playbook_uuid": "4eaabf42-796c-4026-9545-3fdf829c1f5a", "play": "deploy VM", "play_uuid": "fdd0ceb1-9916-68e6-42c6-000000000006", "play_pattern": "localhost", "task": "Undefine cloned image", "task_uuid": "fdd0ceb1-9916-68e6-42c6-000000000009", "task_action": "command", "resolved_action": "command", "task_args": "", "task_path": "/home/csc792/eBPF-xDP/southbound/vm_create.yml:13", "name": "Undefine cloned image", "is_conditional": false, "uuid": "fdd0ceb1-9916-68e6-42c6-000000000009"}}