{"uuid": "fdd0ceb1-9916-1b96-eef0-000000000008", "counter": 11, "stdout": "\r\nTASK [Create XML file for the network] *****************************************", "start_line": 9, "end_line": 11, "runner_ident": "95c30186-573e-44d4-8656-7ea873212801", "event": "playbook_on_task_start", "pid": 233283, "created": "2023-04-22T16:23:36.265799", "parent_uuid": "fdd0ceb1-9916-1b96-eef0-000000000006", "event_data": {"playbook": "network_create.yml", "playbook_uuid": "4f3226d1-c138-4cfc-9590-8a3408482357", "play": "localhost", "play_uuid": "fdd0ceb1-9916-1b96-eef0-000000000006", "play_pattern": "localhost", "task": "Create XML file for the network", "task_uuid": "fdd0ceb1-9916-1b96-eef0-000000000008", "task_action": "copy", "resolved_action": "copy", "task_args": "", "task_path": "/home/csc792/eBPF-xDP/southbound/network_create.yml:19", "name": "Create XML file for the network", "is_conditional": false, "uuid": "fdd0ceb1-9916-1b96-eef0-000000000008"}}