{"uuid": "3c4cb0d9-e93c-487f-a8f8-c7b5b1d86082", "counter": 13, "stdout": "\u001b[0;33mchanged: [localhost]\u001b[0m\r\n\u001b[0;33m\u001b[0m", "start_line": 11, "end_line": 12, "runner_ident": "95c30186-573e-44d4-8656-7ea873212801", "event": "runner_on_ok", "pid": 233283, "created": "2023-04-22T16:23:36.834775", "parent_uuid": "fdd0ceb1-9916-1b96-eef0-000000000008", "event_data": {"playbook": "network_create.yml", "playbook_uuid": "4f3226d1-c138-4cfc-9590-8a3408482357", "play": "localhost", "play_uuid": "fdd0ceb1-9916-1b96-eef0-000000000006", "play_pattern": "localhost", "task": "Create XML file for the network", "task_uuid": "fdd0ceb1-9916-1b96-eef0-000000000008", "task_action": "copy", "resolved_action": "copy", "task_args": "", "task_path": "/home/csc792/eBPF-xDP/southbound/network_create.yml:19", "host": "localhost", "remote_addr": "127.0.0.1", "res": {"diff": [], "dest": "/etc/libvirt/qemu/networks/tenant6tenet1.xml", "src": "/home/csc792/.ansible/tmp/ansible-tmp-1682180616.3070507-24650413811344/source", "md5sum": "b45eef039f908b37d9f909db265853eb", "checksum": "f50b7f1918908ba83232273f3dacfd4b4dccf446", "changed": true, "uid": 0, "gid": 0, "owner": "root", "group": "root", "mode": "0644", "state": "file", "size": 104, "invocation": {"module_args": {"dest": "/etc/libvirt/qemu/networks/tenant6tenet1.xml", "src": "/home/csc792/.ansible/tmp/ansible-tmp-1682180616.3070507-24650413811344/source", "_original_basename": "tmpp_1701hv", "follow": false, "checksum": "f50b7f1918908ba83232273f3dacfd4b4dccf446", "backup": false, "force": true, "content": null, "validate": null, "directory_mode": null, "remote_src": null, "local_follow": null, "mode": null, "owner": null, "group": null, "seuser": null, "serole": null, "selevel": null, "setype": null, "attributes": null, "regexp": null, "delimiter": null, "unsafe_writes": null}}, "_ansible_no_log": false}, "start": "2023-04-22T16:23:36.266253", "end": "2023-04-22T16:23:36.834548", "duration": 0.568295, "event_loop": null, "uuid": "3c4cb0d9-e93c-487f-a8f8-c7b5b1d86082"}}