{"uuid": "cd027594-a7fb-4e66-a66c-c4d257ff1f5e", "counter": 15, "stdout": "", "start_line": 14, "end_line": 14, "runner_ident": "95c30186-573e-44d4-8656-7ea873212801", "event": "runner_on_start", "pid": 233283, "created": "2023-04-22T16:23:36.847714", "parent_uuid": "fdd0ceb1-9916-1b96-eef0-000000000009", "event_data": {"playbook": "network_create.yml", "playbook_uuid": "4f3226d1-c138-4cfc-9590-8a3408482357", "play": "localhost", "play_uuid": "fdd0ceb1-9916-1b96-eef0-000000000006", "play_pattern": "localhost", "task": "define the created switch network", "task_uuid": "fdd0ceb1-9916-1b96-eef0-000000000009", "task_action": "command", "resolved_action": "command", "task_args": "", "task_path": "/home/csc792/eBPF-xDP/southbound/network_create.yml:25", "host": "localhost", "uuid": "cd027594-a7fb-4e66-a66c-c4d257ff1f5e"}}