{"uuid": "a15749a3-5d3f-4a7b-b91f-f3a8902872b6", "counter": 16, "stdout": "\u001b[0;33mchanged: [localhost]\u001b[0m\r\n\u001b[0;33m\u001b[0m", "start_line": 14, "end_line": 15, "runner_ident": "95c30186-573e-44d4-8656-7ea873212801", "event": "runner_on_ok", "pid": 233283, "created": "2023-04-22T16:23:38.153457", "parent_uuid": "fdd0ceb1-9916-1b96-eef0-000000000009", "event_data": {"playbook": "network_create.yml", "playbook_uuid": "4f3226d1-c138-4cfc-9590-8a3408482357", "play": "localhost", "play_uuid": "fdd0ceb1-9916-1b96-eef0-000000000006", "play_pattern": "localhost", "task": "define the created switch network", "task_uuid": "fdd0ceb1-9916-1b96-eef0-000000000009", "task_action": "command", "resolved_action": "command", "task_args": "", "task_path": "/home/csc792/eBPF-xDP/southbound/network_create.yml:25", "host": "localhost", "remote_addr": "127.0.0.1", "res": {"cmd": ["virsh", "net-define", "/etc/libvirt/qemu/networks/tenant6tenet1.xml"], "stdout": "Network tenant6tenet1 defined from /etc/libvirt/qemu/networks/tenant6tenet1.xml", "stderr": "", "rc": 0, "start": "2023-04-22 16:23:37.112383", "end": "2023-04-22 16:23:38.132847", "delta": "0:00:01.020464", "changed": true, "invocation": {"module_args": {"_raw_params": "virsh net-define /etc/libvirt/qemu/networks/tenant6tenet1.xml", "warn": true, "_uses_shell": false, "stdin_add_newline": true, "strip_empty_ends": true, "argv": null, "chdir": null, "executable": null, "creates": null, "removes": null, "stdin": null}}, "stdout_lines": ["Network tenant6tenet1 defined from /etc/libvirt/qemu/networks/tenant6tenet1.xml"], "stderr_lines": [], "_ansible_no_log": false}, "start": "2023-04-22T16:23:36.847648", "end": "2023-04-22T16:23:38.153247", "duration": 1.305599, "event_loop": null, "uuid": "a15749a3-5d3f-4a7b-b91f-f3a8902872b6"}}