{"uuid": "fdd0ceb1-9916-1b96-eef0-00000000000a", "counter": 17, "stdout": "\r\nTASK [start bridge network] ****************************************************", "start_line": 15, "end_line": 17, "runner_ident": "95c30186-573e-44d4-8656-7ea873212801", "event": "playbook_on_task_start", "pid": 233283, "created": "2023-04-22T16:23:38.164990", "parent_uuid": "fdd0ceb1-9916-1b96-eef0-000000000006", "event_data": {"playbook": "network_create.yml", "playbook_uuid": "4f3226d1-c138-4cfc-9590-8a3408482357", "play": "localhost", "play_uuid": "fdd0ceb1-9916-1b96-eef0-000000000006", "play_pattern": "localhost", "task": "start bridge network", "task_uuid": "fdd0ceb1-9916-1b96-eef0-00000000000a", "task_action": "command", "resolved_action": "command", "task_args": "", "task_path": "/home/csc792/eBPF-xDP/southbound/network_create.yml:29", "name": "start bridge network", "is_conditional": false, "uuid": "fdd0ceb1-9916-1b96-eef0-00000000000a"}}