{"uuid": "c439764a-db2b-4404-97a8-a0805159af1e", "counter": 18, "stdout": "", "start_line": 17, "end_line": 17, "runner_ident": "95c30186-573e-44d4-8656-7ea873212801", "event": "runner_on_start", "pid": 233283, "created": "2023-04-22T16:23:38.165682", "parent_uuid": "fdd0ceb1-9916-1b96-eef0-00000000000a", "event_data": {"playbook": "network_create.yml", "playbook_uuid": "4f3226d1-c138-4cfc-9590-8a3408482357", "play": "localhost", "play_uuid": "fdd0ceb1-9916-1b96-eef0-000000000006", "play_pattern": "localhost", "task": "start bridge network", "task_uuid": "fdd0ceb1-9916-1b96-eef0-00000000000a", "task_action": "command", "resolved_action": "command", "task_args": "", "task_path": "/home/csc792/eBPF-xDP/southbound/network_create.yml:29", "host": "localhost", "uuid": "c439764a-db2b-4404-97a8-a0805159af1e"}}