{"uuid": "f9f1e592-53b3-4d2d-ba89-530915858b55", "counter": 19, "stdout": "\u001b[0;33mchanged: [localhost]\u001b[0m\r\n\u001b[0;33m\u001b[0m", "start_line": 17, "end_line": 18, "runner_ident": "95c30186-573e-44d4-8656-7ea873212801", "event": "runner_on_ok", "pid": 233283, "created": "2023-04-22T16:23:38.383619", "parent_uuid": "fdd0ceb1-9916-1b96-eef0-00000000000a", "event_data": {"playbook": "network_create.yml", "playbook_uuid": "4f3226d1-c138-4cfc-9590-8a3408482357", "play": "localhost", "play_uuid": "fdd0ceb1-9916-1b96-eef0-000000000006", "play_pattern": "localhost", "task": "start bridge network", "task_uuid": "fdd0ceb1-9916-1b96-eef0-00000000000a", "task_action": "command", "resolved_action": "command", "task_args": "", "task_path": "/home/csc792/eBPF-xDP/southbound/network_create.yml:29", "host": "localhost", "remote_addr": "127.0.0.1", "res": {"cmd": ["virsh", "net-start", "tenant6tenet1"], "stdout": "Network tenant6tenet1 started", "stderr": "", "rc": 0, "start": "2023-04-22 16:23:38.347377", "end": "2023-04-22 16:23:38.363595", "delta": "0:00:00.016218", "changed": true, "invocation": {"module_args": {"_raw_params": "virsh net-start tenant6tenet1", "warn": true, "_uses_shell": false, "stdin_add_newline": true, "strip_empty_ends": true, "argv": null, "chdir": null, "executable": null, "creates": null, "removes": null, "stdin": null}}, "stdout_lines": ["Network tenant6tenet1 started"], "stderr_lines": [], "_ansible_no_log": false}, "start": "2023-04-22T16:23:38.165614", "end": "2023-04-22T16:23:38.383407", "duration": 0.217793, "event_loop": null, "uuid": "f9f1e592-53b3-4d2d-ba89-530915858b55"}}