{"uuid": "658df2bd-8787-4c8b-a8a4-efa224a00b63", "counter": 20, "stdout": "\r\nPLAY RECAP *********************************************************************\r\n\u001b[0;33mlocalhost\u001b[0m                  : \u001b[0;32mok=4   \u001b[0m \u001b[0;33mchanged=3   \u001b[0m unreachable=0    failed=0    skipped=0    rescued=0    ignored=0   ", "start_line": 18, "end_line": 22, "runner_ident": "95c30186-573e-44d4-8656-7ea873212801", "event": "playbook_on_stats", "pid": 233283, "created": "2023-04-22T16:23:38.385777", "parent_uuid": "4f3226d1-c138-4cfc-9590-8a3408482357", "event_data": {"playbook": "network_create.yml", "playbook_uuid": "4f3226d1-c138-4cfc-9590-8a3408482357", "changed": {"localhost": 3}, "dark": {}, "failures": {}, "ignored": {}, "ok": {"localhost": 4}, "processed": {"localhost": 1}, "rescued": {}, "skipped": {}, "artifact_data": {}, "uuid": "658df2bd-8787-4c8b-a8a4-efa224a00b63"}}