{"uuid": "7b545f75-7e88-4bf0-b1df-8d9f757695c0", "counter": 6, "stdout": "\u001b[1;35m[WARNING]: Found variable using reserved name: become\u001b[0m\r\n\u001b[1;35m\u001b[0m", "start_line": 3, "end_line": 4, "runner_ident": "95c30186-573e-44d4-8656-7ea873212801", "event": "warning", "pid": 233283, "created": "2023-04-22T16:23:35.104194", "parent_uuid": "4f3226d1-c138-4cfc-9590-8a3408482357", "event_data": {"playbook": "network_create.yml", "playbook_uuid": "4f3226d1-c138-4cfc-9590-8a3408482357", "warning": true, "uuid": "7b545f75-7e88-4bf0-b1df-8d9f757695c0"}}