{"uuid": "fdd0ceb1-9916-1b96-eef0-000000000006", "counter": 7, "stdout": "\r\nPLAY [localhost] ***************************************************************", "start_line": 4, "end_line": 6, "runner_ident": "95c30186-573e-44d4-8656-7ea873212801", "event": "playbook_on_play_start", "pid": 233283, "created": "2023-04-22T16:23:35.104753", "parent_uuid": "4f3226d1-c138-4cfc-9590-8a3408482357", "event_data": {"playbook": "network_create.yml", "playbook_uuid": "4f3226d1-c138-4cfc-9590-8a3408482357", "play": "localhost", "play_uuid": "fdd0ceb1-9916-1b96-eef0-000000000006", "play_pattern": "localhost", "name": "localhost", "pattern": "localhost", "uuid": "fdd0ceb1-9916-1b96-eef0-000000000006"}}