{
      "tenant2": {
            "networks": {
                  "tenant2t3": "192.168.15.0/24",
                  "tenant2t4": "192.168.5.0/24"
            },
            "VM": [
                  {
                        "name": "t2vm1",
                        "network": [
                              "tenant2t3"
                        ],
                        "vcpu": 1,
                        "container": "True",
                        "memory": 2097152
                  },
                  {
                        "name": "t2vm2",
                        "network": [
                              "tenant2t4"
                        ],
                        "vcpu": 1,
                        "container": "True",
                        "memory": 2097152
                  }
            ],
            "gateway_router": {
                  "name": "test-cgw-tenant2",
                  "network_list": [
                        "tenant2t3",
                        "tenant2t4",
                        "pgwnet"
                  ],
                  "ip_list": [
                        "192.168.15.0/24",
                        "192.168.5.0/24"
                  ]
            }
      },
      "tenant1": {
            "networks": {
                  "tenant1t1": "192.168.5.0/24",
                  "tenant1t2": "192.168.10.0/24"
            },
            "VM": [
                  {
                        "name": "t1vm1",
                        "network": [
                              "tenant1t1"
                        ],
                        "vcpu": 1,
                        "container": "True",
                        "memory": 2097152
                  },
                  {
                        "name": "t1vm2",
                        "network": [
                              "tenant1t1"
                        ],
                        "vcpu": 1,
                        "container": "True",
                        "memory": 2097152
                  },
                  {
                        "name": "t1vm3",
                        "network": [
                              "tenant1t2"
                        ],
                        "vcpu": 1,
                        "container": "True",
                        "memory": 2097152
                  }
            ],
            "gateway_router": {
                  "name": "test-cgw-tenant1",
                  "network_list": [
                        "tenant1t1",
                        "tenant1t2",
                        "pgwnet"
                  ],
                  "ip_list": [
                        "192.168.5.0/24",
                        "192.168.10.0/24"
                  ]
            }
      }
}