{"uuid": "9162a4c0-1bb2-4157-a0b6-cd130e463f58", "counter": 10, "stdout": "", "start_line": 10, "end_line": 10, "runner_ident": "82484109-8483-4f41-b382-1c798bd83d56", "event": "runner_on_start", "pid": 250462, "created": "2023-04-22T19:02:19.403976", "parent_uuid": "fdd0ceb1-9916-c9c9-3803-000000000009", "event_data": {"playbook": "vm_delete.yml", "playbook_uuid": "324a7232-c673-4d1f-87ee-df8d60f333e2", "play": "Delete virtual machine", "play_uuid": "fdd0ceb1-9916-c9c9-3803-000000000006", "play_pattern": "localhost", "task": "Wait for virtual machine to shut down", "task_uuid": "fdd0ceb1-9916-c9c9-3803-000000000009", "task_action": "wait_for", "resolved_action": "wait_for", "task_args": "", "task_path": "/home/csc792/eBPF-xDP/southbound/vm_delete.yml:18", "host": "localhost", "uuid": "9162a4c0-1bb2-4157-a0b6-cd130e463f58"}}