{"uuid": "2888dd9d-83ec-43ca-b25d-95639a490669", "counter": 11, "stdout": "\u001b[0;32mok: [localhost]\u001b[0m\r\n\u001b[0;32m\u001b[0m", "start_line": 10, "end_line": 11, "runner_ident": "82484109-8483-4f41-b382-1c798bd83d56", "event": "runner_on_ok", "pid": 250462, "created": "2023-04-22T19:02:22.749001", "parent_uuid": "fdd0ceb1-9916-c9c9-3803-000000000009", "event_data": {"playbook": "vm_delete.yml", "playbook_uuid": "324a7232-c673-4d1f-87ee-df8d60f333e2", "play": "Delete virtual machine", "play_uuid": "fdd0ceb1-9916-c9c9-3803-000000000006", "play_pattern": "localhost", "task": "Wait for virtual machine to shut down", "task_uuid": "fdd0ceb1-9916-c9c9-3803-000000000009", "task_action": "wait_for", "resolved_action": "wait_for", "task_args": "", "task_path": "/home/csc792/eBPF-xDP/southbound/vm_delete.yml:18", "host": "localhost", "remote_addr": "127.0.0.1", "res": {"state": "absent", "port": null, "search_regex": null, "match_groups": [], "match_groupdict": {}, "path": "/var/run/libvirt/qemu/tenant7-vm1.pid", "elapsed": 3, "invocation": {"module_args": {"path": "/var/run/libvirt/qemu/tenant7-vm1.pid", "state": "absent", "host": "127.0.0.1", "timeout": 300, "connect_timeout": 5, "delay": 0, "active_connection_states": ["ESTABLISHED", "FIN_WAIT1", "FIN_WAIT2", "SYN_RECV", "SYN_SENT", "TIME_WAIT"], "sleep": 1, "port": null, "search_regex": null, "exclude_hosts": null, "msg": null}}, "_ansible_no_log": false, "changed": false}, "start": "2023-04-22T19:02:19.403867", "end": "2023-04-22T19:02:22.748787", "duration": 3.34492, "event_loop": null, "uuid": "2888dd9d-83ec-43ca-b25d-95639a490669"}}