{"uuid": "7fa42f1f-0d24-47c2-b6c9-7fb74ed6ac7c", "counter": 13, "stdout": "", "start_line": 13, "end_line": 13, "runner_ident": "82484109-8483-4f41-b382-1c798bd83d56", "event": "runner_on_start", "pid": 250462, "created": "2023-04-22T19:02:22.766355", "parent_uuid": "fdd0ceb1-9916-c9c9-3803-00000000000a", "event_data": {"playbook": "vm_delete.yml", "playbook_uuid": "324a7232-c673-4d1f-87ee-df8d60f333e2", "play": "Delete virtual machine", "play_uuid": "fdd0ceb1-9916-c9c9-3803-000000000006", "play_pattern": "localhost", "task": "Delete virtual machine", "task_uuid": "fdd0ceb1-9916-c9c9-3803-00000000000a", "task_action": "command", "resolved_action": "command", "task_args": "", "task_path": "/home/csc792/eBPF-xDP/southbound/vm_delete.yml:24", "host": "localhost", "uuid": "7fa42f1f-0d24-47c2-b6c9-7fb74ed6ac7c"}}