{"uuid": "6e865a1d-c07e-48f5-bda9-3a77be8595a5", "counter": 14, "stdout": "\u001b[0;33mchanged: [localhost]\u001b[0m\r\n\u001b[0;33m\u001b[0m", "start_line": 13, "end_line": 14, "runner_ident": "82484109-8483-4f41-b382-1c798bd83d56", "event": "runner_on_ok", "pid": 250462, "created": "2023-04-22T19:02:24.052910", "parent_uuid": "fdd0ceb1-9916-c9c9-3803-00000000000a", "event_data": {"playbook": "vm_delete.yml", "playbook_uuid": "324a7232-c673-4d1f-87ee-df8d60f333e2", "play": "Delete virtual machine", "play_uuid": "fdd0ceb1-9916-c9c9-3803-000000000006", "play_pattern": "localhost", "task": "Delete virtual machine", "task_uuid": "fdd0ceb1-9916-c9c9-3803-00000000000a", "task_action": "command", "resolved_action": "command", "task_args": "", "task_path": "/home/csc792/eBPF-xDP/southbound/vm_delete.yml:24", "host": "localhost", "remote_addr": "127.0.0.1", "res": {"cmd": ["virsh", "undefine", "tenant7-vm1", "--remove-all-storage", "--snapshots-metadata"], "stdout": "Domain tenant7-vm1 has been undefined\nVolume 'vda'(/var/lib/libvirt/images/tenant7-vm1.img) removed.", "stderr": "", "rc": 0, "start": "2023-04-22 19:02:22.934550", "end": "2023-04-22 19:02:24.032020", "delta": "0:00:01.097470", "changed": true, "invocation": {"module_args": {"_raw_params": "virsh undefine tenant7-vm1 --remove-all-storage --snapshots-metadata", "warn": true, "_uses_shell": false, "stdin_add_newline": true, "strip_empty_ends": true, "argv": null, "chdir": null, "executable": null, "creates": null, "removes": null, "stdin": null}}, "stdout_lines": ["Domain tenant7-vm1 has been undefined", "Volume 'vda'(/var/lib/libvirt/images/tenant7-vm1.img) removed."], "stderr_lines": [], "_ansible_no_log": false}, "start": "2023-04-22T19:02:22.766269", "end": "2023-04-22T19:02:24.052708", "duration": 1.286439, "event_loop": null, "uuid": "6e865a1d-c07e-48f5-bda9-3a77be8595a5"}}