{"uuid": "76ac68ef-920b-4939-93c8-9f2736eb52fa", "counter": 15, "stdout": "\r\nPLAY RECAP *********************************************************************\r\n\u001b[0;33mlocalhost\u001b[0m                  : \u001b[0;32mok=4   \u001b[0m \u001b[0;33mchanged=2   \u001b[0m unreachable=0    failed=0    skipped=0    rescued=0    ignored=0   ", "start_line": 14, "end_line": 18, "runner_ident": "82484109-8483-4f41-b382-1c798bd83d56", "event": "playbook_on_stats", "pid": 250462, "created": "2023-04-22T19:02:24.055436", "parent_uuid": "324a7232-c673-4d1f-87ee-df8d60f333e2", "event_data": {"playbook": "vm_delete.yml", "playbook_uuid": "324a7232-c673-4d1f-87ee-df8d60f333e2", "changed": {"localhost": 2}, "dark": {}, "failures": {}, "ignored": {}, "ok": {"localhost": 4}, "processed": {"localhost": 1}, "rescued": {}, "skipped": {}, "artifact_data": {}, "uuid": "76ac68ef-920b-4939-93c8-9f2736eb52fa"}}