{"uuid": "fdd0ceb1-9916-c9c9-3803-000000000006", "counter": 2, "stdout": "\r\nPLAY [Delete virtual machine] **************************************************", "start_line": 0, "end_line": 2, "runner_ident": "82484109-8483-4f41-b382-1c798bd83d56", "event": "playbook_on_play_start", "pid": 250462, "created": "2023-04-22T19:02:17.690133", "parent_uuid": "324a7232-c673-4d1f-87ee-df8d60f333e2", "event_data": {"playbook": "vm_delete.yml", "playbook_uuid": "324a7232-c673-4d1f-87ee-df8d60f333e2", "play": "Delete virtual machine", "play_uuid": "fdd0ceb1-9916-c9c9-3803-000000000006", "play_pattern": "localhost", "name": "Delete virtual machine", "pattern": "localhost", "uuid": "fdd0ceb1-9916-c9c9-3803-000000000006"}}