{"uuid": "fdd0ceb1-9916-c9c9-3803-000000000008", "counter": 6, "stdout": "\r\nTASK [Shut down virtual machine] ***********************************************", "start_line": 5, "end_line": 7, "runner_ident": "82484109-8483-4f41-b382-1c798bd83d56", "event": "playbook_on_task_start", "pid": 250462, "created": "2023-04-22T19:02:19.071733", "parent_uuid": "fdd0ceb1-9916-c9c9-3803-000000000006", "event_data": {"playbook": "vm_delete.yml", "playbook_uuid": "324a7232-c673-4d1f-87ee-df8d60f333e2", "play": "Delete virtual machine", "play_uuid": "fdd0ceb1-9916-c9c9-3803-000000000006", "play_pattern": "localhost", "task": "Shut down virtual machine", "task_uuid": "fdd0ceb1-9916-c9c9-3803-000000000008", "task_action": "command", "resolved_action": "command", "task_args": "", "task_path": "/home/csc792/eBPF-xDP/southbound/vm_delete.yml:13", "name": "Shut down virtual machine", "is_conditional": false, "uuid": "fdd0ceb1-9916-c9c9-3803-000000000008"}}