{"uuid": "9f8b852b-811c-454d-8ea5-3ff0dc0b04f1", "counter": 7, "stdout": "", "start_line": 7, "end_line": 7, "runner_ident": "82484109-8483-4f41-b382-1c798bd83d56", "event": "runner_on_start", "pid": 250462, "created": "2023-04-22T19:02:19.072504", "parent_uuid": "fdd0ceb1-9916-c9c9-3803-000000000008", "event_data": {"playbook": "vm_delete.yml", "playbook_uuid": "324a7232-c673-4d1f-87ee-df8d60f333e2", "play": "Delete virtual machine", "play_uuid": "fdd0ceb1-9916-c9c9-3803-000000000006", "play_pattern": "localhost", "task": "Shut down virtual machine", "task_uuid": "fdd0ceb1-9916-c9c9-3803-000000000008", "task_action": "command", "resolved_action": "command", "task_args": "", "task_path": "/home/csc792/eBPF-xDP/southbound/vm_delete.yml:13", "host": "localhost", "uuid": "9f8b852b-811c-454d-8ea5-3ff0dc0b04f1"}}