{"uuid": "f40426b7-655c-49a9-b337-9fc3ae5e60b7", "counter": 8, "stdout": "\u001b[0;33mchanged: [localhost]\u001b[0m\r\n\u001b[0;33m\u001b[0m", "start_line": 7, "end_line": 8, "runner_ident": "82484109-8483-4f41-b382-1c798bd83d56", "event": "runner_on_ok", "pid": 250462, "created": "2023-04-22T19:02:19.384299", "parent_uuid": "fdd0ceb1-9916-c9c9-3803-000000000008", "event_data": {"playbook": "vm_delete.yml", "playbook_uuid": "324a7232-c673-4d1f-87ee-df8d60f333e2", "play": "Delete virtual machine", "play_uuid": "fdd0ceb1-9916-c9c9-3803-000000000006", "play_pattern": "localhost", "task": "Shut down virtual machine", "task_uuid": "fdd0ceb1-9916-c9c9-3803-000000000008", "task_action": "command", "resolved_action": "command", "task_args": "", "task_path": "/home/csc792/eBPF-xDP/southbound/vm_delete.yml:13", "host": "localhost", "remote_addr": "127.0.0.1", "res": {"cmd": ["virsh", "shutdown", "tenant7-vm1"], "stdout": "Domain tenant7-vm1 is being shutdown", "stderr": "", "rc": 0, "start": "2023-04-22 19:02:19.323211", "end": "2023-04-22 19:02:19.363071", "delta": "0:00:00.039860", "changed": true, "invocation": {"module_args": {"_raw_params": "virsh shutdown tenant7-vm1", "warn": true, "_uses_shell": false, "stdin_add_newline": true, "strip_empty_ends": true, "argv": null, "chdir": null, "executable": null, "creates": null, "removes": null, "stdin": null}}, "stdout_lines": ["Domain tenant7-vm1 is being shutdown"], "stderr_lines": [], "_ansible_no_log": false}, "start": "2023-04-22T19:02:19.072410", "end": "2023-04-22T19:02:19.384036", "duration": 0.311626, "event_loop": null, "uuid": "f40426b7-655c-49a9-b337-9fc3ae5e60b7"}}