{"uuid": "fdd0ceb1-9916-c9c9-3803-000000000009", "counter": 9, "stdout": "\r\nTASK [Wait for virtual machine to shut down] ***********************************", "start_line": 8, "end_line": 10, "runner_ident": "82484109-8483-4f41-b382-1c798bd83d56", "event": "playbook_on_task_start", "pid": 250462, "created": "2023-04-22T19:02:19.402983", "parent_uuid": "fdd0ceb1-9916-c9c9-3803-000000000006", "event_data": {"playbook": "vm_delete.yml", "playbook_uuid": "324a7232-c673-4d1f-87ee-df8d60f333e2", "play": "Delete virtual machine", "play_uuid": "fdd0ceb1-9916-c9c9-3803-000000000006", "play_pattern": "localhost", "task": "Wait for virtual machine to shut down", "task_uuid": "fdd0ceb1-9916-c9c9-3803-000000000009", "task_action": "wait_for", "resolved_action": "wait_for", "task_args": "", "task_path": "/home/csc792/eBPF-xDP/southbound/vm_delete.yml:18", "name": "Wait for virtual machine to shut down", "is_conditional": false, "uuid": "fdd0ceb1-9916-c9c9-3803-000000000009"}}