{
    "tenant6":{
        "networks": {
            "tenet1": "192.168.5.0/24",
            "tenet2": "192.168.10.0/24"
        },
        "VM" : [
             {
		"name": "tenant6-vm1",
                "network" : ["tenet1"],
                "vcpu": 1,
                "memory": 2097152
             },
             {
		"name": "tenant6-vm2",
                "network" : ["tenet1"],
                "vcpu": 1,
                "memory": 2097152
            },
            {
		"name" : "tenant6-vm3",
                "network" : [ "tenet1"],
                "vcpu":1,
                "memory": 2097152
           },
	   {
                "name" : "tenant6-vm4",
                "network" : [ "tenet2"],
                "vcpu":1,
                "memory": 2097152
           }
	]
    }
}
