{"uuid": "af0ff01e-6222-475c-8775-609332f50e6e", "counter": 11, "stdout": "\u001b[0;33mchanged: [localhost]\u001b[0m\r\n\u001b[0;33m\u001b[0m", "start_line": 9, "end_line": 10, "runner_ident": "29e426bf-b862-48a6-8679-47faa4b5b00d", "event": "runner_on_ok", "pid": 230593, "created": "2023-04-22T16:19:21.073386", "parent_uuid": "fdd0ceb1-9916-11db-74cf-000000000007", "event_data": {"playbook": "vm_create.yml", "playbook_uuid": "c4fedd9c-6d3e-47e6-9c14-540ae535b8f6", "play": "deploy VM", "play_uuid": "fdd0ceb1-9916-11db-74cf-000000000005", "play_pattern": "localhost", "task": "Clone VM from base_image", "task_uuid": "fdd0ceb1-9916-11db-74cf-000000000007", "task_action": "command", "resolved_action": "command", "task_args": "", "task_path": "/home/csc792/eBPF-xDP/southbound/vm_create.yml:9", "host": "localhost", "remote_addr": "127.0.0.1", "res": {"cmd": ["virt-clone", "--original", "base-vm", "--name", "pgw-test16", "--auto-clone"], "stdout": "\rAllocating 'pgw-test16.img  2% [                 ]    0 B/s | 298 MB  --:-- ETA \r\rAllocating 'pgw-test16.img  5% [-                ] 116 MB/s | 554 MB  01:23 ETA \r\rAllocating 'pgw-test16.img  7% [=                ] 140 MB/s | 790 MB  01:07 ETA \r\rAllocating 'pgw-test16.img 10% [=-               ] 163 MB/s | 1.0 GB  00:56 ETA \r\rAllocating 'pgw-test16.img 12% [==               ] 180 MB/s | 1.3 GB  00:49 ETA \r\rAllocating 'pgw-test16.img 15% [==-              ] 195 MB/s | 1.5 GB  00:44 ETA \r\rAllocating 'pgw-test16.img 17% [==-              ] 205 MB/s | 1.8 GB  00:41 ETA \r\rAllocating 'pgw-test16.img 19% [===              ] 213 MB/s | 2.0 GB  00:38 ETA \r\rAllocating 'pgw-test16.img 22% [===-             ] 218 MB/s | 2.2 GB  00:36 ETA \r\rAllocating 'pgw-test16.img 24% [====             ] 224 MB/s | 2.5 GB  00:34 ETA \r\rAllocating 'pgw-test16.img 26% [====-            ] 225 MB/s | 2.7 GB  00:33 ETA \r\rAllocating 'pgw-test16.img 29% [====-            ] 225 MB/s | 2.9 GB  00:32 ETA \r\rAllocating 'pgw-test16.img 30% [=====            ] 213 MB/s | 3.1 GB  00:33 ETA \r\rAllocating 'pgw-test16.img 32% [=====            ] 199 MB/s | 3.2 GB  00:34 ETA \r\rAllocating 'pgw-test16.img'                                 |  10 GB  00:14     \n\nClone 'pgw-test16' created successfully.", "stderr": "", "rc": 0, "start": "2023-04-22 16:19:05.793237", "end": "2023-04-22 16:19:21.047544", "delta": "0:00:15.254307", "changed": true, "invocation": {"module_args": {"_raw_params": "virt-clone --original base-vm --name pgw-test16 --auto-clone", "warn": true, "_uses_shell": false, "stdin_add_newline": true, "strip_empty_ends": true, "argv": null, "chdir": null, "executable": null, "creates": null, "removes": null, "stdin": null}}, "stdout_lines": ["", "Allocating 'pgw-test16.img  2% [                 ]    0 B/s | 298 MB  --:-- ETA ", "", "Allocating 'pgw-test16.img  5% [-                ] 116 MB/s | 554 MB  01:23 ETA ", "", "Allocating 'pgw-test16.img  7% [=                ] 140 MB/s | 790 MB  01:07 ETA ", "", "Allocating 'pgw-test16.img 10% [=-               ] 163 MB/s | 1.0 GB  00:56 ETA ", "", "Allocating 'pgw-test16.img 12% [==               ] 180 MB/s | 1.3 GB  00:49 ETA ", "", "Allocating 'pgw-test16.img 15% [==-              ] 195 MB/s | 1.5 GB  00:44 ETA ", "", "Allocating 'pgw-test16.img 17% [==-              ] 205 MB/s | 1.8 GB  00:41 ETA ", "", "Allocating 'pgw-test16.img 19% [===              ] 213 MB/s | 2.0 GB  00:38 ETA ", "", "Allocating 'pgw-test16.img 22% [===-             ] 218 MB/s | 2.2 GB  00:36 ETA ", "", "Allocating 'pgw-test16.img 24% [====             ] 224 MB/s | 2.5 GB  00:34 ETA ", "", "Allocating 'pgw-test16.img 26% [====-            ] 225 MB/s | 2.7 GB  00:33 ETA ", "", "Allocating 'pgw-test16.img 29% [====-            ] 225 MB/s | 2.9 GB  00:32 ETA ", "", "Allocating 'pgw-test16.img 30% [=====            ] 213 MB/s | 3.1 GB  00:33 ETA ", "", "Allocating 'pgw-test16.img 32% [=====            ] 199 MB/s | 3.2 GB  00:34 ETA ", "", "Allocating 'pgw-test16.img'                                 |  10 GB  00:14     ", "", "Clone 'pgw-test16' created successfully."], "stderr_lines": [], "_ansible_no_log": false}, "start": "2023-04-22T16:19:05.527090", "end": "2023-04-22T16:19:21.073096", "duration": 15.546006, "event_loop": null, "uuid": "af0ff01e-6222-475c-8775-609332f50e6e"}}