{"uuid": "c49fa695-23f6-4357-9b67-e9db043a0be0", "counter": 13, "stdout": "", "start_line": 12, "end_line": 12, "runner_ident": "29e426bf-b862-48a6-8679-47faa4b5b00d", "event": "runner_on_start", "pid": 230593, "created": "2023-04-22T16:19:21.085349", "parent_uuid": "fdd0ceb1-9916-11db-74cf-000000000008", "event_data": {"playbook": "vm_create.yml", "playbook_uuid": "c4fedd9c-6d3e-47e6-9c14-540ae535b8f6", "play": "deploy VM", "play_uuid": "fdd0ceb1-9916-11db-74cf-000000000005", "play_pattern": "localhost", "task": "Undefine cloned image", "task_uuid": "fdd0ceb1-9916-11db-74cf-000000000008", "task_action": "command", "resolved_action": "command", "task_args": "", "task_path": "/home/csc792/eBPF-xDP/southbound/vm_create.yml:13", "host": "localhost", "uuid": "c49fa695-23f6-4357-9b67-e9db043a0be0"}}