{"uuid": "295a7b5d-e349-4434-b94f-37d74dbcdbd9", "counter": 14, "stdout": "\u001b[0;33mchanged: [localhost]\u001b[0m\r\n\u001b[0;33m\u001b[0m", "start_line": 12, "end_line": 13, "runner_ident": "29e426bf-b862-48a6-8679-47faa4b5b00d", "event": "runner_on_ok", "pid": 230593, "created": "2023-04-22T16:19:21.310504", "parent_uuid": "fdd0ceb1-9916-11db-74cf-000000000008", "event_data": {"playbook": "vm_create.yml", "playbook_uuid": "c4fedd9c-6d3e-47e6-9c14-540ae535b8f6", "play": "deploy VM", "play_uuid": "fdd0ceb1-9916-11db-74cf-000000000005", "play_pattern": "localhost", "task": "Undefine cloned image", "task_uuid": "fdd0ceb1-9916-11db-74cf-000000000008", "task_action": "command", "resolved_action": "command", "task_args": "", "task_path": "/home/csc792/eBPF-xDP/southbound/vm_create.yml:13", "host": "localhost", "remote_addr": "127.0.0.1", "res": {"cmd": ["virsh", "undefine", "pgw-test16"], "stdout": "Domain pgw-test16 has been undefined", "stderr": "", "rc": 0, "start": "2023-04-22 16:19:21.273095", "end": "2023-04-22 16:19:21.292136", "delta": "0:00:00.019041", "changed": true, "invocation": {"module_args": {"_raw_params": "virsh undefine pgw-test16", "warn": true, "_uses_shell": false, "stdin_add_newline": true, "strip_empty_ends": true, "argv": null, "chdir": null, "executable": null, "creates": null, "removes": null, "stdin": null}}, "stdout_lines": ["Domain pgw-test16 has been undefined"], "stderr_lines": [], "_ansible_no_log": false}, "start": "2023-04-22T16:19:21.085282", "end": "2023-04-22T16:19:21.310306", "duration": 0.225024, "event_loop": null, "uuid": "295a7b5d-e349-4434-b94f-37d74dbcdbd9"}}