{"uuid": "13b46c50-66de-46ea-b1a5-48d978e36e72", "counter": 16, "stdout": "", "start_line": 15, "end_line": 15, "runner_ident": "29e426bf-b862-48a6-8679-47faa4b5b00d", "event": "runner_on_start", "pid": 230593, "created": "2023-04-22T16:19:21.321797", "parent_uuid": "fdd0ceb1-9916-11db-74cf-000000000009", "event_data": {"playbook": "vm_create.yml", "playbook_uuid": "c4fedd9c-6d3e-47e6-9c14-540ae535b8f6", "play": "deploy VM", "play_uuid": "fdd0ceb1-9916-11db-74cf-000000000005", "play_pattern": "localhost", "task": "Define new VM", "task_uuid": "fdd0ceb1-9916-11db-74cf-000000000009", "task_action": "community.libvirt.virt", "resolved_action": "community.libvirt.virt", "task_args": "", "task_path": "/home/csc792/eBPF-xDP/southbound/vm_create.yml:17", "host": "localhost", "uuid": "13b46c50-66de-46ea-b1a5-48d978e36e72"}}