{"uuid": "7b68dae3-e865-4d1b-bbcc-cdff672fd225", "counter": 19, "stdout": "", "start_line": 18, "end_line": 18, "runner_ident": "29e426bf-b862-48a6-8679-47faa4b5b00d", "event": "runner_on_start", "pid": 230593, "created": "2023-04-22T16:19:50.872320", "parent_uuid": "fdd0ceb1-9916-11db-74cf-00000000000a", "event_data": {"playbook": "vm_create.yml", "playbook_uuid": "c4fedd9c-6d3e-47e6-9c14-540ae535b8f6", "play": "deploy VM", "play_uuid": "fdd0ceb1-9916-11db-74cf-000000000005", "play_pattern": "localhost", "task": "Reset Cloned VM parameters", "task_uuid": "fdd0ceb1-9916-11db-74cf-00000000000a", "task_action": "command", "resolved_action": "command", "task_args": "", "task_path": "/home/csc792/eBPF-xDP/southbound/vm_create.yml:22", "host": "localhost", "uuid": "7b68dae3-e865-4d1b-bbcc-cdff672fd225"}}