{"uuid": "582c114b-aee3-441e-8c5b-b0a69226dcec", "counter": 20, "stdout": "\u001b[0;33mchanged: [localhost]\u001b[0m\r\n\u001b[0;33m\u001b[0m", "start_line": 18, "end_line": 19, "runner_ident": "29e426bf-b862-48a6-8679-47faa4b5b00d", "event": "runner_on_ok", "pid": 230593, "created": "2023-04-22T16:20:10.202147", "parent_uuid": "fdd0ceb1-9916-11db-74cf-00000000000a", "event_data": {"playbook": "vm_create.yml", "playbook_uuid": "c4fedd9c-6d3e-47e6-9c14-540ae535b8f6", "play": "deploy VM", "play_uuid": "fdd0ceb1-9916-11db-74cf-000000000005", "play_pattern": "localhost", "task": "Reset Cloned VM parameters", "task_uuid": "fdd0ceb1-9916-11db-74cf-00000000000a", "task_action": "command", "resolved_action": "command", "task_args": "", "task_path": "/home/csc792/eBPF-xDP/southbound/vm_create.yml:22", "host": "localhost", "remote_addr": "127.0.0.1", "res": {"cmd": ["virt-sysprep", "-d", "pgw-test16", "--hostname", "pgw-test16"], "stdout": "[   0.0] Examining the guest ...\n[  16.6] Performing \"abrt-data\" ...\n[  16.6] Performing \"backup-files\" ...\n[  16.9] Performing \"bash-history\" ...\n[  16.9] Performing \"blkid-tab\" ...\n[  17.0] Performing \"crash-data\" ...\n[  17.0] Performing \"cron-spool\" ...\n[  17.0] Performing \"dhcp-client-state\" ...\n[  17.0] Performing \"dhcp-server-state\" ...\n[  17.0] Performing \"dovecot-data\" ...\n[  17.0] Performing \"logfiles\" ...\n[  17.2] Performing \"machine-id\" ...\n[  17.2] Performing \"mail-spool\" ...\n[  17.2] Performing \"net-hostname\" ...\n[  17.2] Performing \"net-hwaddr\" ...\n[  17.3] Performing \"pacct-log\" ...\n[  17.3] Performing \"package-manager-cache\" ...\n[  17.3] Performing \"pam-data\" ...\n[  17.3] Performing \"passwd-backups\" ...\n[  17.3] Performing \"puppet-data-log\" ...\n[  17.4] Performing \"rh-subscription-manager\" ...\n[  17.4] Performing \"rhn-systemid\" ...\n[  17.4] Performing \"rpm-db\" ...\n[  17.4] Performing \"samba-db-log\" ...\n[  17.5] Performing \"script\" ...\n[  17.5] Performing \"smolt-uuid\" ...\n[  17.5] Performing \"ssh-hostkeys\" ...\n[  17.5] Performing \"ssh-userdir\" ...\n[  17.5] Performing \"sssd-db-log\" ...\n[  17.5] Performing \"tmp-files\" ...\n[  17.6] Performing \"udev-persistent-net\" ...\n[  17.6] Performing \"utmp\" ...\n[  17.6] Performing \"yum-uuid\" ...\n[  17.6] Performing \"customize\" ...\n[  17.6] Setting a random seed\n[  17.7] Setting the machine ID in /etc/machine-id\n[  17.7] Setting the hostname: pgw-test16\n[  18.8] Performing \"lvm-uuids\" ...", "stderr": "", "rc": 0, "start": "2023-04-22 16:19:51.069974", "end": "2023-04-22 16:20:10.177831", "delta": "0:00:19.107857", "changed": true, "invocation": {"module_args": {"_raw_params": "virt-sysprep -d pgw-test16 --hostname pgw-test16", "warn": true, "_uses_shell": false, "stdin_add_newline": true, "strip_empty_ends": true, "argv": null, "chdir": null, "executable": null, "creates": null, "removes": null, "stdin": null}}, "stdout_lines": ["[   0.0] Examining the guest ...", "[  16.6] Performing \"abrt-data\" ...", "[  16.6] Performing \"backup-files\" ...", "[  16.9] Performing \"bash-history\" ...", "[  16.9] Performing \"blkid-tab\" ...", "[  17.0] Performing \"crash-data\" ...", "[  17.0] Performing \"cron-spool\" ...", "[  17.0] Performing \"dhcp-client-state\" ...", "[  17.0] Performing \"dhcp-server-state\" ...", "[  17.0] Performing \"dovecot-data\" ...", "[  17.0] Performing \"logfiles\" ...", "[  17.2] Performing \"machine-id\" ...", "[  17.2] Performing \"mail-spool\" ...", "[  17.2] Performing \"net-hostname\" ...", "[  17.2] Performing \"net-hwaddr\" ...", "[  17.3] Performing \"pacct-log\" ...", "[  17.3] Performing \"package-manager-cache\" ...", "[  17.3] Performing \"pam-data\" ...", "[  17.3] Performing \"passwd-backups\" ...", "[  17.3] Performing \"puppet-data-log\" ...", "[  17.4] Performing \"rh-subscription-manager\" ...", "[  17.4] Performing \"rhn-systemid\" ...", "[  17.4] Performing \"rpm-db\" ...", "[  17.4] Performing \"samba-db-log\" ...", "[  17.5] Performing \"script\" ...", "[  17.5] Performing \"smolt-uuid\" ...", "[  17.5] Performing \"ssh-hostkeys\" ...", "[  17.5] Performing \"ssh-userdir\" ...", "[  17.5] Performing \"sssd-db-log\" ...", "[  17.5] Performing \"tmp-files\" ...", "[  17.6] Performing \"udev-persistent-net\" ...", "[  17.6] Performing \"utmp\" ...", "[  17.6] Performing \"yum-uuid\" ...", "[  17.6] Performing \"customize\" ...", "[  17.6] Setting a random seed", "[  17.7] Setting the machine ID in /etc/machine-id", "[  17.7] Setting the hostname: pgw-test16", "[  18.8] Performing \"lvm-uuids\" ..."], "stderr_lines": [], "_ansible_no_log": false}, "start": "2023-04-22T16:19:50.872257", "end": "2023-04-22T16:20:10.201901", "duration": 19.329644, "event_loop": null, "uuid": "582c114b-aee3-441e-8c5b-b0a69226dcec"}}