{"uuid": "fdd0ceb1-9916-11db-74cf-00000000000b", "counter": 21, "stdout": "\r\nTASK [Start the new VM] ********************************************************", "start_line": 19, "end_line": 21, "runner_ident": "29e426bf-b862-48a6-8679-47faa4b5b00d", "event": "playbook_on_task_start", "pid": 230593, "created": "2023-04-22T16:20:10.212918", "parent_uuid": "fdd0ceb1-9916-11db-74cf-000000000005", "event_data": {"playbook": "vm_create.yml", "playbook_uuid": "c4fedd9c-6d3e-47e6-9c14-540ae535b8f6", "play": "deploy VM", "play_uuid": "fdd0ceb1-9916-11db-74cf-000000000005", "play_pattern": "localhost", "task": "Start the new VM", "task_uuid": "fdd0ceb1-9916-11db-74cf-00000000000b", "task_action": "community.libvirt.virt", "resolved_action": "community.libvirt.virt", "task_args": "", "task_path": "/home/csc792/eBPF-xDP/southbound/vm_create.yml:26", "name": "Start the new VM", "is_conditional": false, "uuid": "fdd0ceb1-9916-11db-74cf-00000000000b"}}