{"uuid": "bc73c375-b7f3-4bb5-a272-f8de5d4cfe7b", "counter": 23, "stdout": "\u001b[0;32mok: [localhost]\u001b[0m\r\n\u001b[0;32m\u001b[0m", "start_line": 21, "end_line": 22, "runner_ident": "29e426bf-b862-48a6-8679-47faa4b5b00d", "event": "runner_on_ok", "pid": 230593, "created": "2023-04-22T16:20:11.616558", "parent_uuid": "fdd0ceb1-9916-11db-74cf-00000000000b", "event_data": {"playbook": "vm_create.yml", "playbook_uuid": "c4fedd9c-6d3e-47e6-9c14-540ae535b8f6", "play": "deploy VM", "play_uuid": "fdd0ceb1-9916-11db-74cf-000000000005", "play_pattern": "localhost", "task": "Start the new VM", "task_uuid": "fdd0ceb1-9916-11db-74cf-00000000000b", "task_action": "community.libvirt.virt", "resolved_action": "community.libvirt.virt", "task_args": "", "task_path": "/home/csc792/eBPF-xDP/southbound/vm_create.yml:26", "host": "localhost", "remote_addr": "127.0.0.1", "res": {"start": 0, "invocation": {"module_args": {"command": "start", "name": "pgw-test16", "uri": "qemu:///system", "state": null, "autostart": null, "xml": null}}, "_ansible_no_log": false, "changed": false}, "start": "2023-04-22T16:20:10.213386", "end": "2023-04-22T16:20:11.616367", "duration": 1.402981, "event_loop": null, "uuid": "bc73c375-b7f3-4bb5-a272-f8de5d4cfe7b"}}