{"uuid": "fc451987-2996-461e-9dfe-c10f353c9e8c", "counter": 25, "stdout": "", "start_line": 24, "end_line": 24, "runner_ident": "29e426bf-b862-48a6-8679-47faa4b5b00d", "event": "runner_on_start", "pid": 230593, "created": "2023-04-22T16:20:11.627277", "parent_uuid": "fdd0ceb1-9916-11db-74cf-00000000000c", "event_data": {"playbook": "vm_create.yml", "playbook_uuid": "c4fedd9c-6d3e-47e6-9c14-540ae535b8f6", "play": "deploy VM", "play_uuid": "fdd0ceb1-9916-11db-74cf-000000000005", "play_pattern": "localhost", "task": "Validate VM's is state", "task_uuid": "fdd0ceb1-9916-11db-74cf-00000000000c", "task_action": "community.libvirt.virt", "resolved_action": "community.libvirt.virt", "task_args": "", "task_path": "/home/csc792/eBPF-xDP/southbound/vm_create.yml:31", "host": "localhost", "uuid": "fc451987-2996-461e-9dfe-c10f353c9e8c"}}