{"uuid": "a7dd21ba-d84f-494a-9552-600eea26e549", "counter": 26, "stdout": "\u001b[0;32mok: [localhost]\u001b[0m\r\n\u001b[0;32m\u001b[0m", "start_line": 24, "end_line": 25, "runner_ident": "29e426bf-b862-48a6-8679-47faa4b5b00d", "event": "runner_on_ok", "pid": 230593, "created": "2023-04-22T16:20:12.857898", "parent_uuid": "fdd0ceb1-9916-11db-74cf-00000000000c", "event_data": {"playbook": "vm_create.yml", "playbook_uuid": "c4fedd9c-6d3e-47e6-9c14-540ae535b8f6", "play": "deploy VM", "play_uuid": "fdd0ceb1-9916-11db-74cf-000000000005", "play_pattern": "localhost", "task": "Validate VM's is state", "task_uuid": "fdd0ceb1-9916-11db-74cf-00000000000c", "task_action": "community.libvirt.virt", "resolved_action": "community.libvirt.virt", "task_args": "", "task_path": "/home/csc792/eBPF-xDP/southbound/vm_create.yml:31", "host": "localhost", "remote_addr": "127.0.0.1", "res": {"invocation": {"module_args": {"name": "pgw-test16", "state": "running", "uri": "qemu:///system", "autostart": null, "command": null, "xml": null}}, "_ansible_no_log": false, "changed": false}, "start": "2023-04-22T16:20:11.627214", "end": "2023-04-22T16:20:12.857694", "duration": 1.23048, "event_loop": null, "uuid": "a7dd21ba-d84f-494a-9552-600eea26e549"}}