{"uuid": "703dc8b4-09df-44d4-b5da-0e9e0532d94c", "counter": 27, "stdout": "\r\nPLAY RECAP *********************************************************************\r\n\u001b[0;33mlocalhost\u001b[0m                  : \u001b[0;32mok=7   \u001b[0m \u001b[0;33mchanged=4   \u001b[0m unreachable=0    failed=0    skipped=0    rescued=0    ignored=0   ", "start_line": 25, "end_line": 29, "runner_ident": "29e426bf-b862-48a6-8679-47faa4b5b00d", "event": "playbook_on_stats", "pid": 230593, "created": "2023-04-22T16:20:12.860116", "parent_uuid": "c4fedd9c-6d3e-47e6-9c14-540ae535b8f6", "event_data": {"playbook": "vm_create.yml", "playbook_uuid": "c4fedd9c-6d3e-47e6-9c14-540ae535b8f6", "changed": {"localhost": 4}, "dark": {}, "failures": {}, "ignored": {}, "ok": {"localhost": 7}, "processed": {"localhost": 1}, "rescued": {}, "skipped": {}, "artifact_data": {}, "uuid": "703dc8b4-09df-44d4-b5da-0e9e0532d94c"}}