{"uuid": "fdd0ceb1-9916-11db-74cf-000000000005", "counter": 5, "stdout": "\r\nPLAY [deploy VM] ***************************************************************", "start_line": 2, "end_line": 4, "runner_ident": "29e426bf-b862-48a6-8679-47faa4b5b00d", "event": "playbook_on_play_start", "pid": 230593, "created": "2023-04-22T16:19:04.475325", "parent_uuid": "c4fedd9c-6d3e-47e6-9c14-540ae535b8f6", "event_data": {"playbook": "vm_create.yml", "playbook_uuid": "c4fedd9c-6d3e-47e6-9c14-540ae535b8f6", "play": "deploy VM", "play_uuid": "fdd0ceb1-9916-11db-74cf-000000000005", "play_pattern": "localhost", "name": "deploy VM", "pattern": "localhost", "uuid": "fdd0ceb1-9916-11db-74cf-000000000005"}}