{"uuid": "a1992cce-2d01-4de9-b0ca-fdbca41e4d38", "counter": 7, "stdout": "", "start_line": 6, "end_line": 6, "runner_ident": "29e426bf-b862-48a6-8679-47faa4b5b00d", "event": "runner_on_start", "pid": 230593, "created": "2023-04-22T16:19:04.486682", "parent_uuid": "fdd0ceb1-9916-11db-74cf-000000000011", "event_data": {"playbook": "vm_create.yml", "playbook_uuid": "c4fedd9c-6d3e-47e6-9c14-540ae535b8f6", "play": "deploy VM", "play_uuid": "fdd0ceb1-9916-11db-74cf-000000000005", "play_pattern": "localhost", "task": "Gathering Facts", "task_uuid": "fdd0ceb1-9916-11db-74cf-000000000011", "task_action": "gather_facts", "resolved_action": "gather_facts", "task_args": "", "task_path": "/home/csc792/eBPF-xDP/southbound/vm_create.yml:1", "host": "localhost", "uuid": "a1992cce-2d01-4de9-b0ca-fdbca41e4d38"}}