{"uuid": "fdd0ceb1-9916-11db-74cf-000000000007", "counter": 9, "stdout": "\r\nTASK [Clone VM from base_image] ************************************************", "start_line": 7, "end_line": 9, "runner_ident": "29e426bf-b862-48a6-8679-47faa4b5b00d", "event": "playbook_on_task_start", "pid": 230593, "created": "2023-04-22T16:19:05.526459", "parent_uuid": "fdd0ceb1-9916-11db-74cf-000000000005", "event_data": {"playbook": "vm_create.yml", "playbook_uuid": "c4fedd9c-6d3e-47e6-9c14-540ae535b8f6", "play": "deploy VM", "play_uuid": "fdd0ceb1-9916-11db-74cf-000000000005", "play_pattern": "localhost", "task": "Clone VM from base_image", "task_uuid": "fdd0ceb1-9916-11db-74cf-000000000007", "task_action": "command", "resolved_action": "command", "task_args": "", "task_path": "/home/csc792/eBPF-xDP/southbound/vm_create.yml:9", "name": "Clone VM from base_image", "is_conditional": false, "uuid": "fdd0ceb1-9916-11db-74cf-000000000007"}}