{"uuid": "9074098c-fdba-4473-9d34-975b76a6f3a4", "counter": 10, "stdout": "", "start_line": 10, "end_line": 10, "runner_ident": "5f4e0417-3953-485b-9b3f-96be380a1d5d", "event": "runner_on_start", "pid": 237858, "created": "2023-04-22T16:38:29.597166", "parent_uuid": "fdd0ceb1-9916-f4d6-0e4d-000000000009", "event_data": {"playbook": "vm_create.yml", "playbook_uuid": "5636ec69-d378-4dc0-b6b5-92360c992516", "play": "deploy VM", "play_uuid": "fdd0ceb1-9916-f4d6-0e4d-000000000006", "play_pattern": "localhost", "task": "Undefine cloned image", "task_uuid": "fdd0ceb1-9916-f4d6-0e4d-000000000009", "task_action": "command", "resolved_action": "command", "task_args": "", "task_path": "/home/csc792/eBPF-xDP/southbound/vm_create.yml:13", "host": "localhost", "uuid": "9074098c-fdba-4473-9d34-975b76a6f3a4"}}