{"uuid": "9103dca4-6b8e-4def-9f2d-727b94b19ea9", "counter": 11, "stdout": "\u001b[0;33mchanged: [localhost]\u001b[0m\r\n\u001b[0;33m\u001b[0m", "start_line": 10, "end_line": 11, "runner_ident": "5f4e0417-3953-485b-9b3f-96be380a1d5d", "event": "runner_on_ok", "pid": 237858, "created": "2023-04-22T16:38:29.836983", "parent_uuid": "fdd0ceb1-9916-f4d6-0e4d-000000000009", "event_data": {"playbook": "vm_create.yml", "playbook_uuid": "5636ec69-d378-4dc0-b6b5-92360c992516", "play": "deploy VM", "play_uuid": "fdd0ceb1-9916-f4d6-0e4d-000000000006", "play_pattern": "localhost", "task": "Undefine cloned image", "task_uuid": "fdd0ceb1-9916-f4d6-0e4d-000000000009", "task_action": "command", "resolved_action": "command", "task_args": "", "task_path": "/home/csc792/eBPF-xDP/southbound/vm_create.yml:13", "host": "localhost", "remote_addr": "127.0.0.1", "res": {"cmd": ["virsh", "undefine", "tenant6-vm3"], "stdout": "Domain tenant6-vm3 has been undefined", "stderr": "", "rc": 0, "start": "2023-04-22 16:38:29.799948", "end": "2023-04-22 16:38:29.818306", "delta": "0:00:00.018358", "changed": true, "invocation": {"module_args": {"_raw_params": "virsh undefine tenant6-vm3", "warn": true, "_uses_shell": false, "stdin_add_newline": true, "strip_empty_ends": true, "argv": null, "chdir": null, "executable": null, "creates": null, "removes": null, "stdin": null}}, "stdout_lines": ["Domain tenant6-vm3 has been undefined"], "stderr_lines": [], "_ansible_no_log": false}, "start": "2023-04-22T16:38:29.597078", "end": "2023-04-22T16:38:29.836782", "duration": 0.239704, "event_loop": null, "uuid": "9103dca4-6b8e-4def-9f2d-727b94b19ea9"}}