{"uuid": "9a21195d-6567-499c-84b9-250682fea132", "counter": 13, "stdout": "", "start_line": 13, "end_line": 13, "runner_ident": "5f4e0417-3953-485b-9b3f-96be380a1d5d", "event": "runner_on_start", "pid": 237858, "created": "2023-04-22T16:38:29.853249", "parent_uuid": "fdd0ceb1-9916-f4d6-0e4d-00000000000a", "event_data": {"playbook": "vm_create.yml", "playbook_uuid": "5636ec69-d378-4dc0-b6b5-92360c992516", "play": "deploy VM", "play_uuid": "fdd0ceb1-9916-f4d6-0e4d-000000000006", "play_pattern": "localhost", "task": "Define new VM", "task_uuid": "fdd0ceb1-9916-f4d6-0e4d-00000000000a", "task_action": "community.libvirt.virt", "resolved_action": "community.libvirt.virt", "task_args": "", "task_path": "/home/csc792/eBPF-xDP/southbound/vm_create.yml:17", "host": "localhost", "uuid": "9a21195d-6567-499c-84b9-250682fea132"}}