{"uuid": "fdd0ceb1-9916-f4d6-0e4d-00000000000b", "counter": 15, "stdout": "\r\nTASK [Reset Cloned VM parameters] **********************************************", "start_line": 14, "end_line": 16, "runner_ident": "5f4e0417-3953-485b-9b3f-96be380a1d5d", "event": "playbook_on_task_start", "pid": 237858, "created": "2023-04-22T16:38:57.876956", "parent_uuid": "fdd0ceb1-9916-f4d6-0e4d-000000000006", "event_data": {"playbook": "vm_create.yml", "playbook_uuid": "5636ec69-d378-4dc0-b6b5-92360c992516", "play": "deploy VM", "play_uuid": "fdd0ceb1-9916-f4d6-0e4d-000000000006", "play_pattern": "localhost", "task": "Reset Cloned VM parameters", "task_uuid": "fdd0ceb1-9916-f4d6-0e4d-00000000000b", "task_action": "command", "resolved_action": "command", "task_args": "", "task_path": "/home/csc792/eBPF-xDP/southbound/vm_create.yml:22", "name": "Reset Cloned VM parameters", "is_conditional": false, "uuid": "fdd0ceb1-9916-f4d6-0e4d-00000000000b"}}