{"uuid": "8af5f897-a344-4153-b0f0-94a4fbbd6ab8", "counter": 16, "stdout": "", "start_line": 16, "end_line": 16, "runner_ident": "5f4e0417-3953-485b-9b3f-96be380a1d5d", "event": "runner_on_start", "pid": 237858, "created": "2023-04-22T16:38:57.877677", "parent_uuid": "fdd0ceb1-9916-f4d6-0e4d-00000000000b", "event_data": {"playbook": "vm_create.yml", "playbook_uuid": "5636ec69-d378-4dc0-b6b5-92360c992516", "play": "deploy VM", "play_uuid": "fdd0ceb1-9916-f4d6-0e4d-000000000006", "play_pattern": "localhost", "task": "Reset Cloned VM parameters", "task_uuid": "fdd0ceb1-9916-f4d6-0e4d-00000000000b", "task_action": "command", "resolved_action": "command", "task_args": "", "task_path": "/home/csc792/eBPF-xDP/southbound/vm_create.yml:22", "host": "localhost", "uuid": "8af5f897-a344-4153-b0f0-94a4fbbd6ab8"}}