{"uuid": "33910227-a696-4e75-9100-6b6c686f02c9", "counter": 17, "stdout": "\u001b[0;33mchanged: [localhost]\u001b[0m\r\n\u001b[0;33m\u001b[0m", "start_line": 16, "end_line": 17, "runner_ident": "5f4e0417-3953-485b-9b3f-96be380a1d5d", "event": "runner_on_ok", "pid": 237858, "created": "2023-04-22T16:39:15.463695", "parent_uuid": "fdd0ceb1-9916-f4d6-0e4d-00000000000b", "event_data": {"playbook": "vm_create.yml", "playbook_uuid": "5636ec69-d378-4dc0-b6b5-92360c992516", "play": "deploy VM", "play_uuid": "fdd0ceb1-9916-f4d6-0e4d-000000000006", "play_pattern": "localhost", "task": "Reset Cloned VM parameters", "task_uuid": "fdd0ceb1-9916-f4d6-0e4d-00000000000b", "task_action": "command", "resolved_action": "command", "task_args": "", "task_path": "/home/csc792/eBPF-xDP/southbound/vm_create.yml:22", "host": "localhost", "remote_addr": "127.0.0.1", "res": {"cmd": ["virt-sysprep", "-d", "tenant6-vm3", "--hostname", "tenant6-vm3"], "stdout": "[   0.0] Examining the guest ...\n[  14.4] Performing \"abrt-data\" ...\n[  14.5] Performing \"backup-files\" ...\n[  14.9] Performing \"bash-history\" ...\n[  14.9] Performing \"blkid-tab\" ...\n[  15.0] Performing \"crash-data\" ...\n[  15.0] Performing \"cron-spool\" ...\n[  15.0] Performing \"dhcp-client-state\" ...\n[  15.1] Performing \"dhcp-server-state\" ...\n[  15.1] Performing \"dovecot-data\" ...\n[  15.1] Performing \"logfiles\" ...\n[  15.2] Performing \"machine-id\" ...\n[  15.2] Performing \"mail-spool\" ...\n[  15.2] Performing \"net-hostname\" ...\n[  15.3] Performing \"net-hwaddr\" ...\n[  15.3] Performing \"pacct-log\" ...\n[  15.3] Performing \"package-manager-cache\" ...\n[  15.4] Performing \"pam-data\" ...\n[  15.4] Performing \"passwd-backups\" ...\n[  15.4] Performing \"puppet-data-log\" ...\n[  15.4] Performing \"rh-subscription-manager\" ...\n[  15.4] Performing \"rhn-systemid\" ...\n[  15.5] Performing \"rpm-db\" ...\n[  15.5] Performing \"samba-db-log\" ...\n[  15.5] Performing \"script\" ...\n[  15.5] Performing \"smolt-uuid\" ...\n[  15.5] Performing \"ssh-hostkeys\" ...\n[  15.6] Performing \"ssh-userdir\" ...\n[  15.6] Performing \"sssd-db-log\" ...\n[  15.6] Performing \"tmp-files\" ...\n[  15.6] Performing \"udev-persistent-net\" ...\n[  15.6] Performing \"utmp\" ...\n[  15.6] Performing \"yum-uuid\" ...\n[  15.7] Performing \"customize\" ...\n[  15.7] Setting a random seed\n[  15.7] Setting the machine ID in /etc/machine-id\n[  15.7] Setting the hostname: tenant6-vm3\n[  16.9] Performing \"lvm-uuids\" ...", "stderr": "", "rc": 0, "start": "2023-04-22 16:38:58.159788", "end": "2023-04-22 16:39:15.440680", "delta": "0:00:17.280892", "changed": true, "invocation": {"module_args": {"_raw_params": "virt-sysprep -d tenant6-vm3 --hostname tenant6-vm3", "warn": true, "_uses_shell": false, "stdin_add_newline": true, "strip_empty_ends": true, "argv": null, "chdir": null, "executable": null, "creates": null, "removes": null, "stdin": null}}, "stdout_lines": ["[   0.0] Examining the guest ...", "[  14.4] Performing \"abrt-data\" ...", "[  14.5] Performing \"backup-files\" ...", "[  14.9] Performing \"bash-history\" ...", "[  14.9] Performing \"blkid-tab\" ...", "[  15.0] Performing \"crash-data\" ...", "[  15.0] Performing \"cron-spool\" ...", "[  15.0] Performing \"dhcp-client-state\" ...", "[  15.1] Performing \"dhcp-server-state\" ...", "[  15.1] Performing \"dovecot-data\" ...", "[  15.1] Performing \"logfiles\" ...", "[  15.2] Performing \"machine-id\" ...", "[  15.2] Performing \"mail-spool\" ...", "[  15.2] Performing \"net-hostname\" ...", "[  15.3] Performing \"net-hwaddr\" ...", "[  15.3] Performing \"pacct-log\" ...", "[  15.3] Performing \"package-manager-cache\" ...", "[  15.4] Performing \"pam-data\" ...", "[  15.4] Performing \"passwd-backups\" ...", "[  15.4] Performing \"puppet-data-log\" ...", "[  15.4] Performing \"rh-subscription-manager\" ...", "[  15.4] Performing \"rhn-systemid\" ...", "[  15.5] Performing \"rpm-db\" ...", "[  15.5] Performing \"samba-db-log\" ...", "[  15.5] Performing \"script\" ...", "[  15.5] Performing \"smolt-uuid\" ...", "[  15.5] Performing \"ssh-hostkeys\" ...", "[  15.6] Performing \"ssh-userdir\" ...", "[  15.6] Performing \"sssd-db-log\" ...", "[  15.6] Performing \"tmp-files\" ...", "[  15.6] Performing \"udev-persistent-net\" ...", "[  15.6] Performing \"utmp\" ...", "[  15.6] Performing \"yum-uuid\" ...", "[  15.7] Performing \"customize\" ...", "[  15.7] Setting a random seed", "[  15.7] Setting the machine ID in /etc/machine-id", "[  15.7] Setting the hostname: tenant6-vm3", "[  16.9] Performing \"lvm-uuids\" ..."], "stderr_lines": [], "_ansible_no_log": false}, "start": "2023-04-22T16:38:57.877610", "end": "2023-04-22T16:39:15.463473", "duration": 17.585863, "event_loop": null, "uuid": "33910227-a696-4e75-9100-6b6c686f02c9"}}