{"uuid": "fdd0ceb1-9916-f4d6-0e4d-00000000000c", "counter": 18, "stdout": "\r\nTASK [Start the new VM] ********************************************************", "start_line": 17, "end_line": 19, "runner_ident": "5f4e0417-3953-485b-9b3f-96be380a1d5d", "event": "playbook_on_task_start", "pid": 237858, "created": "2023-04-22T16:39:15.481392", "parent_uuid": "fdd0ceb1-9916-f4d6-0e4d-000000000006", "event_data": {"playbook": "vm_create.yml", "playbook_uuid": "5636ec69-d378-4dc0-b6b5-92360c992516", "play": "deploy VM", "play_uuid": "fdd0ceb1-9916-f4d6-0e4d-000000000006", "play_pattern": "localhost", "task": "Start the new VM", "task_uuid": "fdd0ceb1-9916-f4d6-0e4d-00000000000c", "task_action": "community.libvirt.virt", "resolved_action": "community.libvirt.virt", "task_args": "", "task_path": "/home/csc792/eBPF-xDP/southbound/vm_create.yml:26", "name": "Start the new VM", "is_conditional": false, "uuid": "fdd0ceb1-9916-f4d6-0e4d-00000000000c"}}