{"uuid": "fdd0ceb1-9916-f4d6-0e4d-000000000006", "counter": 2, "stdout": "\r\nPLAY [deploy VM] ***************************************************************", "start_line": 0, "end_line": 2, "runner_ident": "5f4e0417-3953-485b-9b3f-96be380a1d5d", "event": "playbook_on_play_start", "pid": 237858, "created": "2023-04-22T16:38:20.610885", "parent_uuid": "5636ec69-d378-4dc0-b6b5-92360c992516", "event_data": {"playbook": "vm_create.yml", "playbook_uuid": "5636ec69-d378-4dc0-b6b5-92360c992516", "play": "deploy VM", "play_uuid": "fdd0ceb1-9916-f4d6-0e4d-000000000006", "play_pattern": "localhost", "name": "deploy VM", "pattern": "localhost", "uuid": "fdd0ceb1-9916-f4d6-0e4d-000000000006"}}