{"uuid": "fdd0ceb1-9916-f4d6-0e4d-00000000000d", "counter": 21, "stdout": "\r\nTASK [Validate VM's is state] **************************************************", "start_line": 20, "end_line": 22, "runner_ident": "5f4e0417-3953-485b-9b3f-96be380a1d5d", "event": "playbook_on_task_start", "pid": 237858, "created": "2023-04-22T16:39:16.737603", "parent_uuid": "fdd0ceb1-9916-f4d6-0e4d-000000000006", "event_data": {"playbook": "vm_create.yml", "playbook_uuid": "5636ec69-d378-4dc0-b6b5-92360c992516", "play": "deploy VM", "play_uuid": "fdd0ceb1-9916-f4d6-0e4d-000000000006", "play_pattern": "localhost", "task": "Validate VM's is state", "task_uuid": "fdd0ceb1-9916-f4d6-0e4d-00000000000d", "task_action": "community.libvirt.virt", "resolved_action": "community.libvirt.virt", "task_args": "", "task_path": "/home/csc792/eBPF-xDP/southbound/vm_create.yml:31", "name": "Validate VM's is state", "is_conditional": false, "uuid": "fdd0ceb1-9916-f4d6-0e4d-00000000000d"}}