{"uuid": "f1fac570-d905-4259-8a9f-830cd4a2b3fb", "counter": 23, "stdout": "\u001b[0;32mok: [localhost]\u001b[0m\r\n\u001b[0;32m\u001b[0m", "start_line": 22, "end_line": 23, "runner_ident": "5f4e0417-3953-485b-9b3f-96be380a1d5d", "event": "runner_on_ok", "pid": 237858, "created": "2023-04-22T16:39:17.969483", "parent_uuid": "fdd0ceb1-9916-f4d6-0e4d-00000000000d", "event_data": {"playbook": "vm_create.yml", "playbook_uuid": "5636ec69-d378-4dc0-b6b5-92360c992516", "play": "deploy VM", "play_uuid": "fdd0ceb1-9916-f4d6-0e4d-000000000006", "play_pattern": "localhost", "task": "Validate VM's is state", "task_uuid": "fdd0ceb1-9916-f4d6-0e4d-00000000000d", "task_action": "community.libvirt.virt", "resolved_action": "community.libvirt.virt", "task_args": "", "task_path": "/home/csc792/eBPF-xDP/southbound/vm_create.yml:31", "host": "localhost", "remote_addr": "127.0.0.1", "res": {"invocation": {"module_args": {"name": "tenant6-vm3", "state": "running", "uri": "qemu:///system", "autostart": null, "command": null, "xml": null}}, "_ansible_no_log": false, "changed": false}, "start": "2023-04-22T16:39:16.738073", "end": "2023-04-22T16:39:17.969248", "duration": 1.231175, "event_loop": null, "uuid": "f1fac570-d905-4259-8a9f-830cd4a2b3fb"}}