{"uuid": "1897c1a8-c6aa-4bba-a125-bce5c37f3c8c", "counter": 4, "stdout": "", "start_line": 4, "end_line": 4, "runner_ident": "5f4e0417-3953-485b-9b3f-96be380a1d5d", "event": "runner_on_start", "pid": 237858, "created": "2023-04-22T16:38:20.703722", "parent_uuid": "fdd0ceb1-9916-f4d6-0e4d-000000000012", "event_data": {"playbook": "vm_create.yml", "playbook_uuid": "5636ec69-d378-4dc0-b6b5-92360c992516", "play": "deploy VM", "play_uuid": "fdd0ceb1-9916-f4d6-0e4d-000000000006", "play_pattern": "localhost", "task": "Gathering Facts", "task_uuid": "fdd0ceb1-9916-f4d6-0e4d-000000000012", "task_action": "gather_facts", "resolved_action": "gather_facts", "task_args": "", "task_path": "/home/csc792/eBPF-xDP/southbound/vm_create.yml:1", "host": "localhost", "uuid": "1897c1a8-c6aa-4bba-a125-bce5c37f3c8c"}}