{"uuid": "4977b033-8765-4e70-975f-e4f3dbe5910b", "counter": 7, "stdout": "", "start_line": 7, "end_line": 7, "runner_ident": "5f4e0417-3953-485b-9b3f-96be380a1d5d", "event": "runner_on_start", "pid": 237858, "created": "2023-04-22T16:38:22.179792", "parent_uuid": "fdd0ceb1-9916-f4d6-0e4d-000000000008", "event_data": {"playbook": "vm_create.yml", "playbook_uuid": "5636ec69-d378-4dc0-b6b5-92360c992516", "play": "deploy VM", "play_uuid": "fdd0ceb1-9916-f4d6-0e4d-000000000006", "play_pattern": "localhost", "task": "Clone VM from base_image", "task_uuid": "fdd0ceb1-9916-f4d6-0e4d-000000000008", "task_action": "command", "resolved_action": "command", "task_args": "", "task_path": "/home/csc792/eBPF-xDP/southbound/vm_create.yml:9", "host": "localhost", "uuid": "4977b033-8765-4e70-975f-e4f3dbe5910b"}}