{"uuid": "4cfd16a5-d82e-4d29-af02-3eea0ebb2151", "counter": 8, "stdout": "\u001b[0;33mchanged: [localhost]\u001b[0m\r\n\u001b[0;33m\u001b[0m", "start_line": 7, "end_line": 8, "runner_ident": "5f4e0417-3953-485b-9b3f-96be380a1d5d", "event": "runner_on_ok", "pid": 237858, "created": "2023-04-22T16:38:29.575949", "parent_uuid": "fdd0ceb1-9916-f4d6-0e4d-000000000008", "event_data": {"playbook": "vm_create.yml", "playbook_uuid": "5636ec69-d378-4dc0-b6b5-92360c992516", "play": "deploy VM", "play_uuid": "fdd0ceb1-9916-f4d6-0e4d-000000000006", "play_pattern": "localhost", "task": "Clone VM from base_image", "task_uuid": "fdd0ceb1-9916-f4d6-0e4d-000000000008", "task_action": "command", "resolved_action": "command", "task_args": "", "task_path": "/home/csc792/eBPF-xDP/southbound/vm_create.yml:9", "host": "localhost", "remote_addr": "127.0.0.1", "res": {"cmd": ["virt-clone", "--original", "base-vm", "--name", "tenant6-vm3", "--auto-clone"], "stdout": "\rAllocating 'tenant6-vm3.im  5% [-                ]    0 B/s | 522 MB  --:-- ETA \r\rAllocating 'tenant6-vm3.im  9% [=-               ] 199 MB/s | 960 MB  00:46 ETA \r\rAllocating 'tenant6-vm3.im 14% [==-              ] 272 MB/s | 1.5 GB  00:32 ETA \r\rAllocating 'tenant6-vm3.im 19% [===              ] 321 MB/s | 2.0 GB  00:25 ETA \r\rAllocating 'tenant6-vm3.im 25% [====             ] 363 MB/s | 2.5 GB  00:21 ETA \r\rAllocating 'tenant6-vm3.im 30% [=====            ] 410 MB/s | 3.1 GB  00:17 ETA \r\rAllocating 'tenant6-vm3.img'                                |  10 GB  00:06     \n\nClone 'tenant6-vm3' created successfully.", "stderr": "", "rc": 0, "start": "2023-04-22 16:38:22.461269", "end": "2023-04-22 16:38:29.548037", "delta": "0:00:07.086768", "changed": true, "invocation": {"module_args": {"_raw_params": "virt-clone --original base-vm --name tenant6-vm3 --auto-clone", "warn": true, "_uses_shell": false, "stdin_add_newline": true, "strip_empty_ends": true, "argv": null, "chdir": null, "executable": null, "creates": null, "removes": null, "stdin": null}}, "stdout_lines": ["", "Allocating 'tenant6-vm3.im  5% [-                ]    0 B/s | 522 MB  --:-- ETA ", "", "Allocating 'tenant6-vm3.im  9% [=-               ] 199 MB/s | 960 MB  00:46 ETA ", "", "Allocating 'tenant6-vm3.im 14% [==-              ] 272 MB/s | 1.5 GB  00:32 ETA ", "", "Allocating 'tenant6-vm3.im 19% [===              ] 321 MB/s | 2.0 GB  00:25 ETA ", "", "Allocating 'tenant6-vm3.im 25% [====             ] 363 MB/s | 2.5 GB  00:21 ETA ", "", "Allocating 'tenant6-vm3.im 30% [=====            ] 410 MB/s | 3.1 GB  00:17 ETA ", "", "Allocating 'tenant6-vm3.img'                                |  10 GB  00:06     ", "", "Clone 'tenant6-vm3' created successfully."], "stderr_lines": [], "_ansible_no_log": false}, "start": "2023-04-22T16:38:22.179729", "end": "2023-04-22T16:38:29.575615", "duration": 7.395886, "event_loop": null, "uuid": "4cfd16a5-d82e-4d29-af02-3eea0ebb2151"}}