{"uuid": "fdd0ceb1-9916-4ec6-8e00-000000000006", "counter": 2, "stdout": "\r\nPLAY [deploy VM] ***************************************************************", "start_line": 0, "end_line": 2, "runner_ident": "4dcb993d-4e5c-4cf3-8611-0c58606b288b", "event": "playbook_on_play_start", "pid": 238754, "created": "2023-04-22T16:41:57.400225", "parent_uuid": "4b0449bf-b62d-4568-8f50-cbcc48d18ca6", "event_data": {"playbook": "vm_create.yml", "playbook_uuid": "4b0449bf-b62d-4568-8f50-cbcc48d18ca6", "play": "deploy VM", "play_uuid": "fdd0ceb1-9916-4ec6-8e00-000000000006", "play_pattern": "localhost", "name": "deploy VM", "pattern": "localhost", "uuid": "fdd0ceb1-9916-4ec6-8e00-000000000006"}}