{"uuid": "5bc05ae9-ceec-4ca1-8d33-402ab7cf6f28", "counter": 4, "stdout": "", "start_line": 4, "end_line": 4, "runner_ident": "4dcb993d-4e5c-4cf3-8611-0c58606b288b", "event": "runner_on_start", "pid": 238754, "created": "2023-04-22T16:41:57.412589", "parent_uuid": "fdd0ceb1-9916-4ec6-8e00-000000000012", "event_data": {"playbook": "vm_create.yml", "playbook_uuid": "4b0449bf-b62d-4568-8f50-cbcc48d18ca6", "play": "deploy VM", "play_uuid": "fdd0ceb1-9916-4ec6-8e00-000000000006", "play_pattern": "localhost", "task": "Gathering Facts", "task_uuid": "fdd0ceb1-9916-4ec6-8e00-000000000012", "task_action": "gather_facts", "resolved_action": "gather_facts", "task_args": "", "task_path": "/home/csc792/eBPF-xDP/southbound/vm_create.yml:1", "host": "localhost", "uuid": "5bc05ae9-ceec-4ca1-8d33-402ab7cf6f28"}}