{"uuid": "fdd0ceb1-9916-4ec6-8e00-000000000008", "counter": 6, "stdout": "\r\nTASK [Clone VM from base_image] ************************************************", "start_line": 5, "end_line": 7, "runner_ident": "4dcb993d-4e5c-4cf3-8611-0c58606b288b", "event": "playbook_on_task_start", "pid": 238754, "created": "2023-04-22T16:41:58.717978", "parent_uuid": "fdd0ceb1-9916-4ec6-8e00-000000000006", "event_data": {"playbook": "vm_create.yml", "playbook_uuid": "4b0449bf-b62d-4568-8f50-cbcc48d18ca6", "play": "deploy VM", "play_uuid": "fdd0ceb1-9916-4ec6-8e00-000000000006", "play_pattern": "localhost", "task": "Clone VM from base_image", "task_uuid": "fdd0ceb1-9916-4ec6-8e00-000000000008", "task_action": "command", "resolved_action": "command", "task_args": "", "task_path": "/home/csc792/eBPF-xDP/southbound/vm_create.yml:9", "name": "Clone VM from base_image", "is_conditional": false, "uuid": "fdd0ceb1-9916-4ec6-8e00-000000000008"}}