{"uuid": "370467ee-b333-4297-ae6e-edfa3d71a331", "counter": 8, "stdout": "\u001b[0;31mfatal: [localhost]: FAILED! => {\"changed\": true, \"cmd\": [\"virt-clone\", \"--original\", \"base-vm\", \"--name\", \"tenant7-vm2\", \"--auto-clone\"], \"delta\": \"0:00:00.229435\", \"end\": \"2023-04-22 16:41:59.234776\", \"msg\": \"non-zero return code\", \"rc\": 1, \"start\": \"2023-04-22 16:41:59.005341\", \"stderr\": \"ERROR    Invalid name for new guest: Guest name 'tenant7-vm2' is already in use.\", \"stderr_lines\": [\"ERROR    Invalid name for new guest: Guest name 'tenant7-vm2' is already in use.\"], \"stdout\": \"\", \"stdout_lines\": []}\u001b[0m\r\n\u001b[0;31m\u001b[0m", "start_line": 7, "end_line": 8, "runner_ident": "4dcb993d-4e5c-4cf3-8611-0c58606b288b", "event": "runner_on_failed", "pid": 238754, "created": "2023-04-22T16:41:59.256940", "parent_uuid": "fdd0ceb1-9916-4ec6-8e00-000000000008", "event_data": {"playbook": "vm_create.yml", "playbook_uuid": "4b0449bf-b62d-4568-8f50-cbcc48d18ca6", "play": "deploy VM", "play_uuid": "fdd0ceb1-9916-4ec6-8e00-000000000006", "play_pattern": "localhost", "task": "Clone VM from base_image", "task_uuid": "fdd0ceb1-9916-4ec6-8e00-000000000008", "task_action": "command", "resolved_action": "command", "task_args": "", "task_path": "/home/csc792/eBPF-xDP/southbound/vm_create.yml:9", "host": "localhost", "remote_addr": "127.0.0.1", "res": {"msg": "non-zero return code", "cmd": ["virt-clone", "--original", "base-vm", "--name", "tenant7-vm2", "--auto-clone"], "stdout": "", "stderr": "ERROR    Invalid name for new guest: Guest name 'tenant7-vm2' is already in use.", "rc": 1, "start": "2023-04-22 16:41:59.005341", "end": "2023-04-22 16:41:59.234776", "delta": "0:00:00.229435", "changed": true, "invocation": {"module_args": {"_raw_params": "virt-clone --original base-vm --name tenant7-vm2 --auto-clone", "warn": true, "_uses_shell": false, "stdin_add_newline": true, "strip_empty_ends": true, "argv": null, "chdir": null, "executable": null, "creates": null, "removes": null, "stdin": null}}, "stdout_lines": [], "stderr_lines": ["ERROR    Invalid name for new guest: Guest name 'tenant7-vm2' is already in use."], "_ansible_no_log": false}, "start": "2023-04-22T16:41:58.718593", "end": "2023-04-22T16:41:59.256761", "duration": 0.538168, "ignore_errors": null, "event_loop": null, "uuid": "370467ee-b333-4297-ae6e-edfa3d71a331"}}