{"uuid": "3fb9d923-f961-4214-a6e8-9108d8366155", "counter": 9, "stdout": "\r\nPLAY RECAP *********************************************************************\r\n\u001b[0;31mlocalhost\u001b[0m                  : \u001b[0;32mok=1   \u001b[0m changed=0    unreachable=0    \u001b[0;31mfailed=1   \u001b[0m skipped=0    rescued=0    ignored=0   ", "start_line": 8, "end_line": 12, "runner_ident": "4dcb993d-4e5c-4cf3-8611-0c58606b288b", "event": "playbook_on_stats", "pid": 238754, "created": "2023-04-22T16:41:59.258564", "parent_uuid": "4b0449bf-b62d-4568-8f50-cbcc48d18ca6", "event_data": {"playbook": "vm_create.yml", "playbook_uuid": "4b0449bf-b62d-4568-8f50-cbcc48d18ca6", "changed": {}, "dark": {}, "failures": {"localhost": 1}, "ignored": {}, "ok": {"localhost": 1}, "processed": {"localhost": 1}, "rescued": {}, "skipped": {}, "artifact_data": {}, "uuid": "3fb9d923-f961-4214-a6e8-9108d8366155"}}