{"uuid": "ac3bd2c7-6b47-4c83-8166-6bc486187c0f", "counter": 11, "stdout": "", "start_line": 10, "end_line": 10, "runner_ident": "5e78b878-a880-40b6-af7b-3e747d0865ac", "event": "runner_on_start", "pid": 232039, "created": "2023-04-22T16:23:21.707840", "parent_uuid": "fdd0ceb1-9916-7011-80eb-000000000008", "event_data": {"playbook": "bridge_create.yml", "playbook_uuid": "2d04cb23-500c-4ad6-b719-f1624cca66f0", "play": "localhost", "play_uuid": "fdd0ceb1-9916-7011-80eb-000000000006", "play_pattern": "localhost", "task": "Check if bridge exists", "task_uuid": "fdd0ceb1-9916-7011-80eb-000000000008", "task_action": "command", "resolved_action": "command", "task_args": "", "task_path": "/home/csc792/eBPF-xDP/southbound/bridge_create.yml:10", "host": "localhost", "uuid": "ac3bd2c7-6b47-4c83-8166-6bc486187c0f"}}