{"uuid": "8f105645-7670-41e9-8f62-342a524097bf", "counter": 12, "stdout": "\u001b[0;31mfatal: [localhost]: FAILED! => {\"changed\": true, \"cmd\": [\"brctl\", \"show\", \"tenant7tenet1\"], \"delta\": \"0:00:00.005475\", \"end\": \"2023-04-22 16:23:21.977972\", \"msg\": \"non-zero return code\", \"rc\": 1, \"start\": \"2023-04-22 16:23:21.972497\", \"stderr\": \"bridge tenant7tenet1 does not exist!\", \"stderr_lines\": [\"bridge tenant7tenet1 does not exist!\"], \"stdout\": \"\", \"stdout_lines\": []}\u001b[0m\r\n\u001b[0;31m\u001b[0m\u001b[0;36m...ignoring\u001b[0m\r\n\u001b[0;36m\u001b[0m", "start_line": 10, "end_line": 12, "runner_ident": "5e78b878-a880-40b6-af7b-3e747d0865ac", "event": "runner_on_failed", "pid": 232039, "created": "2023-04-22T16:23:21.996010", "parent_uuid": "fdd0ceb1-9916-7011-80eb-000000000008", "event_data": {"playbook": "bridge_create.yml", "playbook_uuid": "2d04cb23-500c-4ad6-b719-f1624cca66f0", "play": "localhost", "play_uuid": "fdd0ceb1-9916-7011-80eb-000000000006", "play_pattern": "localhost", "task": "Check if bridge exists", "task_uuid": "fdd0ceb1-9916-7011-80eb-000000000008", "task_action": "command", "resolved_action": "command", "task_args": "", "task_path": "/home/csc792/eBPF-xDP/southbound/bridge_create.yml:10", "host": "localhost", "remote_addr": "127.0.0.1", "res": {"msg": "non-zero return code", "cmd": ["brctl", "show", "tenant7tenet1"], "stdout": "", "stderr": "bridge tenant7tenet1 does not exist!", "rc": 1, "start": "2023-04-22 16:23:21.972497", "end": "2023-04-22 16:23:21.977972", "delta": "0:00:00.005475", "changed": true, "invocation": {"module_args": {"_raw_params": "brctl show tenant7tenet1", "warn": true, "_uses_shell": false, "stdin_add_newline": true, "strip_empty_ends": true, "argv": null, "chdir": null, "executable": null, "creates": null, "removes": null, "stdin": null}}, "stdout_lines": [], "stderr_lines": ["bridge tenant7tenet1 does not exist!"], "_ansible_no_log": false}, "start": "2023-04-22T16:23:21.707777", "end": "2023-04-22T16:23:21.995788", "duration": 0.288011, "ignore_errors": true, "event_loop": null, "uuid": "8f105645-7670-41e9-8f62-342a524097bf"}}