{"uuid": "fdd0ceb1-9916-7011-80eb-000000000009", "counter": 13, "stdout": "\r\nTASK [Create bridge if it does not exist] **************************************", "start_line": 12, "end_line": 14, "runner_ident": "5e78b878-a880-40b6-af7b-3e747d0865ac", "event": "playbook_on_task_start", "pid": 232039, "created": "2023-04-22T16:23:22.006918", "parent_uuid": "fdd0ceb1-9916-7011-80eb-000000000006", "event_data": {"playbook": "bridge_create.yml", "playbook_uuid": "2d04cb23-500c-4ad6-b719-f1624cca66f0", "play": "localhost", "play_uuid": "fdd0ceb1-9916-7011-80eb-000000000006", "play_pattern": "localhost", "task": "Create bridge if it does not exist", "task_uuid": "fdd0ceb1-9916-7011-80eb-000000000009", "task_action": "command", "resolved_action": "command", "task_args": "", "task_path": "/home/csc792/eBPF-xDP/southbound/bridge_create.yml:16", "name": "Create bridge if it does not exist", "is_conditional": false, "uuid": "fdd0ceb1-9916-7011-80eb-000000000009"}}