{"uuid": "63a44236-624f-4f35-b33d-a73cd8300abd", "counter": 15, "stdout": "\u001b[0;33mchanged: [localhost]\u001b[0m\r\n\u001b[0;33m\u001b[0m", "start_line": 14, "end_line": 15, "runner_ident": "5e78b878-a880-40b6-af7b-3e747d0865ac", "event": "runner_on_ok", "pid": 232039, "created": "2023-04-22T16:23:22.219348", "parent_uuid": "fdd0ceb1-9916-7011-80eb-000000000009", "event_data": {"playbook": "bridge_create.yml", "playbook_uuid": "2d04cb23-500c-4ad6-b719-f1624cca66f0", "play": "localhost", "play_uuid": "fdd0ceb1-9916-7011-80eb-000000000006", "play_pattern": "localhost", "task": "Create bridge if it does not exist", "task_uuid": "fdd0ceb1-9916-7011-80eb-000000000009", "task_action": "command", "resolved_action": "command", "task_args": "", "task_path": "/home/csc792/eBPF-xDP/southbound/bridge_create.yml:16", "host": "localhost", "remote_addr": "127.0.0.1", "res": {"cmd": ["brctl", "addbr", "tenant7tenet1"], "stdout": "", "stderr": "", "rc": 0, "start": "2023-04-22 16:23:22.195314", "end": "2023-04-22 16:23:22.198765", "delta": "0:00:00.003451", "changed": true, "invocation": {"module_args": {"_raw_params": "brctl addbr tenant7tenet1", "warn": true, "_uses_shell": false, "stdin_add_newline": true, "strip_empty_ends": true, "argv": null, "chdir": null, "executable": null, "creates": null, "removes": null, "stdin": null}}, "stdout_lines": [], "stderr_lines": [], "_ansible_no_log": false}, "start": "2023-04-22T16:23:22.007384", "end": "2023-04-22T16:23:22.219135", "duration": 0.211751, "event_loop": null, "uuid": "63a44236-624f-4f35-b33d-a73cd8300abd"}}