{"uuid": "fdd0ceb1-9916-7011-80eb-00000000000a", "counter": 16, "stdout": "\r\nTASK [Set bridge up] ***********************************************************", "start_line": 15, "end_line": 17, "runner_ident": "5e78b878-a880-40b6-af7b-3e747d0865ac", "event": "playbook_on_task_start", "pid": 232039, "created": "2023-04-22T16:23:22.230170", "parent_uuid": "fdd0ceb1-9916-7011-80eb-000000000006", "event_data": {"playbook": "bridge_create.yml", "playbook_uuid": "2d04cb23-500c-4ad6-b719-f1624cca66f0", "play": "localhost", "play_uuid": "fdd0ceb1-9916-7011-80eb-000000000006", "play_pattern": "localhost", "task": "Set bridge up", "task_uuid": "fdd0ceb1-9916-7011-80eb-00000000000a", "task_action": "command", "resolved_action": "command", "task_args": "", "task_path": "/home/csc792/eBPF-xDP/southbound/bridge_create.yml:20", "name": "Set bridge up", "is_conditional": false, "uuid": "fdd0ceb1-9916-7011-80eb-00000000000a"}}