{"uuid": "2db75f25-7c5c-4a57-b93e-b8f91cde81a6", "counter": 18, "stdout": "\u001b[0;33mchanged: [localhost]\u001b[0m\r\n\u001b[0;33m\u001b[0m", "start_line": 17, "end_line": 18, "runner_ident": "5e78b878-a880-40b6-af7b-3e747d0865ac", "event": "runner_on_ok", "pid": 232039, "created": "2023-04-22T16:23:22.439299", "parent_uuid": "fdd0ceb1-9916-7011-80eb-00000000000a", "event_data": {"playbook": "bridge_create.yml", "playbook_uuid": "2d04cb23-500c-4ad6-b719-f1624cca66f0", "play": "localhost", "play_uuid": "fdd0ceb1-9916-7011-80eb-000000000006", "play_pattern": "localhost", "task": "Set bridge up", "task_uuid": "fdd0ceb1-9916-7011-80eb-00000000000a", "task_action": "command", "resolved_action": "command", "task_args": "", "task_path": "/home/csc792/eBPF-xDP/southbound/bridge_create.yml:20", "host": "localhost", "remote_addr": "127.0.0.1", "res": {"cmd": ["ip", "link", "set", "dev", "tenant7tenet1", "up"], "stdout": "", "stderr": "", "rc": 0, "start": "2023-04-22 16:23:22.415856", "end": "2023-04-22 16:23:22.420452", "delta": "0:00:00.004596", "changed": true, "invocation": {"module_args": {"_raw_params": "ip link set dev tenant7tenet1 up", "warn": true, "_uses_shell": false, "stdin_add_newline": true, "strip_empty_ends": true, "argv": null, "chdir": null, "executable": null, "creates": null, "removes": null, "stdin": null}}, "stdout_lines": [], "stderr_lines": [], "_ansible_no_log": false}, "start": "2023-04-22T16:23:22.230621", "end": "2023-04-22T16:23:22.439093", "duration": 0.208472, "event_loop": null, "uuid": "2db75f25-7c5c-4a57-b93e-b8f91cde81a6"}}