{"uuid": "19ba0202-1de9-49de-b23d-bacaf9f66d2f", "counter": 19, "stdout": "\r\nPLAY RECAP *********************************************************************\r\n\u001b[0;33mlocalhost\u001b[0m                  : \u001b[0;32mok=4   \u001b[0m \u001b[0;33mchanged=3   \u001b[0m unreachable=0    failed=0    skipped=0    rescued=0    \u001b[1;35mignored=1   \u001b[0m", "start_line": 18, "end_line": 22, "runner_ident": "5e78b878-a880-40b6-af7b-3e747d0865ac", "event": "playbook_on_stats", "pid": 232039, "created": "2023-04-22T16:23:22.441585", "parent_uuid": "2d04cb23-500c-4ad6-b719-f1624cca66f0", "event_data": {"playbook": "bridge_create.yml", "playbook_uuid": "2d04cb23-500c-4ad6-b719-f1624cca66f0", "changed": {"localhost": 3}, "dark": {}, "failures": {}, "ignored": {"localhost": 1}, "ok": {"localhost": 4}, "processed": {"localhost": 1}, "rescued": {}, "skipped": {}, "artifact_data": {}, "uuid": "19ba0202-1de9-49de-b23d-bacaf9f66d2f"}}