{"uuid": "fdd0ceb1-9916-7011-80eb-000000000006", "counter": 6, "stdout": "\r\nPLAY [localhost] ***************************************************************", "start_line": 3, "end_line": 5, "runner_ident": "5e78b878-a880-40b6-af7b-3e747d0865ac", "event": "playbook_on_play_start", "pid": 232039, "created": "2023-04-22T16:23:20.482596", "parent_uuid": "2d04cb23-500c-4ad6-b719-f1624cca66f0", "event_data": {"playbook": "bridge_create.yml", "playbook_uuid": "2d04cb23-500c-4ad6-b719-f1624cca66f0", "play": "localhost", "play_uuid": "fdd0ceb1-9916-7011-80eb-000000000006", "play_pattern": "localhost", "name": "localhost", "pattern": "localhost", "uuid": "fdd0ceb1-9916-7011-80eb-000000000006"}}