{"uuid": "a9dd686e-df0a-42d2-adf7-73cb011fde32", "counter": 8, "stdout": "", "start_line": 7, "end_line": 7, "runner_ident": "5e78b878-a880-40b6-af7b-3e747d0865ac", "event": "runner_on_start", "pid": 232039, "created": "2023-04-22T16:23:20.493610", "parent_uuid": "fdd0ceb1-9916-7011-80eb-00000000000f", "event_data": {"playbook": "bridge_create.yml", "playbook_uuid": "2d04cb23-500c-4ad6-b719-f1624cca66f0", "play": "localhost", "play_uuid": "fdd0ceb1-9916-7011-80eb-000000000006", "play_pattern": "localhost", "task": "Gathering Facts", "task_uuid": "fdd0ceb1-9916-7011-80eb-00000000000f", "task_action": "gather_facts", "resolved_action": "gather_facts", "task_args": "", "task_path": "/home/csc792/eBPF-xDP/southbound/bridge_create.yml:1", "host": "localhost", "uuid": "a9dd686e-df0a-42d2-adf7-73cb011fde32"}}