{"uuid": "4f18449a-be38-4222-afea-10ac66f93687", "counter": 10, "stdout": "", "start_line": 9, "end_line": 9, "runner_ident": "a7c51e8d-40d7-4b51-92d8-fce93cb25d46", "event": "runner_on_start", "pid": 231793, "created": "2023-04-22T16:22:53.929992", "parent_uuid": "fdd0ceb1-9916-2c28-f9eb-000000000008", "event_data": {"playbook": "gateway_configure.yml", "playbook_uuid": "b3ec1564-55f8-4004-9fc0-99067d7dd69c", "play": "Install libraries", "play_uuid": "fdd0ceb1-9916-2c28-f9eb-000000000006", "play_pattern": "all", "task": "Install the dnsmasq library", "task_uuid": "fdd0ceb1-9916-2c28-f9eb-000000000008", "task_action": "apt", "resolved_action": "apt", "task_args": "", "task_path": "/home/csc792/eBPF-xDP/southbound/gateway_configure.yml:9", "host": "192.168.123.191", "uuid": "4f18449a-be38-4222-afea-10ac66f93687"}}