{"uuid": "fd1c8796-e53d-4f3f-80e2-f19c548ae668", "counter": 11, "stdout": "\u001b[0;33mchanged: [192.168.123.191] => {\"cache_update_time\": 1682180578, \"cache_updated\": true, \"changed\": true, \"stderr\": \"\", \"stderr_lines\": [], \"stdout\": \"Reading package lists...\\nBuilding dependency tree...\\nReading state information...\\nThe following additional packages will be installed:\\n  dns-root-data dnsmasq-base libidn11\\nSuggested packages:\\n  resolvconf\\nThe following NEW packages will be installed:\\n  dns-root-data dnsmasq dnsmasq-base libidn11\\n0 upgraded, 4 newly installed, 0 to remove and 33 not upgraded.\\nNeed to get 383 kB of archives.\\nAfter this operation, 1155 kB of additional disk space will be used.\\nGet:1 http://us.archive.ubuntu.com/ubuntu focal/main amd64 dns-root-data all 2019052802 [5300 B]\\nGet:2 http://us.archive.ubuntu.com/ubuntu focal/main amd64 libidn11 amd64 1.33-2.2ubuntu2 [46.2 kB]\\nGet:3 http://us.archive.ubuntu.com/ubuntu focal-updates/main amd64 dnsmasq-base amd64 2.80-1.1ubuntu1.7 [315 kB]\\nGet:4 http://us.archive.ubuntu.com/ubuntu focal-updates/universe amd64 dnsmasq all 2.80-1.1ubuntu1.7 [16.5 kB]\\nFetched 383 kB in 0s (1493 kB/s)\\nSelecting previously unselected package dns-root-data.\\r\\n(Reading database ... \\r(Reading database ... 5%\\r(Reading database ... 10%\\r(Reading database ... 15%\\r(Reading database ... 20%\\r(Reading database ... 25%\\r(Reading database ... 30%\\r(Reading database ... 35%\\r(Reading database ... 40%\\r(Reading database ... 45%\\r(Reading database ... 50%\\r(Reading database ... 55%\\r(Reading database ... 60%\\r(Reading database ... 65%\\r(Reading database ... 70%\\r(Reading database ... 75%\\r(Reading database ... 80%\\r(Reading database ... 85%\\r(Reading database ... 90%\\r(Reading database ... 95%\\r(Reading database ... 100%\\r(Reading database ... 72284 files and directories currently installed.)\\r\\nPreparing to unpack .../dns-root-data_2019052802_all.deb ...\\r\\nUnpacking dns-root-data (2019052802) ...\\r\\nSelecting previously unselected package libidn11:amd64.\\r\\nPreparing to unpack .../libidn11_1.33-2.2ubuntu2_amd64.deb ...\\r\\nUnpacking libidn11:amd64 (1.33-2.2ubuntu2) ...\\r\\nSelecting previously unselected package dnsmasq-base.\\r\\nPreparing to unpack .../dnsmasq-base_2.80-1.1ubuntu1.7_amd64.deb ...\\r\\nUnpacking dnsmasq-base (2.80-1.1ubuntu1.7) ...\\r\\nSelecting previously unselected package dnsmasq.\\r\\nPreparing to unpack .../dnsmasq_2.80-1.1ubuntu1.7_all.deb ...\\r\\nUnpacking dnsmasq (2.80-1.1ubuntu1.7) ...\\r\\nSetting up dns-root-data (2019052802) ...\\r\\nSetting up libidn11:amd64 (1.33-2.2ubuntu2) ...\\r\\nSetting up dnsmasq-base (2.80-1.1ubuntu1.7) ...\\r\\nSetting up dnsmasq (2.80-1.1ubuntu1.7) ...\\r\\nCreated symlink /etc/systemd/system/multi-user.target.wants/dnsmasq.service -> /lib/systemd/system/dnsmasq.service.\\r\\nJob for dnsmasq.service failed because the control process exited with error code.\\r\\nSee \\\"systemctl status dnsmasq.service\\\" and \\\"journalctl -xe\\\" for details.\\r\\ninvoke-rc.d: initscript dnsmasq, action \\\"start\\\" failed.\\r\\n\\u001b[0;1;31m*\\u001b[0m dnsmasq.service - dnsmasq - A lightweight DHCP and caching DNS server\\r\\n     Loaded: loaded (\\u001b]8;;file://pgw-test16/lib/systemd/system/dnsmasq.service\\u0007/lib/systemd/system/dnsmasq.service\\u001b]8;;\\u0007; enabled; vendor preset: enabled)\\r\\n     Active: \\u001b[0;1;31mfailed\\u001b[0m (Result: exit-code) since Sat 2023-04-22 16:23:07 UTC; 6ms ago\\r\\n    Process: 14602 ExecStartPre=/usr/sbin/dnsmasq --test (code=exited, status=0/SUCCESS)\\r\\n    Process: 14603 ExecStart=/etc/init.d/dnsmasq systemd-exec \\u001b[0;1;31m(code=exited, status=2)\\u001b[0m\\r\\n\\r\\nApr 22 16:23:07 pgw-test16 systemd[1]: Starting dnsmasq - A lightweight DHCP and caching DNS server...\\r\\nApr 22 16:23:07 pgw-test16 dnsmasq[14602]: dnsmasq: syntax check OK.\\r\\nApr 22 16:23:07 pgw-test16 dnsmasq[14603]: dnsmasq: failed to create listening socket for port 53: Address already in use\\r\\nApr 22 16:23:07 pgw-test16 dnsmasq[14603]: \\u001b[0;1;31m\\u001b[0;1;39m\\u001b[0;1;31mfailed to create listening socket for port 53: Address already in use\\u001b[0m\\r\\nApr 22 16:23:07 pgw-test16 dnsmasq[14603]: \\u001b[0;1;31m\\u001b[0;1;39m\\u001b[0;1;31mFAILED to start up\\u001b[0m\\r\\nApr 22 16:23:07 pgw-test16 systemd[1]: \\u001b[0;1;39m\\u001b[0;1;31m\\u001b[0;1;39mdnsmasq.service: Control process exited, code=exited, status=2/INVALIDARGUMENT\\u001b[0m\\r\\nApr 22 16:23:07 pgw-test16 systemd[1]: \\u001b[0;1;38;5;185m\\u001b[0;1;39m\\u001b[0;1;38;5;185mdnsmasq.service: Failed with result 'exit-code'.\\u001b[0m\\r\\nApr 22 16:23:07 pgw-test16 systemd[1]: \\u001b[0;1;31m\\u001b[0;1;39m\\u001b[0;1;31mFailed to start dnsmasq - A lightweight DHCP and caching DNS server.\\u001b[0m\\r\\nProcessing triggers for libc-bin (2.31-0ubuntu9.9) ...\\r\\nProcessing triggers for systemd (245.4-4ubuntu3.20) ...\\r\\nProcessing triggers for man-db (2.9.1-1) ...\\r\\nProcessing triggers for dbus (1.12.16-2ubuntu2.3) ...\\r\\n\", \"stdout_lines\": [\"Reading package lists...\", \"Building dependency tree...\", \"Reading state information...\", \"The following additional packages will be installed:\", \"  dns-root-data dnsmasq-base libidn11\", \"Suggested packages:\", \"  resolvconf\", \"The following NEW packages will be installed:\", \"  dns-root-data dnsmasq dnsmasq-base libidn11\", \"0 upgraded, 4 newly installed, 0 to remove and 33 not upgraded.\", \"Need to get 383 kB of archives.\", \"After this operation, 1155 kB of additional disk space will be used.\", \"Get:1 http://us.archive.ubuntu.com/ubuntu focal/main amd64 dns-root-data all 2019052802 [5300 B]\", \"Get:2 http://us.archive.ubuntu.com/ubuntu focal/main amd64 libidn11 amd64 1.33-2.2ubuntu2 [46.2 kB]\", \"Get:3 http://us.archive.ubuntu.com/ubuntu focal-updates/main amd64 dnsmasq-base amd64 2.80-1.1ubuntu1.7 [315 kB]\", \"Get:4 http://us.archive.ubuntu.com/ubuntu focal-updates/universe amd64 dnsmasq all 2.80-1.1ubuntu1.7 [16.5 kB]\", \"Fetched 383 kB in 0s (1493 kB/s)\", \"Selecting previously unselected package dns-root-data.\", \"(Reading database ... \", \"(Reading database ... 5%\", \"(Reading database ... 10%\", \"(Reading database ... 15%\", \"(Reading database ... 20%\", \"(Reading database ... 25%\", \"(Reading database ... 30%\", \"(Reading database ... 35%\", \"(Reading database ... 40%\", \"(Reading database ... 45%\", \"(Reading database ... 50%\", \"(Reading database ... 55%\", \"(Reading database ... 60%\", \"(Reading database ... 65%\", \"(Reading database ... 70%\", \"(Reading database ... 75%\", \"(Reading database ... 80%\", \"(Reading database ... 85%\", \"(Reading database ... 90%\", \"(Reading database ... 95%\", \"(Reading database ... 100%\", \"(Reading database ... 72284 files and directories currently installed.)\", \"Preparing to unpack .../dns-root-data_2019052802_all.deb ...\", \"Unpacking dns-root-data (2019052802) ...\", \"Selecting previously unselected package libidn11:amd64.\", \"Preparing to unpack .../libidn11_1.33-2.2ubuntu2_amd64.deb ...\", \"Unpacking libidn11:amd64 (1.33-2.2ubuntu2) ...\", \"Selecting previously unselected package dnsmasq-base.\", \"Preparing to unpack .../dnsmasq-base_2.80-1.1ubuntu1.7_amd64.deb ...\", \"Unpacking dnsmasq-base (2.80-1.1ubuntu1.7) ...\", \"Selecting previously unselected package dnsmasq.\", \"Preparing to unpack .../dnsmasq_2.80-1.1ubuntu1.7_all.deb ...\", \"Unpacking dnsmasq (2.80-1.1ubuntu1.7) ...\", \"Setting up dns-root-data (2019052802) ...\", \"Setting up libidn11:amd64 (1.33-2.2ubuntu2) ...\", \"Setting up dnsmasq-base (2.80-1.1ubuntu1.7) ...\", \"Setting up dnsmasq (2.80-1.1ubuntu1.7) ...\", \"Created symlink /etc/systemd/system/multi-user.target.wants/dnsmasq.service -> /lib/systemd/system/dnsmasq.service.\", \"Job for dnsmasq.service failed because the control process exited with error code.\", \"See \\\"systemctl status dnsmasq.service\\\" and \\\"journalctl -xe\\\" for details.\", \"invoke-rc.d: initscript dnsmasq, action \\\"start\\\" failed.\", \"\\u001b[0;1;31m*\\u001b[0m dnsmasq.service - dnsmasq - A lightweight DHCP and caching DNS server\", \"     Loaded: loaded (\\u001b]8;;file://pgw-test16/lib/systemd/system/dnsmasq.service\\u0007/lib/systemd/system/dnsmasq.service\\u001b]8;;\\u0007; enabled; vendor preset: enabled)\", \"     Active: \\u001b[0;1;31mfailed\\u001b[0m (Result: exit-code) since Sat 2023-04-22 16:23:07 UTC; 6ms ago\", \"    Process: 14602 ExecStartPre=/usr/sbin/dnsmasq --test (code=exited, status=0/SUCCESS)\", \"    Process: 14603 ExecStart=/etc/init.d/dnsmasq systemd-exec \\u001b[0;1;31m(code=exited, status=2)\\u001b[0m\", \"\", \"Apr 22 16:23:07 pgw-test16 systemd[1]: Starting dnsmasq - A lightweight DHCP and caching DNS server...\", \"Apr 22 16:23:07 pgw-test16 dnsmasq[14602]: dnsmasq: syntax check OK.\", \"Apr 22 16:23:07 pgw-test16 dnsmasq[14603]: dnsmasq: failed to create listening socket for port 53: Address already in use\", \"Apr 22 16:23:07 pgw-test16 dnsmasq[14603]: \\u001b[0;1;31m\\u001b[0;1;39m\\u001b[0;1;31mfailed to create listening socket for port 53: Address already in use\\u001b[0m\", \"Apr 22 16:23:07 pgw-test16 dnsmasq[14603]: \\u001b[0;1;31m\\u001b[0;1;39m\\u001b[0;1;31mFAILED to start up\\u001b[0m\", \"Apr 22 16:23:07 pgw-test16 systemd[1]: \\u001b[0;1;39m\\u001b[0;1;31m\\u001b[0;1;39mdnsmasq.service: Control process exited, code=exited, status=2/INVALIDARGUMENT\\u001b[0m\", \"Apr 22 16:23:07 pgw-test16 systemd[1]: \\u001b[0;1;38;5;185m\\u001b[0;1;39m\\u001b[0;1;38;5;185mdnsmasq.service: Failed with result 'exit-code'.\\u001b[0m\", \"Apr 22 16:23:07 pgw-test16 systemd[1]: \\u001b[0;1;31m\\u001b[0;1;39m\\u001b[0;1;31mFailed to start dnsmasq - A lightweight DHCP and caching DNS server.\\u001b[0m\", \"Processing triggers for libc-bin (2.31-0ubuntu9.9) ...\", \"Processing triggers for systemd (245.4-4ubuntu3.20) ...\", \"Processing triggers for man-db (2.9.1-1) ...\", \"Processing triggers for dbus (1.12.16-2ubuntu2.3) ...\"]}\u001b[0m\r\n\u001b[0;33m\u001b[0m", "start_line": 9, "end_line": 10, "runner_ident": "a7c51e8d-40d7-4b51-92d8-fce93cb25d46", "event": "runner_on_ok", "pid": 231793, "created": "2023-04-22T16:23:09.778641", "parent_uuid": "fdd0ceb1-9916-2c28-f9eb-000000000008", "event_data": {"playbook": "gateway_configure.yml", "playbook_uuid": "b3ec1564-55f8-4004-9fc0-99067d7dd69c", "play": "Install libraries", "play_uuid": "fdd0ceb1-9916-2c28-f9eb-000000000006", "play_pattern": "all", "task": "Install the dnsmasq library", "task_uuid": "fdd0ceb1-9916-2c28-f9eb-000000000008", "task_action": "apt", "resolved_action": "apt", "task_args": "", "task_path": "/home/csc792/eBPF-xDP/southbound/gateway_configure.yml:9", "host": "192.168.123.191", "remote_addr": "192.168.123.191", "res": {"changed": true, "stdout": "Reading package lists...\nBuilding dependency tree...\nReading state information...\nThe following additional packages will be installed:\n  dns-root-data dnsmasq-base libidn11\nSuggested packages:\n  resolvconf\nThe following NEW packages will be installed:\n  dns-root-data dnsmasq dnsmasq-base libidn11\n0 upgraded, 4 newly installed, 0 to remove and 33 not upgraded.\nNeed to get 383 kB of archives.\nAfter this operation, 1155 kB of additional disk space will be used.\nGet:1 http://us.archive.ubuntu.com/ubuntu focal/main amd64 dns-root-data all 2019052802 [5300 B]\nGet:2 http://us.archive.ubuntu.com/ubuntu focal/main amd64 libidn11 amd64 1.33-2.2ubuntu2 [46.2 kB]\nGet:3 http://us.archive.ubuntu.com/ubuntu focal-updates/main amd64 dnsmasq-base amd64 2.80-1.1ubuntu1.7 [315 kB]\nGet:4 http://us.archive.ubuntu.com/ubuntu focal-updates/universe amd64 dnsmasq all 2.80-1.1ubuntu1.7 [16.5 kB]\nFetched 383 kB in 0s (1493 kB/s)\nSelecting previously unselected package dns-root-data.\r\n(Reading database ... \r(Reading database ... 5%\r(Reading database ... 10%\r(Reading database ... 15%\r(Reading database ... 20%\r(Reading database ... 25%\r(Reading database ... 30%\r(Reading database ... 35%\r(Reading database ... 40%\r(Reading database ... 45%\r(Reading database ... 50%\r(Reading database ... 55%\r(Reading database ... 60%\r(Reading database ... 65%\r(Reading database ... 70%\r(Reading database ... 75%\r(Reading database ... 80%\r(Reading database ... 85%\r(Reading database ... 90%\r(Reading database ... 95%\r(Reading database ... 100%\r(Reading database ... 72284 files and directories currently installed.)\r\nPreparing to unpack .../dns-root-data_2019052802_all.deb ...\r\nUnpacking dns-root-data (2019052802) ...\r\nSelecting previously unselected package libidn11:amd64.\r\nPreparing to unpack .../libidn11_1.33-2.2ubuntu2_amd64.deb ...\r\nUnpacking libidn11:amd64 (1.33-2.2ubuntu2) ...\r\nSelecting previously unselected package dnsmasq-base.\r\nPreparing to unpack .../dnsmasq-base_2.80-1.1ubuntu1.7_amd64.deb ...\r\nUnpacking dnsmasq-base (2.80-1.1ubuntu1.7) ...\r\nSelecting previously unselected package dnsmasq.\r\nPreparing to unpack .../dnsmasq_2.80-1.1ubuntu1.7_all.deb ...\r\nUnpacking dnsmasq (2.80-1.1ubuntu1.7) ...\r\nSetting up dns-root-data (2019052802) ...\r\nSetting up libidn11:amd64 (1.33-2.2ubuntu2) ...\r\nSetting up dnsmasq-base (2.80-1.1ubuntu1.7) ...\r\nSetting up dnsmasq (2.80-1.1ubuntu1.7) ...\r\nCreated symlink /etc/systemd/system/multi-user.target.wants/dnsmasq.service -> /lib/systemd/system/dnsmasq.service.\r\nJob for dnsmasq.service failed because the control process exited with error code.\r\nSee \"systemctl status dnsmasq.service\" and \"journalctl -xe\" for details.\r\ninvoke-rc.d: initscript dnsmasq, action \"start\" failed.\r\n\u001b[0;1;31m*\u001b[0m dnsmasq.service - dnsmasq - A lightweight DHCP and caching DNS server\r\n     Loaded: loaded (\u001b]8;;file://pgw-test16/lib/systemd/system/dnsmasq.service\u0007/lib/systemd/system/dnsmasq.service\u001b]8;;\u0007; enabled; vendor preset: enabled)\r\n     Active: \u001b[0;1;31mfailed\u001b[0m (Result: exit-code) since Sat 2023-04-22 16:23:07 UTC; 6ms ago\r\n    Process: 14602 ExecStartPre=/usr/sbin/dnsmasq --test (code=exited, status=0/SUCCESS)\r\n    Process: 14603 ExecStart=/etc/init.d/dnsmasq systemd-exec \u001b[0;1;31m(code=exited, status=2)\u001b[0m\r\n\r\nApr 22 16:23:07 pgw-test16 systemd[1]: Starting dnsmasq - A lightweight DHCP and caching DNS server...\r\nApr 22 16:23:07 pgw-test16 dnsmasq[14602]: dnsmasq: syntax check OK.\r\nApr 22 16:23:07 pgw-test16 dnsmasq[14603]: dnsmasq: failed to create listening socket for port 53: Address already in use\r\nApr 22 16:23:07 pgw-test16 dnsmasq[14603]: \u001b[0;1;31m\u001b[0;1;39m\u001b[0;1;31mfailed to create listening socket for port 53: Address already in use\u001b[0m\r\nApr 22 16:23:07 pgw-test16 dnsmasq[14603]: \u001b[0;1;31m\u001b[0;1;39m\u001b[0;1;31mFAILED to start up\u001b[0m\r\nApr 22 16:23:07 pgw-test16 systemd[1]: \u001b[0;1;39m\u001b[0;1;31m\u001b[0;1;39mdnsmasq.service: Control process exited, code=exited, status=2/INVALIDARGUMENT\u001b[0m\r\nApr 22 16:23:07 pgw-test16 systemd[1]: \u001b[0;1;38;5;185m\u001b[0;1;39m\u001b[0;1;38;5;185mdnsmasq.service: Failed with result 'exit-code'.\u001b[0m\r\nApr 22 16:23:07 pgw-test16 systemd[1]: \u001b[0;1;31m\u001b[0;1;39m\u001b[0;1;31mFailed to start dnsmasq - A lightweight DHCP and caching DNS server.\u001b[0m\r\nProcessing triggers for libc-bin (2.31-0ubuntu9.9) ...\r\nProcessing triggers for systemd (245.4-4ubuntu3.20) ...\r\nProcessing triggers for man-db (2.9.1-1) ...\r\nProcessing triggers for dbus (1.12.16-2ubuntu2.3) ...\r\n", "stderr": "", "diff": {}, "cache_updated": true, "cache_update_time": 1682180578, "invocation": {"module_args": {"name": "dnsmasq", "update_cache": true, "package": ["dnsmasq"], "state": "present", "cache_valid_time": 0, "purge": false, "force": false, "dpkg_options": "force-confdef,force-confold", "autoremove": false, "autoclean": false, "only_upgrade": false, "force_apt_get": false, "allow_unauthenticated": false, "deb": null, "default_release": null, "install_recommends": null, "upgrade": null, "policy_rc_d": null}}, "stdout_lines": ["Reading package lists...", "Building dependency tree...", "Reading state information...", "The following additional packages will be installed:", "  dns-root-data dnsmasq-base libidn11", "Suggested packages:", "  resolvconf", "The following NEW packages will be installed:", "  dns-root-data dnsmasq dnsmasq-base libidn11", "0 upgraded, 4 newly installed, 0 to remove and 33 not upgraded.", "Need to get 383 kB of archives.", "After this operation, 1155 kB of additional disk space will be used.", "Get:1 http://us.archive.ubuntu.com/ubuntu focal/main amd64 dns-root-data all 2019052802 [5300 B]", "Get:2 http://us.archive.ubuntu.com/ubuntu focal/main amd64 libidn11 amd64 1.33-2.2ubuntu2 [46.2 kB]", "Get:3 http://us.archive.ubuntu.com/ubuntu focal-updates/main amd64 dnsmasq-base amd64 2.80-1.1ubuntu1.7 [315 kB]", "Get:4 http://us.archive.ubuntu.com/ubuntu focal-updates/universe amd64 dnsmasq all 2.80-1.1ubuntu1.7 [16.5 kB]", "Fetched 383 kB in 0s (1493 kB/s)", "Selecting previously unselected package dns-root-data.", "(Reading database ... ", "(Reading database ... 5%", "(Reading database ... 10%", "(Reading database ... 15%", "(Reading database ... 20%", "(Reading database ... 25%", "(Reading database ... 30%", "(Reading database ... 35%", "(Reading database ... 40%", "(Reading database ... 45%", "(Reading database ... 50%", "(Reading database ... 55%", "(Reading database ... 60%", "(Reading database ... 65%", "(Reading database ... 70%", "(Reading database ... 75%", "(Reading database ... 80%", "(Reading database ... 85%", "(Reading database ... 90%", "(Reading database ... 95%", "(Reading database ... 100%", "(Reading database ... 72284 files and directories currently installed.)", "Preparing to unpack .../dns-root-data_2019052802_all.deb ...", "Unpacking dns-root-data (2019052802) ...", "Selecting previously unselected package libidn11:amd64.", "Preparing to unpack .../libidn11_1.33-2.2ubuntu2_amd64.deb ...", "Unpacking libidn11:amd64 (1.33-2.2ubuntu2) ...", "Selecting previously unselected package dnsmasq-base.", "Preparing to unpack .../dnsmasq-base_2.80-1.1ubuntu1.7_amd64.deb ...", "Unpacking dnsmasq-base (2.80-1.1ubuntu1.7) ...", "Selecting previously unselected package dnsmasq.", "Preparing to unpack .../dnsmasq_2.80-1.1ubuntu1.7_all.deb ...", "Unpacking dnsmasq (2.80-1.1ubuntu1.7) ...", "Setting up dns-root-data (2019052802) ...", "Setting up libidn11:amd64 (1.33-2.2ubuntu2) ...", "Setting up dnsmasq-base (2.80-1.1ubuntu1.7) ...", "Setting up dnsmasq (2.80-1.1ubuntu1.7) ...", "Created symlink /etc/systemd/system/multi-user.target.wants/dnsmasq.service -> /lib/systemd/system/dnsmasq.service.", "Job for dnsmasq.service failed because the control process exited with error code.", "See \"systemctl status dnsmasq.service\" and \"journalctl -xe\" for details.", "invoke-rc.d: initscript dnsmasq, action \"start\" failed.", "\u001b[0;1;31m*\u001b[0m dnsmasq.service - dnsmasq - A lightweight DHCP and caching DNS server", "     Loaded: loaded (\u001b]8;;file://pgw-test16/lib/systemd/system/dnsmasq.service\u0007/lib/systemd/system/dnsmasq.service\u001b]8;;\u0007; enabled; vendor preset: enabled)", "     Active: \u001b[0;1;31mfailed\u001b[0m (Result: exit-code) since Sat 2023-04-22 16:23:07 UTC; 6ms ago", "    Process: 14602 ExecStartPre=/usr/sbin/dnsmasq --test (code=exited, status=0/SUCCESS)", "    Process: 14603 ExecStart=/etc/init.d/dnsmasq systemd-exec \u001b[0;1;31m(code=exited, status=2)\u001b[0m", "", "Apr 22 16:23:07 pgw-test16 systemd[1]: Starting dnsmasq - A lightweight DHCP and caching DNS server...", "Apr 22 16:23:07 pgw-test16 dnsmasq[14602]: dnsmasq: syntax check OK.", "Apr 22 16:23:07 pgw-test16 dnsmasq[14603]: dnsmasq: failed to create listening socket for port 53: Address already in use", "Apr 22 16:23:07 pgw-test16 dnsmasq[14603]: \u001b[0;1;31m\u001b[0;1;39m\u001b[0;1;31mfailed to create listening socket for port 53: Address already in use\u001b[0m", "Apr 22 16:23:07 pgw-test16 dnsmasq[14603]: \u001b[0;1;31m\u001b[0;1;39m\u001b[0;1;31mFAILED to start up\u001b[0m", "Apr 22 16:23:07 pgw-test16 systemd[1]: \u001b[0;1;39m\u001b[0;1;31m\u001b[0;1;39mdnsmasq.service: Control process exited, code=exited, status=2/INVALIDARGUMENT\u001b[0m", "Apr 22 16:23:07 pgw-test16 systemd[1]: \u001b[0;1;38;5;185m\u001b[0;1;39m\u001b[0;1;38;5;185mdnsmasq.service: Failed with result 'exit-code'.\u001b[0m", "Apr 22 16:23:07 pgw-test16 systemd[1]: \u001b[0;1;31m\u001b[0;1;39m\u001b[0;1;31mFailed to start dnsmasq - A lightweight DHCP and caching DNS server.\u001b[0m", "Processing triggers for libc-bin (2.31-0ubuntu9.9) ...", "Processing triggers for systemd (245.4-4ubuntu3.20) ...", "Processing triggers for man-db (2.9.1-1) ...", "Processing triggers for dbus (1.12.16-2ubuntu2.3) ..."], "stderr_lines": [], "_ansible_no_log": false}, "start": "2023-04-22T16:22:53.929932", "end": "2023-04-22T16:23:09.778395", "duration": 15.848463, "event_loop": null, "uuid": "fd1c8796-e53d-4f3f-80e2-f19c548ae668"}}