{"uuid": "fdd0ceb1-9916-2c28-f9eb-000000000009", "counter": 12, "stdout": "\r\nTASK [Get interface details] ***************************************************", "start_line": 10, "end_line": 12, "runner_ident": "a7c51e8d-40d7-4b51-92d8-fce93cb25d46", "event": "playbook_on_task_start", "pid": 231793, "created": "2023-04-22T16:23:09.786382", "parent_uuid": "fdd0ceb1-9916-2c28-f9eb-000000000006", "event_data": {"playbook": "gateway_configure.yml", "playbook_uuid": "b3ec1564-55f8-4004-9fc0-99067d7dd69c", "play": "Install libraries", "play_uuid": "fdd0ceb1-9916-2c28-f9eb-000000000006", "play_pattern": "all", "task": "Get interface details", "task_uuid": "fdd0ceb1-9916-2c28-f9eb-000000000009", "task_action": "shell", "resolved_action": "shell", "task_args": "", "task_path": "/home/csc792/eBPF-xDP/southbound/gateway_configure.yml:14", "name": "Get interface details", "is_conditional": false, "uuid": "fdd0ceb1-9916-2c28-f9eb-000000000009"}}