{"uuid": "5a866c01-c865-49fc-9369-e906ec46c275", "counter": 14, "stdout": "\u001b[0;33mchanged: [192.168.123.191] => {\"changed\": true, \"cmd\": \"ls -h /sys/class/net/\", \"delta\": \"0:00:00.003460\", \"end\": \"2023-04-22 16:23:10.123018\", \"rc\": 0, \"start\": \"2023-04-22 16:23:10.119558\", \"stderr\": \"\", \"stderr_lines\": [], \"stdout\": \"enp1s0\\nenp6s0\\nlo\", \"stdout_lines\": [\"enp1s0\", \"enp6s0\", \"lo\"]}\u001b[0m\r\n\u001b[0;33m\u001b[0m", "start_line": 12, "end_line": 13, "runner_ident": "a7c51e8d-40d7-4b51-92d8-fce93cb25d46", "event": "runner_on_ok", "pid": 231793, "created": "2023-04-22T16:23:10.150528", "parent_uuid": "fdd0ceb1-9916-2c28-f9eb-000000000009", "event_data": {"playbook": "gateway_configure.yml", "playbook_uuid": "b3ec1564-55f8-4004-9fc0-99067d7dd69c", "play": "Install libraries", "play_uuid": "fdd0ceb1-9916-2c28-f9eb-000000000006", "play_pattern": "all", "task": "Get interface details", "task_uuid": "fdd0ceb1-9916-2c28-f9eb-000000000009", "task_action": "command", "resolved_action": "command", "task_args": "", "task_path": "/home/csc792/eBPF-xDP/southbound/gateway_configure.yml:14", "host": "192.168.123.191", "remote_addr": "192.168.123.191", "res": {"cmd": "ls -h /sys/class/net/", "stdout": "enp1s0\nenp6s0\nlo", "stderr": "", "rc": 0, "start": "2023-04-22 16:23:10.119558", "end": "2023-04-22 16:23:10.123018", "delta": "0:00:00.003460", "changed": true, "invocation": {"module_args": {"_raw_params": "ls -h /sys/class/net/", "_uses_shell": true, "warn": true, "stdin_add_newline": true, "strip_empty_ends": true, "argv": null, "chdir": null, "executable": null, "creates": null, "removes": null, "stdin": null}}, "stdout_lines": ["enp1s0", "enp6s0", "lo"], "stderr_lines": [], "_ansible_no_log": false}, "start": "2023-04-22T16:23:09.787215", "end": "2023-04-22T16:23:10.150313", "duration": 0.363098, "event_loop": null, "uuid": "5a866c01-c865-49fc-9369-e906ec46c275"}}