{"uuid": "94d7c517-44ea-404e-a83d-ba3ad432cc3c", "counter": 16, "stdout": "", "start_line": 15, "end_line": 15, "runner_ident": "a7c51e8d-40d7-4b51-92d8-fce93cb25d46", "event": "runner_on_start", "pid": 231793, "created": "2023-04-22T16:23:10.159258", "parent_uuid": "fdd0ceb1-9916-2c28-f9eb-00000000000a", "event_data": {"playbook": "gateway_configure.yml", "playbook_uuid": "b3ec1564-55f8-4004-9fc0-99067d7dd69c", "play": "Install libraries", "play_uuid": "fdd0ceb1-9916-2c28-f9eb-000000000006", "play_pattern": "all", "task": "Unshut all the interfaces", "task_uuid": "fdd0ceb1-9916-2c28-f9eb-00000000000a", "task_action": "shell", "resolved_action": "shell", "task_args": "", "task_path": "/home/csc792/eBPF-xDP/southbound/gateway_configure.yml:18", "host": "192.168.123.191", "uuid": "94d7c517-44ea-404e-a83d-ba3ad432cc3c"}}