{"uuid": "5bdd79e6-e52e-4710-8b8a-7844f3f688e4", "counter": 17, "stdout": "\u001b[0;33mchanged: [192.168.123.191] => {\"changed\": true, \"cmd\": \"ip link set dev enp1s0 up\\nip link set dev enp6s0 up\\nip link set dev lo up\\n\", \"delta\": \"0:00:00.009318\", \"end\": \"2023-04-22 16:23:10.400055\", \"rc\": 0, \"start\": \"2023-04-22 16:23:10.390737\", \"stderr\": \"\", \"stderr_lines\": [], \"stdout\": \"\", \"stdout_lines\": []}\u001b[0m\r\n\u001b[0;33m\u001b[0m", "start_line": 15, "end_line": 16, "runner_ident": "a7c51e8d-40d7-4b51-92d8-fce93cb25d46", "event": "runner_on_ok", "pid": 231793, "created": "2023-04-22T16:23:10.428990", "parent_uuid": "fdd0ceb1-9916-2c28-f9eb-00000000000a", "event_data": {"playbook": "gateway_configure.yml", "playbook_uuid": "b3ec1564-55f8-4004-9fc0-99067d7dd69c", "play": "Install libraries", "play_uuid": "fdd0ceb1-9916-2c28-f9eb-000000000006", "play_pattern": "all", "task": "Unshut all the interfaces", "task_uuid": "fdd0ceb1-9916-2c28-f9eb-00000000000a", "task_action": "command", "resolved_action": "command", "task_args": "", "task_path": "/home/csc792/eBPF-xDP/southbound/gateway_configure.yml:18", "host": "192.168.123.191", "remote_addr": "192.168.123.191", "res": {"cmd": "ip link set dev enp1s0 up\nip link set dev enp6s0 up\nip link set dev lo up\n", "stdout": "", "stderr": "", "rc": 0, "start": "2023-04-22 16:23:10.390737", "end": "2023-04-22 16:23:10.400055", "delta": "0:00:00.009318", "changed": true, "invocation": {"module_args": {"_raw_params": "ip link set dev enp1s0 up\nip link set dev enp6s0 up\nip link set dev lo up\n", "_uses_shell": true, "warn": true, "stdin_add_newline": true, "strip_empty_ends": true, "argv": null, "chdir": null, "executable": null, "creates": null, "removes": null, "stdin": null}}, "stdout_lines": [], "stderr_lines": [], "_ansible_no_log": false}, "start": "2023-04-22T16:23:10.159131", "end": "2023-04-22T16:23:10.428795", "duration": 0.269664, "event_loop": null, "uuid": "5bdd79e6-e52e-4710-8b8a-7844f3f688e4"}}