{"uuid": "fdd0ceb1-9916-2c28-f9eb-00000000000b", "counter": 18, "stdout": "\r\nTASK [Enable DHCP on all the ports] ********************************************", "start_line": 16, "end_line": 18, "runner_ident": "a7c51e8d-40d7-4b51-92d8-fce93cb25d46", "event": "playbook_on_task_start", "pid": 231793, "created": "2023-04-22T16:23:10.480063", "parent_uuid": "fdd0ceb1-9916-2c28-f9eb-000000000006", "event_data": {"playbook": "gateway_configure.yml", "playbook_uuid": "b3ec1564-55f8-4004-9fc0-99067d7dd69c", "play": "Install libraries", "play_uuid": "fdd0ceb1-9916-2c28-f9eb-000000000006", "play_pattern": "all", "task": "Enable DHCP on all the ports", "task_uuid": "fdd0ceb1-9916-2c28-f9eb-00000000000b", "task_action": "ansible.builtin.template", "resolved_action": "ansible.builtin.template", "task_args": "", "task_path": "/home/csc792/eBPF-xDP/southbound/gateway_configure.yml:24", "name": "Enable DHCP on all the ports", "is_conditional": false, "uuid": "fdd0ceb1-9916-2c28-f9eb-00000000000b"}}