{"uuid": "4a8ecd6c-e4aa-4f25-82da-1173b067b3f4", "counter": 11, "stdout": "\u001b[0;33mchanged: [localhost]\u001b[0m\r\n\u001b[0;33m\u001b[0m", "start_line": 10, "end_line": 11, "runner_ident": "0a2d43b6-6f0d-4e57-94b7-ef0888071202", "event": "runner_on_ok", "pid": 240158, "created": "2023-04-22T16:45:02.276037", "parent_uuid": "fdd0ceb1-9916-33c9-60f1-000000000009", "event_data": {"playbook": "vm_create.yml", "playbook_uuid": "3e86f908-ec78-41ab-856f-78da6bfeed7a", "play": "deploy VM", "play_uuid": "fdd0ceb1-9916-33c9-60f1-000000000006", "play_pattern": "localhost", "task": "Undefine cloned image", "task_uuid": "fdd0ceb1-9916-33c9-60f1-000000000009", "task_action": "command", "resolved_action": "command", "task_args": "", "task_path": "/home/csc792/eBPF-xDP/southbound/vm_create.yml:13", "host": "localhost", "remote_addr": "127.0.0.1", "res": {"cmd": ["virsh", "undefine", "tenant7-vm2"], "stdout": "Domain tenant7-vm2 has been undefined", "stderr": "", "rc": 0, "start": "2023-04-22 16:45:01.236267", "end": "2023-04-22 16:45:02.254151", "delta": "0:00:01.017884", "changed": true, "invocation": {"module_args": {"_raw_params": "virsh undefine tenant7-vm2", "warn": true, "_uses_shell": false, "stdin_add_newline": true, "strip_empty_ends": true, "argv": null, "chdir": null, "executable": null, "creates": null, "removes": null, "stdin": null}}, "stdout_lines": ["Domain tenant7-vm2 has been undefined"], "stderr_lines": [], "_ansible_no_log": false}, "start": "2023-04-22T16:45:01.047612", "end": "2023-04-22T16:45:02.275837", "duration": 1.228225, "event_loop": null, "uuid": "4a8ecd6c-e4aa-4f25-82da-1173b067b3f4"}}