{"uuid": "956703c6-19ed-4766-bf9d-c2ff105c30a9", "counter": 14, "stdout": "\u001b[0;33mchanged: [localhost]\u001b[0m\r\n\u001b[0;33m\u001b[0m", "start_line": 13, "end_line": 14, "runner_ident": "0a2d43b6-6f0d-4e57-94b7-ef0888071202", "event": "runner_on_ok", "pid": 240158, "created": "2023-04-22T16:45:29.028689", "parent_uuid": "fdd0ceb1-9916-33c9-60f1-00000000000a", "event_data": {"playbook": "vm_create.yml", "playbook_uuid": "3e86f908-ec78-41ab-856f-78da6bfeed7a", "play": "deploy VM", "play_uuid": "fdd0ceb1-9916-33c9-60f1-000000000006", "play_pattern": "localhost", "task": "Define new VM", "task_uuid": "fdd0ceb1-9916-33c9-60f1-00000000000a", "task_action": "community.libvirt.virt", "resolved_action": "community.libvirt.virt", "task_args": "", "task_path": "/home/csc792/eBPF-xDP/southbound/vm_create.yml:17", "host": "localhost", "remote_addr": "127.0.0.1", "res": {"changed": true, "created": "tenant7-vm2", "invocation": {"module_args": {"command": "define", "xml": "<domain type='kvm'>\n  <name>tenant7-vm2</name>\n  <metadata>\n    <libosinfo:libosinfo xmlns:libosinfo=\"http://libosinfo.org/xmlns/libvirt/domain/1.0\">\n      <libosinfo:os id=\"http://ubuntu.com/ubuntu/20.04\"/>\n    </libosinfo:libosinfo>\n  </metadata>\n  <memory unit='KiB'>2097152</memory>\n  <currentMemory unit='KiB'>2097152</currentMemory>\n  <vcpu placement='static'>1</vcpu>\n  <os>\n    <type arch='x86_64' machine='pc-q35-4.2'>hvm</type>\n    <boot dev='hd'/>\n  </os>\n  <features>\n    <acpi/>\n    <apic/>\n  </features>\n  <cpu mode='host-model' check='partial'/>\n  <clock offset='utc'>\n    <timer name='rtc' tickpolicy='catchup'/>\n    <timer name='pit' tickpolicy='delay'/>\n    <timer name='hpet' present='no'/>\n  </clock>\n  <on_poweroff>destroy</on_poweroff>\n  <on_reboot>restart</on_reboot>\n  <on_crash>destroy</on_crash>\n  <pm>\n    <suspend-to-mem enabled='no'/>\n    <suspend-to-disk enabled='no'/>\n  </pm>\n  <devices>\n    <emulator>/usr/bin/qemu-system-x86_64</emulator>\n    <disk type='file' device='disk'>\n      <driver name='qemu' type='qcow2'/>\n      <source file='/var/lib/libvirt/images/tenant7-vm2.img'/>\n      <target dev='vda' bus='virtio'/>\n      <address type='pci' domain='0x0000' bus='0x03' slot='0x00' function='0x0'/>\n    </disk>\n    <disk type='file' device='cdrom'>\n      <driver name='qemu' type='raw'/>\n      <target dev='sda' bus='sata'/>\n      <readonly/>\n      <address type='drive' controller='0' bus='0' target='0' unit='0'/>\n    </disk>\n    <controller type='usb' index='0' model='ich9-ehci1'>\n      <address type='pci' domain='0x0000' bus='0x00' slot='0x1d' function='0x7'/>\n    </controller>\n    <controller type='usb' index='0' model='ich9-uhci1'>\n      <master startport='0'/>\n      <address type='pci' domain='0x0000' bus='0x00' slot='0x1d' function='0x0' multifunction='on'/>\n    </controller>\n    <controller type='usb' index='0' model='ich9-uhci2'>\n      <master startport='2'/>\n      <address type='pci' domain='0x0000' bus='0x00' slot='0x1d' function='0x1'/>\n    </controller>\n    <controller type='usb' index='0' model='ich9-uhci3'>\n      <master startport='4'/>\n      <address type='pci' domain='0x0000' bus='0x00' slot='0x1d' function='0x2'/>\n    </controller>\n    <controller type='sata' index='0'>\n      <address type='pci' domain='0x0000' bus='0x00' slot='0x1f' function='0x2'/>\n    </controller>\n    <controller type='pci' index='0' model='pcie-root'/>\n    <controller type='pci' index='1' model='pcie-root-port'>\n      <model name='pcie-root-port'/>\n      <target chassis='1' port='0x8'/>\n      <address type='pci' domain='0x0000' bus='0x00' slot='0x01' function='0x0' multifunction='on'/>\n    </controller>\n    <controller type='pci' index='2' model='pcie-root-port'>\n      <model name='pcie-root-port'/>\n      <target chassis='2' port='0x9'/>\n      <address type='pci' domain='0x0000' bus='0x00' slot='0x01' function='0x1'/>\n    </controller>\n    <controller type='pci' index='3' model='pcie-root-port'>\n      <model name='pcie-root-port'/>\n      <target chassis='3' port='0xa'/>\n      <address type='pci' domain='0x0000' bus='0x00' slot='0x01' function='0x2'/>\n    </controller>\n    <controller type='pci' index='4' model='pcie-root-port'>\n      <model name='pcie-root-port'/>\n      <target chassis='4' port='0xb'/>\n      <address type='pci' domain='0x0000' bus='0x00' slot='0x01' function='0x3'/>\n    </controller>\n    <controller type='pci' index='5' model='pcie-root-port'>\n      <model name='pcie-root-port'/>\n      <target chassis='5' port='0xc'/>\n      <address type='pci' domain='0x0000' bus='0x00' slot='0x01' function='0x4'/>\n    </controller>\n    <controller type='pci' index='6' model='pcie-root-port'>\n      <model name='pcie-root-port'/>\n      <target chassis='6' port='0xd'/>\n      <address type='pci' domain='0x0000' bus='0x00' slot='0x01' function='0x5'/>\n    </controller>\n    <controller type='virtio-serial' index='0'>\n      <address type='pci' domain='0x0000' bus='0x02' slot='0x00' function='0x0'/>\n    </controller>\n\n    \n              <interface type='bridge'>\n            <source bridge='tenant7tenet2'/>\n            <model type='virtio'/>\n          </interface>\n        \n    <serial type='pty'>\n      <target type='isa-serial' port='0'>\n        <model name='isa-serial'/>\n      </target>\n    </serial>\n    <console type='pty'>\n      <target type='serial' port='0'/>\n    </console>\n    <channel type='unix'>\n      <target type='virtio' name='org.qemu.guest_agent.0'/>\n      <address type='virtio-serial' controller='0' bus='0' port='1'/>\n    </channel>\n    <input type='mouse' bus='ps2'/>\n    <input type='keyboard' bus='ps2'/>\n    <memballoon model='virtio'>\n      <address type='pci' domain='0x0000' bus='0x04' slot='0x00' function='0x0'/>\n    </memballoon>\n    <rng model='virtio'>\n      <backend model='random'>/dev/urandom</backend>\n      <address type='pci' domain='0x0000' bus='0x05' slot='0x00' function='0x0'/>\n    </rng>\n  </devices>\n</domain>\n", "uri": "qemu:///system", "name": null, "state": null, "autostart": null}}, "_ansible_no_log": false}, "start": "2023-04-22T16:45:02.291762", "end": "2023-04-22T16:45:29.028412", "duration": 26.73665, "event_loop": null, "uuid": "956703c6-19ed-4766-bf9d-c2ff105c30a9"}}