{"uuid": "7ea7480f-c58f-45f5-9e08-3915229be9f7", "counter": 16, "stdout": "", "start_line": 16, "end_line": 16, "runner_ident": "0a2d43b6-6f0d-4e57-94b7-ef0888071202", "event": "runner_on_start", "pid": 240158, "created": "2023-04-22T16:45:29.049064", "parent_uuid": "fdd0ceb1-9916-33c9-60f1-00000000000b", "event_data": {"playbook": "vm_create.yml", "playbook_uuid": "3e86f908-ec78-41ab-856f-78da6bfeed7a", "play": "deploy VM", "play_uuid": "fdd0ceb1-9916-33c9-60f1-000000000006", "play_pattern": "localhost", "task": "Reset Cloned VM parameters", "task_uuid": "fdd0ceb1-9916-33c9-60f1-00000000000b", "task_action": "command", "resolved_action": "command", "task_args": "", "task_path": "/home/csc792/eBPF-xDP/southbound/vm_create.yml:22", "host": "localhost", "uuid": "7ea7480f-c58f-45f5-9e08-3915229be9f7"}}