{"uuid": "adeb19c7-0fcc-412b-9b1d-3e57fc14af60", "counter": 17, "stdout": "\u001b[0;33mchanged: [localhost]\u001b[0m\r\n\u001b[0;33m\u001b[0m", "start_line": 16, "end_line": 17, "runner_ident": "0a2d43b6-6f0d-4e57-94b7-ef0888071202", "event": "runner_on_ok", "pid": 240158, "created": "2023-04-22T16:45:45.856835", "parent_uuid": "fdd0ceb1-9916-33c9-60f1-00000000000b", "event_data": {"playbook": "vm_create.yml", "playbook_uuid": "3e86f908-ec78-41ab-856f-78da6bfeed7a", "play": "deploy VM", "play_uuid": "fdd0ceb1-9916-33c9-60f1-000000000006", "play_pattern": "localhost", "task": "Reset Cloned VM parameters", "task_uuid": "fdd0ceb1-9916-33c9-60f1-00000000000b", "task_action": "command", "resolved_action": "command", "task_args": "", "task_path": "/home/csc792/eBPF-xDP/southbound/vm_create.yml:22", "host": "localhost", "remote_addr": "127.0.0.1", "res": {"cmd": ["virt-sysprep", "-d", "tenant7-vm2", "--hostname", "tenant7-vm2"], "stdout": "[   0.0] Examining the guest ...\n[  13.9] Performing \"abrt-data\" ...\n[  13.9] Performing \"backup-files\" ...\n[  14.3] Performing \"bash-history\" ...\n[  14.3] Performing \"blkid-tab\" ...\n[  14.4] Performing \"crash-data\" ...\n[  14.4] Performing \"cron-spool\" ...\n[  14.4] Performing \"dhcp-client-state\" ...\n[  14.4] Performing \"dhcp-server-state\" ...\n[  14.4] Performing \"dovecot-data\" ...\n[  14.4] Performing \"logfiles\" ...\n[  14.6] Performing \"machine-id\" ...\n[  14.6] Performing \"mail-spool\" ...\n[  14.6] Performing \"net-hostname\" ...\n[  14.6] Performing \"net-hwaddr\" ...\n[  14.7] Performing \"pacct-log\" ...\n[  14.7] Performing \"package-manager-cache\" ...\n[  14.7] Performing \"pam-data\" ...\n[  14.7] Performing \"passwd-backups\" ...\n[  14.7] Performing \"puppet-data-log\" ...\n[  14.8] Performing \"rh-subscription-manager\" ...\n[  14.8] Performing \"rhn-systemid\" ...\n[  14.8] Performing \"rpm-db\" ...\n[  14.8] Performing \"samba-db-log\" ...\n[  14.9] Performing \"script\" ...\n[  14.9] Performing \"smolt-uuid\" ...\n[  14.9] Performing \"ssh-hostkeys\" ...\n[  14.9] Performing \"ssh-userdir\" ...\n[  14.9] Performing \"sssd-db-log\" ...\n[  14.9] Performing \"tmp-files\" ...\n[  15.0] Performing \"udev-persistent-net\" ...\n[  15.0] Performing \"utmp\" ...\n[  15.0] Performing \"yum-uuid\" ...\n[  15.0] Performing \"customize\" ...\n[  15.0] Setting a random seed\n[  15.1] Setting the machine ID in /etc/machine-id\n[  15.1] Setting the hostname: tenant7-vm2\n[  16.2] Performing \"lvm-uuids\" ...", "stderr": "", "rc": 0, "start": "2023-04-22 16:45:29.249354", "end": "2023-04-22 16:45:45.831602", "delta": "0:00:16.582248", "changed": true, "invocation": {"module_args": {"_raw_params": "virt-sysprep -d tenant7-vm2 --hostname tenant7-vm2", "warn": true, "_uses_shell": false, "stdin_add_newline": true, "strip_empty_ends": true, "argv": null, "chdir": null, "executable": null, "creates": null, "removes": null, "stdin": null}}, "stdout_lines": ["[   0.0] Examining the guest ...", "[  13.9] Performing \"abrt-data\" ...", "[  13.9] Performing \"backup-files\" ...", "[  14.3] Performing \"bash-history\" ...", "[  14.3] Performing \"blkid-tab\" ...", "[  14.4] Performing \"crash-data\" ...", "[  14.4] Performing \"cron-spool\" ...", "[  14.4] Performing \"dhcp-client-state\" ...", "[  14.4] Performing \"dhcp-server-state\" ...", "[  14.4] Performing \"dovecot-data\" ...", "[  14.4] Performing \"logfiles\" ...", "[  14.6] Performing \"machine-id\" ...", "[  14.6] Performing \"mail-spool\" ...", "[  14.6] Performing \"net-hostname\" ...", "[  14.6] Performing \"net-hwaddr\" ...", "[  14.7] Performing \"pacct-log\" ...", "[  14.7] Performing \"package-manager-cache\" ...", "[  14.7] Performing \"pam-data\" ...", "[  14.7] Performing \"passwd-backups\" ...", "[  14.7] Performing \"puppet-data-log\" ...", "[  14.8] Performing \"rh-subscription-manager\" ...", "[  14.8] Performing \"rhn-systemid\" ...", "[  14.8] Performing \"rpm-db\" ...", "[  14.8] Performing \"samba-db-log\" ...", "[  14.9] Performing \"script\" ...", "[  14.9] Performing \"smolt-uuid\" ...", "[  14.9] Performing \"ssh-hostkeys\" ...", "[  14.9] Performing \"ssh-userdir\" ...", "[  14.9] Performing \"sssd-db-log\" ...", "[  14.9] Performing \"tmp-files\" ...", "[  15.0] Performing \"udev-persistent-net\" ...", "[  15.0] Performing \"utmp\" ...", "[  15.0] Performing \"yum-uuid\" ...", "[  15.0] Performing \"customize\" ...", "[  15.0] Setting a random seed", "[  15.1] Setting the machine ID in /etc/machine-id", "[  15.1] Setting the hostname: tenant7-vm2", "[  16.2] Performing \"lvm-uuids\" ..."], "stderr_lines": [], "_ansible_no_log": false}, "start": "2023-04-22T16:45:29.048999", "end": "2023-04-22T16:45:45.856524", "duration": 16.807525, "event_loop": null, "uuid": "adeb19c7-0fcc-412b-9b1d-3e57fc14af60"}}