{"uuid": "fdd0ceb1-9916-33c9-60f1-000000000006", "counter": 2, "stdout": "\r\nPLAY [deploy VM] ***************************************************************", "start_line": 0, "end_line": 2, "runner_ident": "0a2d43b6-6f0d-4e57-94b7-ef0888071202", "event": "playbook_on_play_start", "pid": 240158, "created": "2023-04-22T16:44:45.880334", "parent_uuid": "3e86f908-ec78-41ab-856f-78da6bfeed7a", "event_data": {"playbook": "vm_create.yml", "playbook_uuid": "3e86f908-ec78-41ab-856f-78da6bfeed7a", "play": "deploy VM", "play_uuid": "fdd0ceb1-9916-33c9-60f1-000000000006", "play_pattern": "localhost", "name": "deploy VM", "pattern": "localhost", "uuid": "fdd0ceb1-9916-33c9-60f1-000000000006"}}