{"uuid": "bdd7a7b8-2c9c-485f-9077-d75ae047bfe6", "counter": 20, "stdout": "\u001b[0;32mok: [localhost]\u001b[0m\r\n\u001b[0;32m\u001b[0m", "start_line": 19, "end_line": 20, "runner_ident": "0a2d43b6-6f0d-4e57-94b7-ef0888071202", "event": "runner_on_ok", "pid": 240158, "created": "2023-04-22T16:45:47.176377", "parent_uuid": "fdd0ceb1-9916-33c9-60f1-00000000000c", "event_data": {"playbook": "vm_create.yml", "playbook_uuid": "3e86f908-ec78-41ab-856f-78da6bfeed7a", "play": "deploy VM", "play_uuid": "fdd0ceb1-9916-33c9-60f1-000000000006", "play_pattern": "localhost", "task": "Start the new VM", "task_uuid": "fdd0ceb1-9916-33c9-60f1-00000000000c", "task_action": "community.libvirt.virt", "resolved_action": "community.libvirt.virt", "task_args": "", "task_path": "/home/csc792/eBPF-xDP/southbound/vm_create.yml:26", "host": "localhost", "remote_addr": "127.0.0.1", "res": {"start": 0, "invocation": {"module_args": {"command": "start", "name": "tenant7-vm2", "uri": "qemu:///system", "state": null, "autostart": null, "xml": null}}, "_ansible_no_log": false, "changed": false}, "start": "2023-04-22T16:45:45.873758", "end": "2023-04-22T16:45:47.176158", "duration": 1.3024, "event_loop": null, "uuid": "bdd7a7b8-2c9c-485f-9077-d75ae047bfe6"}}