{"uuid": "bd8a97ec-569d-45e8-8f9b-8e2413a53ef3", "counter": 22, "stdout": "", "start_line": 22, "end_line": 22, "runner_ident": "0a2d43b6-6f0d-4e57-94b7-ef0888071202", "event": "runner_on_start", "pid": 240158, "created": "2023-04-22T16:45:47.191690", "parent_uuid": "fdd0ceb1-9916-33c9-60f1-00000000000d", "event_data": {"playbook": "vm_create.yml", "playbook_uuid": "3e86f908-ec78-41ab-856f-78da6bfeed7a", "play": "deploy VM", "play_uuid": "fdd0ceb1-9916-33c9-60f1-000000000006", "play_pattern": "localhost", "task": "Validate VM's is state", "task_uuid": "fdd0ceb1-9916-33c9-60f1-00000000000d", "task_action": "community.libvirt.virt", "resolved_action": "community.libvirt.virt", "task_args": "", "task_path": "/home/csc792/eBPF-xDP/southbound/vm_create.yml:31", "host": "localhost", "uuid": "bd8a97ec-569d-45e8-8f9b-8e2413a53ef3"}}