{"uuid": "932eeeb1-1810-4349-a879-90f086474c28", "counter": 24, "stdout": "\r\nPLAY RECAP *********************************************************************\r\n\u001b[0;33mlocalhost\u001b[0m                  : \u001b[0;32mok=7   \u001b[0m \u001b[0;33mchanged=4   \u001b[0m unreachable=0    failed=0    skipped=0    rescued=0    ignored=0   ", "start_line": 23, "end_line": 27, "runner_ident": "0a2d43b6-6f0d-4e57-94b7-ef0888071202", "event": "playbook_on_stats", "pid": 240158, "created": "2023-04-22T16:45:47.414194", "parent_uuid": "3e86f908-ec78-41ab-856f-78da6bfeed7a", "event_data": {"playbook": "vm_create.yml", "playbook_uuid": "3e86f908-ec78-41ab-856f-78da6bfeed7a", "changed": {"localhost": 4}, "dark": {}, "failures": {}, "ignored": {}, "ok": {"localhost": 7}, "processed": {"localhost": 1}, "rescued": {}, "skipped": {}, "artifact_data": {}, "uuid": "932eeeb1-1810-4349-a879-90f086474c28"}}