{"uuid": "b72c0893-e0d2-47a6-b24e-fdebefe13f72", "counter": 4, "stdout": "", "start_line": 4, "end_line": 4, "runner_ident": "0a2d43b6-6f0d-4e57-94b7-ef0888071202", "event": "runner_on_start", "pid": 240158, "created": "2023-04-22T16:44:45.891972", "parent_uuid": "fdd0ceb1-9916-33c9-60f1-000000000012", "event_data": {"playbook": "vm_create.yml", "playbook_uuid": "3e86f908-ec78-41ab-856f-78da6bfeed7a", "play": "deploy VM", "play_uuid": "fdd0ceb1-9916-33c9-60f1-000000000006", "play_pattern": "localhost", "task": "Gathering Facts", "task_uuid": "fdd0ceb1-9916-33c9-60f1-000000000012", "task_action": "gather_facts", "resolved_action": "gather_facts", "task_args": "", "task_path": "/home/csc792/eBPF-xDP/southbound/vm_create.yml:1", "host": "localhost", "uuid": "b72c0893-e0d2-47a6-b24e-fdebefe13f72"}}