{"uuid": "828aa337-6dbe-49cb-8a36-5f708dc4fed8", "counter": 7, "stdout": "", "start_line": 7, "end_line": 7, "runner_ident": "0a2d43b6-6f0d-4e57-94b7-ef0888071202", "event": "runner_on_start", "pid": 240158, "created": "2023-04-22T16:44:47.188127", "parent_uuid": "fdd0ceb1-9916-33c9-60f1-000000000008", "event_data": {"playbook": "vm_create.yml", "playbook_uuid": "3e86f908-ec78-41ab-856f-78da6bfeed7a", "play": "deploy VM", "play_uuid": "fdd0ceb1-9916-33c9-60f1-000000000006", "play_pattern": "localhost", "task": "Clone VM from base_image", "task_uuid": "fdd0ceb1-9916-33c9-60f1-000000000008", "task_action": "command", "resolved_action": "command", "task_args": "", "task_path": "/home/csc792/eBPF-xDP/southbound/vm_create.yml:9", "host": "localhost", "uuid": "828aa337-6dbe-49cb-8a36-5f708dc4fed8"}}