{"uuid": "0c8a5cfc-564c-42a3-a429-86bfb8d869f9", "counter": 8, "stdout": "\u001b[0;33mchanged: [localhost]\u001b[0m\r\n\u001b[0;33m\u001b[0m", "start_line": 7, "end_line": 8, "runner_ident": "0a2d43b6-6f0d-4e57-94b7-ef0888071202", "event": "runner_on_ok", "pid": 240158, "created": "2023-04-22T16:45:01.032060", "parent_uuid": "fdd0ceb1-9916-33c9-60f1-000000000008", "event_data": {"playbook": "vm_create.yml", "playbook_uuid": "3e86f908-ec78-41ab-856f-78da6bfeed7a", "play": "deploy VM", "play_uuid": "fdd0ceb1-9916-33c9-60f1-000000000006", "play_pattern": "localhost", "task": "Clone VM from base_image", "task_uuid": "fdd0ceb1-9916-33c9-60f1-000000000008", "task_action": "command", "resolved_action": "command", "task_args": "", "task_path": "/home/csc792/eBPF-xDP/southbound/vm_create.yml:9", "host": "localhost", "remote_addr": "127.0.0.1", "res": {"cmd": ["virt-clone", "--original", "base-vm", "--name", "tenant7-vm2", "--auto-clone"], "stdout": "\rAllocating 'tenant7-vm2.im  5% [-                ]    0 B/s | 576 MB  --:-- ETA \r\rAllocating 'tenant7-vm2.im 10% [=-               ] 228 MB/s | 1.1 GB  00:40 ETA \r\rAllocating 'tenant7-vm2.im 15% [==-              ] 284 MB/s | 1.6 GB  00:30 ETA \r\rAllocating 'tenant7-vm2.im 20% [===              ] 325 MB/s | 2.0 GB  00:25 ETA \r\rAllocating 'tenant7-vm2.im 23% [====             ] 333 MB/s | 2.4 GB  00:23 ETA \r\rAllocating 'tenant7-vm2.im 23% [====             ] 267 MB/s | 2.4 GB  00:29 ETA \r\rAllocating 'tenant7-vm2.im 23% [====             ] 213 MB/s | 2.4 GB  00:36 ETA \r\rAllocating 'tenant7-vm2.im 23% [====             ] 171 MB/s | 2.4 GB  00:45 ETA \r\rAllocating 'tenant7-vm2.im 23% [====             ] 136 MB/s | 2.4 GB  00:57 ETA \r\rAllocating 'tenant7-vm2.im 23% [====             ] 109 MB/s | 2.4 GB  01:11 ETA \r\rAllocating 'tenant7-vm2.im 27% [====-            ] 156 MB/s | 2.7 GB  00:47 ETA \r\rAllocating 'tenant7-vm2.im 29% [====-            ] 161 MB/s | 2.9 GB  00:45 ETA \r\rAllocating 'tenant7-vm2.im 33% [=====-           ] 222 MB/s | 3.4 GB  00:30 ETA \r\rAllocating 'tenant7-vm2.img'                                |  10 GB  00:13     \n\nClone 'tenant7-vm2' created successfully.", "stderr": "", "rc": 0, "start": "2023-04-22 16:44:47.462867", "end": "2023-04-22 16:45:01.007484", "delta": "0:00:13.544617", "changed": true, "invocation": {"module_args": {"_raw_params": "virt-clone --original base-vm --name tenant7-vm2 --auto-clone", "warn": true, "_uses_shell": false, "stdin_add_newline": true, "strip_empty_ends": true, "argv": null, "chdir": null, "executable": null, "creates": null, "removes": null, "stdin": null}}, "stdout_lines": ["", "Allocating 'tenant7-vm2.im  5% [-                ]    0 B/s | 576 MB  --:-- ETA ", "", "Allocating 'tenant7-vm2.im 10% [=-               ] 228 MB/s | 1.1 GB  00:40 ETA ", "", "Allocating 'tenant7-vm2.im 15% [==-              ] 284 MB/s | 1.6 GB  00:30 ETA ", "", "Allocating 'tenant7-vm2.im 20% [===              ] 325 MB/s | 2.0 GB  00:25 ETA ", "", "Allocating 'tenant7-vm2.im 23% [====             ] 333 MB/s | 2.4 GB  00:23 ETA ", "", "Allocating 'tenant7-vm2.im 23% [====             ] 267 MB/s | 2.4 GB  00:29 ETA ", "", "Allocating 'tenant7-vm2.im 23% [====             ] 213 MB/s | 2.4 GB  00:36 ETA ", "", "Allocating 'tenant7-vm2.im 23% [====             ] 171 MB/s | 2.4 GB  00:45 ETA ", "", "Allocating 'tenant7-vm2.im 23% [====             ] 136 MB/s | 2.4 GB  00:57 ETA ", "", "Allocating 'tenant7-vm2.im 23% [====             ] 109 MB/s | 2.4 GB  01:11 ETA ", "", "Allocating 'tenant7-vm2.im 27% [====-            ] 156 MB/s | 2.7 GB  00:47 ETA ", "", "Allocating 'tenant7-vm2.im 29% [====-            ] 161 MB/s | 2.9 GB  00:45 ETA ", "", "Allocating 'tenant7-vm2.im 33% [=====-           ] 222 MB/s | 3.4 GB  00:30 ETA ", "", "Allocating 'tenant7-vm2.img'                                |  10 GB  00:13     ", "", "Clone 'tenant7-vm2' created successfully."], "stderr_lines": [], "_ansible_no_log": false}, "start": "2023-04-22T16:44:47.188055", "end": "2023-04-22T16:45:01.031775", "duration": 13.84372, "event_loop": null, "uuid": "0c8a5cfc-564c-42a3-a429-86bfb8d869f9"}}