{"uuid": "fdd0ceb1-9916-33c9-60f1-000000000009", "counter": 9, "stdout": "\r\nTASK [Undefine cloned image] ***************************************************", "start_line": 8, "end_line": 10, "runner_ident": "0a2d43b6-6f0d-4e57-94b7-ef0888071202", "event": "playbook_on_task_start", "pid": 240158, "created": "2023-04-22T16:45:01.047112", "parent_uuid": "fdd0ceb1-9916-33c9-60f1-000000000006", "event_data": {"playbook": "vm_create.yml", "playbook_uuid": "3e86f908-ec78-41ab-856f-78da6bfeed7a", "play": "deploy VM", "play_uuid": "fdd0ceb1-9916-33c9-60f1-000000000006", "play_pattern": "localhost", "task": "Undefine cloned image", "task_uuid": "fdd0ceb1-9916-33c9-60f1-000000000009", "task_action": "command", "resolved_action": "command", "task_args": "", "task_path": "/home/csc792/eBPF-xDP/southbound/vm_create.yml:13", "name": "Undefine cloned image", "is_conditional": false, "uuid": "fdd0ceb1-9916-33c9-60f1-000000000009"}}