{"uuid": "fdd0ceb1-9916-2ea9-6bd1-000000000006", "counter": 2, "stdout": "\r\nPLAY [deploy VM] ***************************************************************", "start_line": 0, "end_line": 2, "runner_ident": "1fba5184-65d8-4a33-a698-2dff63541041", "event": "playbook_on_play_start", "pid": 242769, "created": "2023-04-22T16:48:45.740097", "parent_uuid": "126ace15-9099-479a-b08c-bfe1b8603daa", "event_data": {"playbook": "vm_create.yml", "playbook_uuid": "126ace15-9099-479a-b08c-bfe1b8603daa", "play": "deploy VM", "play_uuid": "fdd0ceb1-9916-2ea9-6bd1-000000000006", "play_pattern": "localhost", "name": "deploy VM", "pattern": "localhost", "uuid": "fdd0ceb1-9916-2ea9-6bd1-000000000006"}}