{"uuid": "02cc8207-1c2d-4c84-86c9-ab884f131840", "counter": 4, "stdout": "", "start_line": 4, "end_line": 4, "runner_ident": "1fba5184-65d8-4a33-a698-2dff63541041", "event": "runner_on_start", "pid": 242769, "created": "2023-04-22T16:48:45.751493", "parent_uuid": "fdd0ceb1-9916-2ea9-6bd1-000000000012", "event_data": {"playbook": "vm_create.yml", "playbook_uuid": "126ace15-9099-479a-b08c-bfe1b8603daa", "play": "deploy VM", "play_uuid": "fdd0ceb1-9916-2ea9-6bd1-000000000006", "play_pattern": "localhost", "task": "Gathering Facts", "task_uuid": "fdd0ceb1-9916-2ea9-6bd1-000000000012", "task_action": "gather_facts", "resolved_action": "gather_facts", "task_args": "", "task_path": "/home/csc792/eBPF-xDP/southbound/vm_create.yml:1", "host": "localhost", "uuid": "02cc8207-1c2d-4c84-86c9-ab884f131840"}}