{"uuid": "fdd0ceb1-9916-2ea9-6bd1-000000000008", "counter": 6, "stdout": "\r\nTASK [Clone VM from base_image] ************************************************", "start_line": 5, "end_line": 7, "runner_ident": "1fba5184-65d8-4a33-a698-2dff63541041", "event": "playbook_on_task_start", "pid": 242769, "created": "2023-04-22T16:48:47.097740", "parent_uuid": "fdd0ceb1-9916-2ea9-6bd1-000000000006", "event_data": {"playbook": "vm_create.yml", "playbook_uuid": "126ace15-9099-479a-b08c-bfe1b8603daa", "play": "deploy VM", "play_uuid": "fdd0ceb1-9916-2ea9-6bd1-000000000006", "play_pattern": "localhost", "task": "Clone VM from base_image", "task_uuid": "fdd0ceb1-9916-2ea9-6bd1-000000000008", "task_action": "command", "resolved_action": "command", "task_args": "", "task_path": "/home/csc792/eBPF-xDP/southbound/vm_create.yml:9", "name": "Clone VM from base_image", "is_conditional": false, "uuid": "fdd0ceb1-9916-2ea9-6bd1-000000000008"}}