{"uuid": "f61332a4-3da9-4c0a-9ea0-a56ac4300ed7", "counter": 7, "stdout": "", "start_line": 7, "end_line": 7, "runner_ident": "1fba5184-65d8-4a33-a698-2dff63541041", "event": "runner_on_start", "pid": 242769, "created": "2023-04-22T16:48:47.098615", "parent_uuid": "fdd0ceb1-9916-2ea9-6bd1-000000000008", "event_data": {"playbook": "vm_create.yml", "playbook_uuid": "126ace15-9099-479a-b08c-bfe1b8603daa", "play": "deploy VM", "play_uuid": "fdd0ceb1-9916-2ea9-6bd1-000000000006", "play_pattern": "localhost", "task": "Clone VM from base_image", "task_uuid": "fdd0ceb1-9916-2ea9-6bd1-000000000008", "task_action": "command", "resolved_action": "command", "task_args": "", "task_path": "/home/csc792/eBPF-xDP/southbound/vm_create.yml:9", "host": "localhost", "uuid": "f61332a4-3da9-4c0a-9ea0-a56ac4300ed7"}}