{"uuid": "ec4aa69c-4d5f-4d27-8506-e849bd4e2f5a", "counter": 8, "stdout": "\u001b[0;31mfatal: [localhost]: FAILED! => {\"changed\": true, \"cmd\": [\"virt-clone\", \"--original\", \"base-vm\", \"--name\", \"tenant6-vm1\", \"--auto-clone\"], \"delta\": \"0:00:00.276272\", \"end\": \"2023-04-22 16:48:47.721342\", \"msg\": \"non-zero return code\", \"rc\": 1, \"start\": \"2023-04-22 16:48:47.445070\", \"stderr\": \"ERROR    Invalid name for new guest: Guest name 'tenant6-vm1' is already in use.\", \"stderr_lines\": [\"ERROR    Invalid name for new guest: Guest name 'tenant6-vm1' is already in use.\"], \"stdout\": \"\", \"stdout_lines\": []}\u001b[0m\r\n\u001b[0;31m\u001b[0m", "start_line": 7, "end_line": 8, "runner_ident": "1fba5184-65d8-4a33-a698-2dff63541041", "event": "runner_on_failed", "pid": 242769, "created": "2023-04-22T16:48:47.741861", "parent_uuid": "fdd0ceb1-9916-2ea9-6bd1-000000000008", "event_data": {"playbook": "vm_create.yml", "playbook_uuid": "126ace15-9099-479a-b08c-bfe1b8603daa", "play": "deploy VM", "play_uuid": "fdd0ceb1-9916-2ea9-6bd1-000000000006", "play_pattern": "localhost", "task": "Clone VM from base_image", "task_uuid": "fdd0ceb1-9916-2ea9-6bd1-000000000008", "task_action": "command", "resolved_action": "command", "task_args": "", "task_path": "/home/csc792/eBPF-xDP/southbound/vm_create.yml:9", "host": "localhost", "remote_addr": "127.0.0.1", "res": {"msg": "non-zero return code", "cmd": ["virt-clone", "--original", "base-vm", "--name", "tenant6-vm1", "--auto-clone"], "stdout": "", "stderr": "ERROR    Invalid name for new guest: Guest name 'tenant6-vm1' is already in use.", "rc": 1, "start": "2023-04-22 16:48:47.445070", "end": "2023-04-22 16:48:47.721342", "delta": "0:00:00.276272", "changed": true, "invocation": {"module_args": {"_raw_params": "virt-clone --original base-vm --name tenant6-vm1 --auto-clone", "warn": true, "_uses_shell": false, "stdin_add_newline": true, "strip_empty_ends": true, "argv": null, "chdir": null, "executable": null, "creates": null, "removes": null, "stdin": null}}, "stdout_lines": [], "stderr_lines": ["ERROR    Invalid name for new guest: Guest name 'tenant6-vm1' is already in use."], "_ansible_no_log": false}, "start": "2023-04-22T16:48:47.098543", "end": "2023-04-22T16:48:47.741638", "duration": 0.643095, "ignore_errors": null, "event_loop": null, "uuid": "ec4aa69c-4d5f-4d27-8506-e849bd4e2f5a"}}