{"uuid": "517c247c-53f4-4fa1-9600-e45749b32bc5", "counter": 9, "stdout": "\r\nPLAY RECAP *********************************************************************\r\n\u001b[0;31mlocalhost\u001b[0m                  : \u001b[0;32mok=1   \u001b[0m changed=0    unreachable=0    \u001b[0;31mfailed=1   \u001b[0m skipped=0    rescued=0    ignored=0   ", "start_line": 8, "end_line": 12, "runner_ident": "1fba5184-65d8-4a33-a698-2dff63541041", "event": "playbook_on_stats", "pid": 242769, "created": "2023-04-22T16:48:47.744268", "parent_uuid": "126ace15-9099-479a-b08c-bfe1b8603daa", "event_data": {"playbook": "vm_create.yml", "playbook_uuid": "126ace15-9099-479a-b08c-bfe1b8603daa", "changed": {}, "dark": {}, "failures": {"localhost": 1}, "ignored": {}, "ok": {"localhost": 1}, "processed": {"localhost": 1}, "rescued": {}, "skipped": {}, "artifact_data": {}, "uuid": "517c247c-53f4-4fa1-9600-e45749b32bc5"}}