{"uuid": "fdd0ceb1-9916-4ac5-0b84-000000000006", "counter": 2, "stdout": "\r\nPLAY [deploy VM] ***************************************************************", "start_line": 0, "end_line": 2, "runner_ident": "167a40ae-02ef-41c3-a3c9-dbcfd328d4e1", "event": "playbook_on_play_start", "pid": 238980, "created": "2023-04-22T16:41:59.886194", "parent_uuid": "6c50233d-fcdc-4a34-baa2-938f66a085ba", "event_data": {"playbook": "vm_create.yml", "playbook_uuid": "6c50233d-fcdc-4a34-baa2-938f66a085ba", "play": "deploy VM", "play_uuid": "fdd0ceb1-9916-4ac5-0b84-000000000006", "play_pattern": "localhost", "name": "deploy VM", "pattern": "localhost", "uuid": "fdd0ceb1-9916-4ac5-0b84-000000000006"}}