{"uuid": "fdd0ceb1-9916-4ac5-0b84-000000000012", "counter": 3, "stdout": "\r\nTASK [Gathering Facts] *********************************************************", "start_line": 2, "end_line": 4, "runner_ident": "167a40ae-02ef-41c3-a3c9-dbcfd328d4e1", "event": "playbook_on_task_start", "pid": 238980, "created": "2023-04-22T16:41:59.897312", "parent_uuid": "fdd0ceb1-9916-4ac5-0b84-000000000006", "event_data": {"playbook": "vm_create.yml", "playbook_uuid": "6c50233d-fcdc-4a34-baa2-938f66a085ba", "play": "deploy VM", "play_uuid": "fdd0ceb1-9916-4ac5-0b84-000000000006", "play_pattern": "localhost", "task": "Gathering Facts", "task_uuid": "fdd0ceb1-9916-4ac5-0b84-000000000012", "task_action": "gather_facts", "resolved_action": "gather_facts", "task_args": "", "task_path": "/home/csc792/eBPF-xDP/southbound/vm_create.yml:1", "name": "Gathering Facts", "is_conditional": false, "uuid": "fdd0ceb1-9916-4ac5-0b84-000000000012"}}