{"uuid": "fdd0ceb1-9916-4ac5-0b84-000000000008", "counter": 6, "stdout": "\r\nTASK [Clone VM from base_image] ************************************************", "start_line": 5, "end_line": 7, "runner_ident": "167a40ae-02ef-41c3-a3c9-dbcfd328d4e1", "event": "playbook_on_task_start", "pid": 238980, "created": "2023-04-22T16:42:01.195860", "parent_uuid": "fdd0ceb1-9916-4ac5-0b84-000000000006", "event_data": {"playbook": "vm_create.yml", "playbook_uuid": "6c50233d-fcdc-4a34-baa2-938f66a085ba", "play": "deploy VM", "play_uuid": "fdd0ceb1-9916-4ac5-0b84-000000000006", "play_pattern": "localhost", "task": "Clone VM from base_image", "task_uuid": "fdd0ceb1-9916-4ac5-0b84-000000000008", "task_action": "command", "resolved_action": "command", "task_args": "", "task_path": "/home/csc792/eBPF-xDP/southbound/vm_create.yml:9", "name": "Clone VM from base_image", "is_conditional": false, "uuid": "fdd0ceb1-9916-4ac5-0b84-000000000008"}}