{"uuid": "9c2e3c56-0ab3-48c9-948b-63933300c98c", "counter": 7, "stdout": "", "start_line": 7, "end_line": 7, "runner_ident": "167a40ae-02ef-41c3-a3c9-dbcfd328d4e1", "event": "runner_on_start", "pid": 238980, "created": "2023-04-22T16:42:01.196517", "parent_uuid": "fdd0ceb1-9916-4ac5-0b84-000000000008", "event_data": {"playbook": "vm_create.yml", "playbook_uuid": "6c50233d-fcdc-4a34-baa2-938f66a085ba", "play": "deploy VM", "play_uuid": "fdd0ceb1-9916-4ac5-0b84-000000000006", "play_pattern": "localhost", "task": "Clone VM from base_image", "task_uuid": "fdd0ceb1-9916-4ac5-0b84-000000000008", "task_action": "command", "resolved_action": "command", "task_args": "", "task_path": "/home/csc792/eBPF-xDP/southbound/vm_create.yml:9", "host": "localhost", "uuid": "9c2e3c56-0ab3-48c9-948b-63933300c98c"}}