{"uuid": "bf8834b2-99aa-4a04-a06f-24531d2453d4", "counter": 8, "stdout": "\u001b[0;31mfatal: [localhost]: FAILED! => {\"changed\": true, \"cmd\": [\"virt-clone\", \"--original\", \"base-vm\", \"--name\", \"tenant6-vm1\", \"--auto-clone\"], \"delta\": \"0:00:00.231739\", \"end\": \"2023-04-22 16:42:01.707054\", \"msg\": \"non-zero return code\", \"rc\": 1, \"start\": \"2023-04-22 16:42:01.475315\", \"stderr\": \"ERROR    Invalid name for new guest: Guest name 'tenant6-vm1' is already in use.\", \"stderr_lines\": [\"ERROR    Invalid name for new guest: Guest name 'tenant6-vm1' is already in use.\"], \"stdout\": \"\", \"stdout_lines\": []}\u001b[0m\r\n\u001b[0;31m\u001b[0m", "start_line": 7, "end_line": 8, "runner_ident": "167a40ae-02ef-41c3-a3c9-dbcfd328d4e1", "event": "runner_on_failed", "pid": 238980, "created": "2023-04-22T16:42:01.728372", "parent_uuid": "fdd0ceb1-9916-4ac5-0b84-000000000008", "event_data": {"playbook": "vm_create.yml", "playbook_uuid": "6c50233d-fcdc-4a34-baa2-938f66a085ba", "play": "deploy VM", "play_uuid": "fdd0ceb1-9916-4ac5-0b84-000000000006", "play_pattern": "localhost", "task": "Clone VM from base_image", "task_uuid": "fdd0ceb1-9916-4ac5-0b84-000000000008", "task_action": "command", "resolved_action": "command", "task_args": "", "task_path": "/home/csc792/eBPF-xDP/southbound/vm_create.yml:9", "host": "localhost", "remote_addr": "127.0.0.1", "res": {"msg": "non-zero return code", "cmd": ["virt-clone", "--original", "base-vm", "--name", "tenant6-vm1", "--auto-clone"], "stdout": "", "stderr": "ERROR    Invalid name for new guest: Guest name 'tenant6-vm1' is already in use.", "rc": 1, "start": "2023-04-22 16:42:01.475315", "end": "2023-04-22 16:42:01.707054", "delta": "0:00:00.231739", "changed": true, "invocation": {"module_args": {"_raw_params": "virt-clone --original base-vm --name tenant6-vm1 --auto-clone", "warn": true, "_uses_shell": false, "stdin_add_newline": true, "strip_empty_ends": true, "argv": null, "chdir": null, "executable": null, "creates": null, "removes": null, "stdin": null}}, "stdout_lines": [], "stderr_lines": ["ERROR    Invalid name for new guest: Guest name 'tenant6-vm1' is already in use."], "_ansible_no_log": false}, "start": "2023-04-22T16:42:01.196454", "end": "2023-04-22T16:42:01.728032", "duration": 0.531578, "ignore_errors": null, "event_loop": null, "uuid": "bf8834b2-99aa-4a04-a06f-24531d2453d4"}}