{"uuid": "66c97391-b68a-4e53-a04d-27175bcc5c1a", "counter": 9, "stdout": "\r\nPLAY RECAP *********************************************************************\r\n\u001b[0;31mlocalhost\u001b[0m                  : \u001b[0;32mok=1   \u001b[0m changed=0    unreachable=0    \u001b[0;31mfailed=1   \u001b[0m skipped=0    rescued=0    ignored=0   ", "start_line": 8, "end_line": 12, "runner_ident": "167a40ae-02ef-41c3-a3c9-dbcfd328d4e1", "event": "playbook_on_stats", "pid": 238980, "created": "2023-04-22T16:42:01.730149", "parent_uuid": "6c50233d-fcdc-4a34-baa2-938f66a085ba", "event_data": {"playbook": "vm_create.yml", "playbook_uuid": "6c50233d-fcdc-4a34-baa2-938f66a085ba", "changed": {}, "dark": {}, "failures": {"localhost": 1}, "ignored": {}, "ok": {"localhost": 1}, "processed": {"localhost": 1}, "rescued": {}, "skipped": {}, "artifact_data": {}, "uuid": "66c97391-b68a-4e53-a04d-27175bcc5c1a"}}