{
    "tenant1":{
        "networks": {
            "t1": "192.168.5.0/24",
            "t2": "192.168.10.0/24"
        },
        "VM" : [
             {
		"name": "t1vm1",
                "network" : ["t1"],
                "vcpu": 1,
		"container": "True",
                "memory": 2097152
             },
             {
		"name": "t1vm2",
                "network" : ["t1"],
                "vcpu": 1,
		"container": "True",
                "memory": 2097152
            },
            {
		"name" : "t1vm3",
                "network" : ["t2"],
                "vcpu":1,
		"container": "True",
                "memory": 2097152
           }
	]
    }
}
