{
 "tenant2": {
        "networks": {
            "t3": "192.168.15.0/24",
            "t4": "192.168.5.0/24"
        },
        "VM": 
	[ 
	    {
		"name" : "t2vm1",
                "network" : ["t3"],
                "vcpu": 1,
		"container": "True",
                "memory": 2097152
            }, 
	    {
		"name": "t2vm2",
                "network" : ["t4"],
                "vcpu": 1,
		"container": "True",
                "memory": 2097152
            }
	]    
    }
}
