{"uuid": "86a1d5d6-3a0c-4145-801b-0f4c352f9f4e", "counter": 10, "stdout": "", "start_line": 10, "end_line": 10, "runner_ident": "00d4636a-be0a-4b95-a355-5b05c5e45bb0", "event": "runner_on_start", "pid": 244882, "created": "2023-04-22T16:54:32.411354", "parent_uuid": "fdd0ceb1-9916-d06c-174f-000000000009", "event_data": {"playbook": "vm_create.yml", "playbook_uuid": "3e23dfca-0663-4002-b9cc-639addf91f6f", "play": "deploy VM", "play_uuid": "fdd0ceb1-9916-d06c-174f-000000000006", "play_pattern": "localhost", "task": "Undefine cloned image", "task_uuid": "fdd0ceb1-9916-d06c-174f-000000000009", "task_action": "command", "resolved_action": "command", "task_args": "", "task_path": "/home/csc792/eBPF-xDP/southbound/vm_create.yml:13", "host": "localhost", "uuid": "86a1d5d6-3a0c-4145-801b-0f4c352f9f4e"}}