{"uuid": "171025b0-3aef-445a-a108-f18a26e51481", "counter": 11, "stdout": "\u001b[0;33mchanged: [localhost]\u001b[0m\r\n\u001b[0;33m\u001b[0m", "start_line": 10, "end_line": 11, "runner_ident": "00d4636a-be0a-4b95-a355-5b05c5e45bb0", "event": "runner_on_ok", "pid": 244882, "created": "2023-04-22T16:54:32.656084", "parent_uuid": "fdd0ceb1-9916-d06c-174f-000000000009", "event_data": {"playbook": "vm_create.yml", "playbook_uuid": "3e23dfca-0663-4002-b9cc-639addf91f6f", "play": "deploy VM", "play_uuid": "fdd0ceb1-9916-d06c-174f-000000000006", "play_pattern": "localhost", "task": "Undefine cloned image", "task_uuid": "fdd0ceb1-9916-d06c-174f-000000000009", "task_action": "command", "resolved_action": "command", "task_args": "", "task_path": "/home/csc792/eBPF-xDP/southbound/vm_create.yml:13", "host": "localhost", "remote_addr": "127.0.0.1", "res": {"cmd": ["virsh", "undefine", "tenant6-vm1"], "stdout": "Domain tenant6-vm1 has been undefined", "stderr": "", "rc": 0, "start": "2023-04-22 16:54:32.613741", "end": "2023-04-22 16:54:32.636168", "delta": "0:00:00.022427", "changed": true, "invocation": {"module_args": {"_raw_params": "virsh undefine tenant6-vm1", "warn": true, "_uses_shell": false, "stdin_add_newline": true, "strip_empty_ends": true, "argv": null, "chdir": null, "executable": null, "creates": null, "removes": null, "stdin": null}}, "stdout_lines": ["Domain tenant6-vm1 has been undefined"], "stderr_lines": [], "_ansible_no_log": false}, "start": "2023-04-22T16:54:32.411218", "end": "2023-04-22T16:54:32.655870", "duration": 0.244652, "event_loop": null, "uuid": "171025b0-3aef-445a-a108-f18a26e51481"}}