{"uuid": "fdd0ceb1-9916-d06c-174f-00000000000a", "counter": 12, "stdout": "\r\nTASK [Define new VM] ***********************************************************", "start_line": 11, "end_line": 13, "runner_ident": "00d4636a-be0a-4b95-a355-5b05c5e45bb0", "event": "playbook_on_task_start", "pid": 244882, "created": "2023-04-22T16:54:32.672874", "parent_uuid": "fdd0ceb1-9916-d06c-174f-000000000006", "event_data": {"playbook": "vm_create.yml", "playbook_uuid": "3e23dfca-0663-4002-b9cc-639addf91f6f", "play": "deploy VM", "play_uuid": "fdd0ceb1-9916-d06c-174f-000000000006", "play_pattern": "localhost", "task": "Define new VM", "task_uuid": "fdd0ceb1-9916-d06c-174f-00000000000a", "task_action": "community.libvirt.virt", "resolved_action": "community.libvirt.virt", "task_args": "", "task_path": "/home/csc792/eBPF-xDP/southbound/vm_create.yml:17", "name": "Define new VM", "is_conditional": false, "uuid": "fdd0ceb1-9916-d06c-174f-00000000000a"}}