{"uuid": "dbcefd26-0709-4eab-b4a0-b57cd13995e8", "counter": 16, "stdout": "", "start_line": 16, "end_line": 16, "runner_ident": "00d4636a-be0a-4b95-a355-5b05c5e45bb0", "event": "runner_on_start", "pid": 244882, "created": "2023-04-22T16:54:43.013041", "parent_uuid": "fdd0ceb1-9916-d06c-174f-00000000000b", "event_data": {"playbook": "vm_create.yml", "playbook_uuid": "3e23dfca-0663-4002-b9cc-639addf91f6f", "play": "deploy VM", "play_uuid": "fdd0ceb1-9916-d06c-174f-000000000006", "play_pattern": "localhost", "task": "Reset Cloned VM parameters", "task_uuid": "fdd0ceb1-9916-d06c-174f-00000000000b", "task_action": "command", "resolved_action": "command", "task_args": "", "task_path": "/home/csc792/eBPF-xDP/southbound/vm_create.yml:22", "host": "localhost", "uuid": "dbcefd26-0709-4eab-b4a0-b57cd13995e8"}}