{"uuid": "2d4c1ba7-12a2-4e35-a377-e716b6726df5", "counter": 17, "stdout": "\u001b[0;33mchanged: [localhost]\u001b[0m\r\n\u001b[0;33m\u001b[0m", "start_line": 16, "end_line": 17, "runner_ident": "00d4636a-be0a-4b95-a355-5b05c5e45bb0", "event": "runner_on_ok", "pid": 244882, "created": "2023-04-22T16:55:17.452017", "parent_uuid": "fdd0ceb1-9916-d06c-174f-00000000000b", "event_data": {"playbook": "vm_create.yml", "playbook_uuid": "3e23dfca-0663-4002-b9cc-639addf91f6f", "play": "deploy VM", "play_uuid": "fdd0ceb1-9916-d06c-174f-000000000006", "play_pattern": "localhost", "task": "Reset Cloned VM parameters", "task_uuid": "fdd0ceb1-9916-d06c-174f-00000000000b", "task_action": "command", "resolved_action": "command", "task_args": "", "task_path": "/home/csc792/eBPF-xDP/southbound/vm_create.yml:22", "host": "localhost", "remote_addr": "127.0.0.1", "res": {"cmd": ["virt-sysprep", "-d", "tenant6-vm1", "--hostname", "tenant6-vm1"], "stdout": "[   0.0] Examining the guest ...\n[  31.5] Performing \"abrt-data\" ...\n[  31.5] Performing \"backup-files\" ...\n[  31.8] Performing \"bash-history\" ...\n[  31.9] Performing \"blkid-tab\" ...\n[  31.9] Performing \"crash-data\" ...\n[  31.9] Performing \"cron-spool\" ...\n[  32.0] Performing \"dhcp-client-state\" ...\n[  32.0] Performing \"dhcp-server-state\" ...\n[  32.0] Performing \"dovecot-data\" ...\n[  32.0] Performing \"logfiles\" ...\n[  32.1] Performing \"machine-id\" ...\n[  32.1] Performing \"mail-spool\" ...\n[  32.1] Performing \"net-hostname\" ...\n[  32.2] Performing \"net-hwaddr\" ...\n[  32.2] Performing \"pacct-log\" ...\n[  32.3] Performing \"package-manager-cache\" ...\n[  32.3] Performing \"pam-data\" ...\n[  32.3] Performing \"passwd-backups\" ...\n[  32.3] Performing \"puppet-data-log\" ...\n[  32.3] Performing \"rh-subscription-manager\" ...\n[  32.4] Performing \"rhn-systemid\" ...\n[  32.4] Performing \"rpm-db\" ...\n[  32.4] Performing \"samba-db-log\" ...\n[  32.4] Performing \"script\" ...\n[  32.4] Performing \"smolt-uuid\" ...\n[  32.4] Performing \"ssh-hostkeys\" ...\n[  32.5] Performing \"ssh-userdir\" ...\n[  32.5] Performing \"sssd-db-log\" ...\n[  32.5] Performing \"tmp-files\" ...\n[  32.5] Performing \"udev-persistent-net\" ...\n[  32.6] Performing \"utmp\" ...\n[  32.6] Performing \"yum-uuid\" ...\n[  32.6] Performing \"customize\" ...\n[  32.6] Setting a random seed\n[  32.6] Setting the machine ID in /etc/machine-id\n[  32.6] Setting the hostname: tenant6-vm1\n[  33.9] Performing \"lvm-uuids\" ...", "stderr": "", "rc": 0, "start": "2023-04-22 16:54:43.222502", "end": "2023-04-22 16:55:17.430919", "delta": "0:00:34.208417", "changed": true, "invocation": {"module_args": {"_raw_params": "virt-sysprep -d tenant6-vm1 --hostname tenant6-vm1", "warn": true, "_uses_shell": false, "stdin_add_newline": true, "strip_empty_ends": true, "argv": null, "chdir": null, "executable": null, "creates": null, "removes": null, "stdin": null}}, "stdout_lines": ["[   0.0] Examining the guest ...", "[  31.5] Performing \"abrt-data\" ...", "[  31.5] Performing \"backup-files\" ...", "[  31.8] Performing \"bash-history\" ...", "[  31.9] Performing \"blkid-tab\" ...", "[  31.9] Performing \"crash-data\" ...", "[  31.9] Performing \"cron-spool\" ...", "[  32.0] Performing \"dhcp-client-state\" ...", "[  32.0] Performing \"dhcp-server-state\" ...", "[  32.0] Performing \"dovecot-data\" ...", "[  32.0] Performing \"logfiles\" ...", "[  32.1] Performing \"machine-id\" ...", "[  32.1] Performing \"mail-spool\" ...", "[  32.1] Performing \"net-hostname\" ...", "[  32.2] Performing \"net-hwaddr\" ...", "[  32.2] Performing \"pacct-log\" ...", "[  32.3] Performing \"package-manager-cache\" ...", "[  32.3] Performing \"pam-data\" ...", "[  32.3] Performing \"passwd-backups\" ...", "[  32.3] Performing \"puppet-data-log\" ...", "[  32.3] Performing \"rh-subscription-manager\" ...", "[  32.4] Performing \"rhn-systemid\" ...", "[  32.4] Performing \"rpm-db\" ...", "[  32.4] Performing \"samba-db-log\" ...", "[  32.4] Performing \"script\" ...", "[  32.4] Performing \"smolt-uuid\" ...", "[  32.4] Performing \"ssh-hostkeys\" ...", "[  32.5] Performing \"ssh-userdir\" ...", "[  32.5] Performing \"sssd-db-log\" ...", "[  32.5] Performing \"tmp-files\" ...", "[  32.5] Performing \"udev-persistent-net\" ...", "[  32.6] Performing \"utmp\" ...", "[  32.6] Performing \"yum-uuid\" ...", "[  32.6] Performing \"customize\" ...", "[  32.6] Setting a random seed", "[  32.6] Setting the machine ID in /etc/machine-id", "[  32.6] Setting the hostname: tenant6-vm1", "[  33.9] Performing \"lvm-uuids\" ..."], "stderr_lines": [], "_ansible_no_log": false}, "start": "2023-04-22T16:54:43.012980", "end": "2023-04-22T16:55:17.451760", "duration": 34.43878, "event_loop": null, "uuid": "2d4c1ba7-12a2-4e35-a377-e716b6726df5"}}