{"uuid": "29416f66-4a07-475a-a151-e17e483b8f5d", "counter": 20, "stdout": "\u001b[0;32mok: [localhost]\u001b[0m\r\n\u001b[0;32m\u001b[0m", "start_line": 19, "end_line": 20, "runner_ident": "00d4636a-be0a-4b95-a355-5b05c5e45bb0", "event": "runner_on_ok", "pid": 244882, "created": "2023-04-22T16:55:18.761155", "parent_uuid": "fdd0ceb1-9916-d06c-174f-00000000000c", "event_data": {"playbook": "vm_create.yml", "playbook_uuid": "3e23dfca-0663-4002-b9cc-639addf91f6f", "play": "deploy VM", "play_uuid": "fdd0ceb1-9916-d06c-174f-000000000006", "play_pattern": "localhost", "task": "Start the new VM", "task_uuid": "fdd0ceb1-9916-d06c-174f-00000000000c", "task_action": "community.libvirt.virt", "resolved_action": "community.libvirt.virt", "task_args": "", "task_path": "/home/csc792/eBPF-xDP/southbound/vm_create.yml:26", "host": "localhost", "remote_addr": "127.0.0.1", "res": {"start": 0, "invocation": {"module_args": {"command": "start", "name": "tenant6-vm1", "uri": "qemu:///system", "state": null, "autostart": null, "xml": null}}, "_ansible_no_log": false, "changed": false}, "start": "2023-04-22T16:55:17.468929", "end": "2023-04-22T16:55:18.760907", "duration": 1.291978, "event_loop": null, "uuid": "29416f66-4a07-475a-a151-e17e483b8f5d"}}