{"uuid": "c199d21d-4ef9-4d7a-a85f-bd466a234c52", "counter": 22, "stdout": "", "start_line": 22, "end_line": 22, "runner_ident": "00d4636a-be0a-4b95-a355-5b05c5e45bb0", "event": "runner_on_start", "pid": 244882, "created": "2023-04-22T16:55:18.778472", "parent_uuid": "fdd0ceb1-9916-d06c-174f-00000000000d", "event_data": {"playbook": "vm_create.yml", "playbook_uuid": "3e23dfca-0663-4002-b9cc-639addf91f6f", "play": "deploy VM", "play_uuid": "fdd0ceb1-9916-d06c-174f-000000000006", "play_pattern": "localhost", "task": "Validate VM's is state", "task_uuid": "fdd0ceb1-9916-d06c-174f-00000000000d", "task_action": "community.libvirt.virt", "resolved_action": "community.libvirt.virt", "task_args": "", "task_path": "/home/csc792/eBPF-xDP/southbound/vm_create.yml:31", "host": "localhost", "uuid": "c199d21d-4ef9-4d7a-a85f-bd466a234c52"}}