{"uuid": "e02361a2-1a31-41b7-b444-3124af89a74e", "counter": 4, "stdout": "", "start_line": 4, "end_line": 4, "runner_ident": "00d4636a-be0a-4b95-a355-5b05c5e45bb0", "event": "runner_on_start", "pid": 244882, "created": "2023-04-22T16:54:23.413161", "parent_uuid": "fdd0ceb1-9916-d06c-174f-000000000012", "event_data": {"playbook": "vm_create.yml", "playbook_uuid": "3e23dfca-0663-4002-b9cc-639addf91f6f", "play": "deploy VM", "play_uuid": "fdd0ceb1-9916-d06c-174f-000000000006", "play_pattern": "localhost", "task": "Gathering Facts", "task_uuid": "fdd0ceb1-9916-d06c-174f-000000000012", "task_action": "gather_facts", "resolved_action": "gather_facts", "task_args": "", "task_path": "/home/csc792/eBPF-xDP/southbound/vm_create.yml:1", "host": "localhost", "uuid": "e02361a2-1a31-41b7-b444-3124af89a74e"}}