{"uuid": "50e38a98-0a9f-4097-960c-f1606eba808d", "counter": 7, "stdout": "", "start_line": 7, "end_line": 7, "runner_ident": "00d4636a-be0a-4b95-a355-5b05c5e45bb0", "event": "runner_on_start", "pid": 244882, "created": "2023-04-22T16:54:24.781827", "parent_uuid": "fdd0ceb1-9916-d06c-174f-000000000008", "event_data": {"playbook": "vm_create.yml", "playbook_uuid": "3e23dfca-0663-4002-b9cc-639addf91f6f", "play": "deploy VM", "play_uuid": "fdd0ceb1-9916-d06c-174f-000000000006", "play_pattern": "localhost", "task": "Clone VM from base_image", "task_uuid": "fdd0ceb1-9916-d06c-174f-000000000008", "task_action": "command", "resolved_action": "command", "task_args": "", "task_path": "/home/csc792/eBPF-xDP/southbound/vm_create.yml:9", "host": "localhost", "uuid": "50e38a98-0a9f-4097-960c-f1606eba808d"}}