{"uuid": "324a14b1-64c3-485a-9fcd-186575d23544", "counter": 8, "stdout": "\u001b[0;33mchanged: [localhost]\u001b[0m\r\n\u001b[0;33m\u001b[0m", "start_line": 7, "end_line": 8, "runner_ident": "00d4636a-be0a-4b95-a355-5b05c5e45bb0", "event": "runner_on_ok", "pid": 244882, "created": "2023-04-22T16:54:32.392490", "parent_uuid": "fdd0ceb1-9916-d06c-174f-000000000008", "event_data": {"playbook": "vm_create.yml", "playbook_uuid": "3e23dfca-0663-4002-b9cc-639addf91f6f", "play": "deploy VM", "play_uuid": "fdd0ceb1-9916-d06c-174f-000000000006", "play_pattern": "localhost", "task": "Clone VM from base_image", "task_uuid": "fdd0ceb1-9916-d06c-174f-000000000008", "task_action": "command", "resolved_action": "command", "task_args": "", "task_path": "/home/csc792/eBPF-xDP/southbound/vm_create.yml:9", "host": "localhost", "remote_addr": "127.0.0.1", "res": {"cmd": ["virt-clone", "--original", "base-vm", "--name", "tenant6-vm1", "--auto-clone"], "stdout": "\rAllocating 'tenant6-vm1.im  5% [-                ]    0 B/s | 582 MB  --:-- ETA \r\rAllocating 'tenant6-vm1.im 10% [=-               ] 228 MB/s | 1.1 GB  00:40 ETA \r\rAllocating 'tenant6-vm1.im 15% [==-              ] 280 MB/s | 1.5 GB  00:30 ETA \r\rAllocating 'tenant6-vm1.im 20% [===              ] 321 MB/s | 2.0 GB  00:25 ETA \r\rAllocating 'tenant6-vm1.im 24% [====             ] 344 MB/s | 2.4 GB  00:22 ETA \r\rAllocating 'tenant6-vm1.im 29% [=====            ] 381 MB/s | 3.0 GB  00:18 ETA \r\rAllocating 'tenant6-vm1.img'                                |  10 GB  00:06     \n\nClone 'tenant6-vm1' created successfully.", "stderr": "", "rc": 0, "start": "2023-04-22 16:54:25.063221", "end": "2023-04-22 16:54:32.365203", "delta": "0:00:07.301982", "changed": true, "invocation": {"module_args": {"_raw_params": "virt-clone --original base-vm --name tenant6-vm1 --auto-clone", "warn": true, "_uses_shell": false, "stdin_add_newline": true, "strip_empty_ends": true, "argv": null, "chdir": null, "executable": null, "creates": null, "removes": null, "stdin": null}}, "stdout_lines": ["", "Allocating 'tenant6-vm1.im  5% [-                ]    0 B/s | 582 MB  --:-- ETA ", "", "Allocating 'tenant6-vm1.im 10% [=-               ] 228 MB/s | 1.1 GB  00:40 ETA ", "", "Allocating 'tenant6-vm1.im 15% [==-              ] 280 MB/s | 1.5 GB  00:30 ETA ", "", "Allocating 'tenant6-vm1.im 20% [===              ] 321 MB/s | 2.0 GB  00:25 ETA ", "", "Allocating 'tenant6-vm1.im 24% [====             ] 344 MB/s | 2.4 GB  00:22 ETA ", "", "Allocating 'tenant6-vm1.im 29% [=====            ] 381 MB/s | 3.0 GB  00:18 ETA ", "", "Allocating 'tenant6-vm1.img'                                |  10 GB  00:06     ", "", "Clone 'tenant6-vm1' created successfully."], "stderr_lines": [], "_ansible_no_log": false}, "start": "2023-04-22T16:54:24.781762", "end": "2023-04-22T16:54:32.392178", "duration": 7.610416, "event_loop": null, "uuid": "324a14b1-64c3-485a-9fcd-186575d23544"}}