{"uuid": "fdd0ceb1-9916-d06c-174f-000000000009", "counter": 9, "stdout": "\r\nTASK [Undefine cloned image] ***************************************************", "start_line": 8, "end_line": 10, "runner_ident": "00d4636a-be0a-4b95-a355-5b05c5e45bb0", "event": "playbook_on_task_start", "pid": 244882, "created": "2023-04-22T16:54:32.410145", "parent_uuid": "fdd0ceb1-9916-d06c-174f-000000000006", "event_data": {"playbook": "vm_create.yml", "playbook_uuid": "3e23dfca-0663-4002-b9cc-639addf91f6f", "play": "deploy VM", "play_uuid": "fdd0ceb1-9916-d06c-174f-000000000006", "play_pattern": "localhost", "task": "Undefine cloned image", "task_uuid": "fdd0ceb1-9916-d06c-174f-000000000009", "task_action": "command", "resolved_action": "command", "task_args": "", "task_path": "/home/csc792/eBPF-xDP/southbound/vm_create.yml:13", "name": "Undefine cloned image", "is_conditional": false, "uuid": "fdd0ceb1-9916-d06c-174f-000000000009"}}