{"uuid": "2736cd41-a5eb-4a36-9368-0cd80cb3660f", "counter": 4, "stdout": "\u001b[1;35m[WARNING]: Found variable using reserved name: name\u001b[0m\r\n\u001b[1;35m\u001b[0m", "start_line": 1, "end_line": 2, "runner_ident": "9cfb69e3-57c5-4b5c-b48f-47889547d06d", "event": "warning", "pid": 235391, "created": "2023-04-22T16:31:36.345804", "parent_uuid": "17dce4aa-4733-45b6-a58a-2e9dabaa175a", "event_data": {"playbook": "gateway_configure.yml", "playbook_uuid": "17dce4aa-4733-45b6-a58a-2e9dabaa175a", "warning": true, "uuid": "2736cd41-a5eb-4a36-9368-0cd80cb3660f"}}