{"uuid": "fdd0ceb1-9916-dba4-0dbe-000000000006", "counter": 5, "stdout": "\r\nPLAY [Install libraries] *******************************************************", "start_line": 2, "end_line": 4, "runner_ident": "9cfb69e3-57c5-4b5c-b48f-47889547d06d", "event": "playbook_on_play_start", "pid": 235391, "created": "2023-04-22T16:31:36.346431", "parent_uuid": "17dce4aa-4733-45b6-a58a-2e9dabaa175a", "event_data": {"playbook": "gateway_configure.yml", "playbook_uuid": "17dce4aa-4733-45b6-a58a-2e9dabaa175a", "play": "Install libraries", "play_uuid": "fdd0ceb1-9916-dba4-0dbe-000000000006", "play_pattern": "all", "name": "Install libraries", "pattern": "all", "uuid": "fdd0ceb1-9916-dba4-0dbe-000000000006"}}