{"uuid": "e7a85e62-7201-498a-9f9e-e4c8b4297030", "counter": 7, "stdout": "", "start_line": 6, "end_line": 6, "runner_ident": "9cfb69e3-57c5-4b5c-b48f-47889547d06d", "event": "runner_on_start", "pid": 235391, "created": "2023-04-22T16:31:36.359125", "parent_uuid": "fdd0ceb1-9916-dba4-0dbe-000000000018", "event_data": {"playbook": "gateway_configure.yml", "playbook_uuid": "17dce4aa-4733-45b6-a58a-2e9dabaa175a", "play": "Install libraries", "play_uuid": "fdd0ceb1-9916-dba4-0dbe-000000000006", "play_pattern": "all", "task": "Gathering Facts", "task_uuid": "fdd0ceb1-9916-dba4-0dbe-000000000018", "task_action": "gather_facts", "resolved_action": "gather_facts", "task_args": "", "task_path": "/home/csc792/eBPF-xDP/southbound/gateway_configure.yml:1", "host": "192.168.123.190", "uuid": "e7a85e62-7201-498a-9f9e-e4c8b4297030"}}