{"uuid": "c4183e41-3484-4948-8b7c-3154a62028f7", "counter": 8, "stdout": "\u001b[1;31mfatal: [192.168.123.190]: UNREACHABLE! => {\"changed\": false, \"msg\": \"Failed to connect to the host via ssh: @@@@@@@@@@@@@@@@@@@@@@@@@@@@@@@@@@@@@@@@@@@@@@@@@@@@@@@@@@@\\r\\n@    WARNING: REMOTE HOST IDENTIFICATION HAS CHANGED!     @\\r\\n@@@@@@@@@@@@@@@@@@@@@@@@@@@@@@@@@@@@@@@@@@@@@@@@@@@@@@@@@@@\\r\\nIT IS POSSIBLE THAT SOMEONE IS DOING SOMETHING NASTY!\\r\\nSomeone could be eavesdropping on you right now (man-in-the-middle attack)!\\r\\nIt is also possible that a host key has just been changed.\\r\\nThe fingerprint for the ECDSA key sent by the remote host is\\nSHA256:aJDlllQPtx9mg82nYdI0cG/Y6i9sqEf1rF5fbMq0qME.\\r\\nPlease contact your system administrator.\\r\\nAdd correct host key in /home/csc792/.ssh/known_hosts to get rid of this message.\\r\\nOffending ECDSA key in /home/csc792/.ssh/known_hosts:7\\r\\n  remove with:\\r\\n  ssh-keygen -f \\\"/home/csc792/.ssh/known_hosts\\\" -R \\\"192.168.123.190\\\"\\r\\nPassword authentication is disabled to avoid man-in-the-middle attacks.\\r\\nKeyboard-interactive authentication is disabled to avoid man-in-the-middle attacks.\\r\\ntest@192.168.123.190: Permission denied (publickey,password).\", \"unreachable\": true}\u001b[0m\r\n\u001b[1;31m\u001b[0m", "start_line": 6, "end_line": 7, "runner_ident": "9cfb69e3-57c5-4b5c-b48f-47889547d06d", "event": "runner_on_unreachable", "pid": 235391, "created": "2023-04-22T16:31:36.429407", "parent_uuid": "fdd0ceb1-9916-dba4-0dbe-000000000018", "event_data": {"playbook": "gateway_configure.yml", "playbook_uuid": "17dce4aa-4733-45b6-a58a-2e9dabaa175a", "play": "Install libraries", "play_uuid": "fdd0ceb1-9916-dba4-0dbe-000000000006", "play_pattern": "all", "task": "Gathering Facts", "task_uuid": "fdd0ceb1-9916-dba4-0dbe-000000000018", "task_action": "gather_facts", "resolved_action": "gather_facts", "task_args": "", "task_path": "/home/csc792/eBPF-xDP/southbound/gateway_configure.yml:1", "host": "192.168.123.190", "remote_addr": "192.168.123.190", "start": "2023-04-22T16:31:36.359054", "end": "2023-04-22T16:31:36.429202", "duration": 0.070148, "res": {"unreachable": true, "msg": "Failed to connect to the host via ssh: @@@@@@@@@@@@@@@@@@@@@@@@@@@@@@@@@@@@@@@@@@@@@@@@@@@@@@@@@@@\r\n@    WARNING: REMOTE HOST IDENTIFICATION HAS CHANGED!     @\r\n@@@@@@@@@@@@@@@@@@@@@@@@@@@@@@@@@@@@@@@@@@@@@@@@@@@@@@@@@@@\r\nIT IS POSSIBLE THAT SOMEONE IS DOING SOMETHING NASTY!\r\nSomeone could be eavesdropping on you right now (man-in-the-middle attack)!\r\nIt is also possible that a host key has just been changed.\r\nThe fingerprint for the ECDSA key sent by the remote host is\nSHA256:aJDlllQPtx9mg82nYdI0cG/Y6i9sqEf1rF5fbMq0qME.\r\nPlease contact your system administrator.\r\nAdd correct host key in /home/csc792/.ssh/known_hosts to get rid of this message.\r\nOffending ECDSA key in /home/csc792/.ssh/known_hosts:7\r\n  remove with:\r\n  ssh-keygen -f \"/home/csc792/.ssh/known_hosts\" -R \"192.168.123.190\"\r\nPassword authentication is disabled to avoid man-in-the-middle attacks.\r\nKeyboard-interactive authentication is disabled to avoid man-in-the-middle attacks.\r\ntest@192.168.123.190: Permission denied (publickey,password).", "changed": false}, "uuid": "c4183e41-3484-4948-8b7c-3154a62028f7"}}