{"uuid": "22eb3ad6-df08-4134-a058-8729fa4f6768", "counter": 9, "stdout": "\r\nPLAY RECAP *********************************************************************\r\n\u001b[0;31m192.168.123.190\u001b[0m            : ok=0    changed=0    \u001b[1;31munreachable=1   \u001b[0m failed=0    skipped=0    rescued=0    ignored=0   ", "start_line": 7, "end_line": 11, "runner_ident": "9cfb69e3-57c5-4b5c-b48f-47889547d06d", "event": "playbook_on_stats", "pid": 235391, "created": "2023-04-22T16:31:36.431168", "parent_uuid": "17dce4aa-4733-45b6-a58a-2e9dabaa175a", "event_data": {"playbook": "gateway_configure.yml", "playbook_uuid": "17dce4aa-4733-45b6-a58a-2e9dabaa175a", "changed": {}, "dark": {"192.168.123.190": 1}, "failures": {}, "ignored": {}, "ok": {}, "processed": {"192.168.123.190": 1}, "rescued": {}, "skipped": {}, "artifact_data": {}, "uuid": "22eb3ad6-df08-4134-a058-8729fa4f6768"}}