{"uuid": "1a46ac7b-5ae6-4060-8f0f-02d8b876a8fb", "counter": 11, "stdout": "\u001b[0;32mok: [localhost]\u001b[0m\r\n\u001b[0;32m\u001b[0m", "start_line": 10, "end_line": 11, "runner_ident": "53437cb3-6915-4209-8451-ea8b32e5f284", "event": "runner_on_ok", "pid": 251468, "created": "2023-04-22T19:02:41.546530", "parent_uuid": "fdd0ceb1-9916-2201-1a38-000000000009", "event_data": {"playbook": "vm_delete.yml", "playbook_uuid": "0ab734a2-32b8-4987-916d-0f18c14747db", "play": "Delete virtual machine", "play_uuid": "fdd0ceb1-9916-2201-1a38-000000000006", "play_pattern": "localhost", "task": "Wait for virtual machine to shut down", "task_uuid": "fdd0ceb1-9916-2201-1a38-000000000009", "task_action": "wait_for", "resolved_action": "wait_for", "task_args": "", "task_path": "/home/csc792/eBPF-xDP/southbound/vm_delete.yml:18", "host": "localhost", "remote_addr": "127.0.0.1", "res": {"state": "absent", "port": null, "search_regex": null, "match_groups": [], "match_groupdict": {}, "path": "/var/run/libvirt/qemu/tenant6-vm2.pid", "elapsed": 2, "invocation": {"module_args": {"path": "/var/run/libvirt/qemu/tenant6-vm2.pid", "state": "absent", "host": "127.0.0.1", "timeout": 300, "connect_timeout": 5, "delay": 0, "active_connection_states": ["ESTABLISHED", "FIN_WAIT1", "FIN_WAIT2", "SYN_RECV", "SYN_SENT", "TIME_WAIT"], "sleep": 1, "port": null, "search_regex": null, "exclude_hosts": null, "msg": null}}, "_ansible_no_log": false, "changed": false}, "start": "2023-04-22T19:02:39.207394", "end": "2023-04-22T19:02:41.546300", "duration": 2.338906, "event_loop": null, "uuid": "1a46ac7b-5ae6-4060-8f0f-02d8b876a8fb"}}