{"uuid": "fdd0ceb1-9916-2201-1a38-00000000000a", "counter": 12, "stdout": "\r\nTASK [Delete virtual machine] **************************************************", "start_line": 11, "end_line": 13, "runner_ident": "53437cb3-6915-4209-8451-ea8b32e5f284", "event": "playbook_on_task_start", "pid": 251468, "created": "2023-04-22T19:02:41.561889", "parent_uuid": "fdd0ceb1-9916-2201-1a38-000000000006", "event_data": {"playbook": "vm_delete.yml", "playbook_uuid": "0ab734a2-32b8-4987-916d-0f18c14747db", "play": "Delete virtual machine", "play_uuid": "fdd0ceb1-9916-2201-1a38-000000000006", "play_pattern": "localhost", "task": "Delete virtual machine", "task_uuid": "fdd0ceb1-9916-2201-1a38-00000000000a", "task_action": "command", "resolved_action": "command", "task_args": "", "task_path": "/home/csc792/eBPF-xDP/southbound/vm_delete.yml:24", "name": "Delete virtual machine", "is_conditional": false, "uuid": "fdd0ceb1-9916-2201-1a38-00000000000a"}}