{"uuid": "b356ebec-fdb9-427f-8edb-61944338259b", "counter": 13, "stdout": "", "start_line": 13, "end_line": 13, "runner_ident": "53437cb3-6915-4209-8451-ea8b32e5f284", "event": "runner_on_start", "pid": 251468, "created": "2023-04-22T19:02:41.562429", "parent_uuid": "fdd0ceb1-9916-2201-1a38-00000000000a", "event_data": {"playbook": "vm_delete.yml", "playbook_uuid": "0ab734a2-32b8-4987-916d-0f18c14747db", "play": "Delete virtual machine", "play_uuid": "fdd0ceb1-9916-2201-1a38-000000000006", "play_pattern": "localhost", "task": "Delete virtual machine", "task_uuid": "fdd0ceb1-9916-2201-1a38-00000000000a", "task_action": "command", "resolved_action": "command", "task_args": "", "task_path": "/home/csc792/eBPF-xDP/southbound/vm_delete.yml:24", "host": "localhost", "uuid": "b356ebec-fdb9-427f-8edb-61944338259b"}}