{"uuid": "dfc2e729-8ebd-4de9-99bd-400e6721e74f", "counter": 14, "stdout": "\u001b[0;33mchanged: [localhost]\u001b[0m\r\n\u001b[0;33m\u001b[0m", "start_line": 13, "end_line": 14, "runner_ident": "53437cb3-6915-4209-8451-ea8b32e5f284", "event": "runner_on_ok", "pid": 251468, "created": "2023-04-22T19:02:42.192294", "parent_uuid": "fdd0ceb1-9916-2201-1a38-00000000000a", "event_data": {"playbook": "vm_delete.yml", "playbook_uuid": "0ab734a2-32b8-4987-916d-0f18c14747db", "play": "Delete virtual machine", "play_uuid": "fdd0ceb1-9916-2201-1a38-000000000006", "play_pattern": "localhost", "task": "Delete virtual machine", "task_uuid": "fdd0ceb1-9916-2201-1a38-00000000000a", "task_action": "command", "resolved_action": "command", "task_args": "", "task_path": "/home/csc792/eBPF-xDP/southbound/vm_delete.yml:24", "host": "localhost", "remote_addr": "127.0.0.1", "res": {"cmd": ["virsh", "undefine", "tenant6-vm2", "--remove-all-storage", "--snapshots-metadata"], "stdout": "Domain tenant6-vm2 has been undefined\nVolume 'vda'(/var/lib/libvirt/images/tenant6-vm2.img) removed.", "stderr": "", "rc": 0, "start": "2023-04-22 19:02:41.741473", "end": "2023-04-22 19:02:42.171410", "delta": "0:00:00.429937", "changed": true, "invocation": {"module_args": {"_raw_params": "virsh undefine tenant6-vm2 --remove-all-storage --snapshots-metadata", "warn": true, "_uses_shell": false, "stdin_add_newline": true, "strip_empty_ends": true, "argv": null, "chdir": null, "executable": null, "creates": null, "removes": null, "stdin": null}}, "stdout_lines": ["Domain tenant6-vm2 has been undefined", "Volume 'vda'(/var/lib/libvirt/images/tenant6-vm2.img) removed."], "stderr_lines": [], "_ansible_no_log": false}, "start": "2023-04-22T19:02:41.562366", "end": "2023-04-22T19:02:42.192082", "duration": 0.629716, "event_loop": null, "uuid": "dfc2e729-8ebd-4de9-99bd-400e6721e74f"}}