{"uuid": "e1953469-c1dc-4c91-b5ff-420830ab7310", "counter": 15, "stdout": "\r\nPLAY RECAP *********************************************************************\r\n\u001b[0;33mlocalhost\u001b[0m                  : \u001b[0;32mok=4   \u001b[0m \u001b[0;33mchanged=2   \u001b[0m unreachable=0    failed=0    skipped=0    rescued=0    ignored=0   ", "start_line": 14, "end_line": 18, "runner_ident": "53437cb3-6915-4209-8451-ea8b32e5f284", "event": "playbook_on_stats", "pid": 251468, "created": "2023-04-22T19:02:42.194422", "parent_uuid": "0ab734a2-32b8-4987-916d-0f18c14747db", "event_data": {"playbook": "vm_delete.yml", "playbook_uuid": "0ab734a2-32b8-4987-916d-0f18c14747db", "changed": {"localhost": 2}, "dark": {}, "failures": {}, "ignored": {}, "ok": {"localhost": 4}, "processed": {"localhost": 1}, "rescued": {}, "skipped": {}, "artifact_data": {}, "uuid": "e1953469-c1dc-4c91-b5ff-420830ab7310"}}