{"uuid": "fdd0ceb1-9916-2201-1a38-000000000006", "counter": 2, "stdout": "\r\nPLAY [Delete virtual machine] **************************************************", "start_line": 0, "end_line": 2, "runner_ident": "53437cb3-6915-4209-8451-ea8b32e5f284", "event": "playbook_on_play_start", "pid": 251468, "created": "2023-04-22T19:02:36.595765", "parent_uuid": "0ab734a2-32b8-4987-916d-0f18c14747db", "event_data": {"playbook": "vm_delete.yml", "playbook_uuid": "0ab734a2-32b8-4987-916d-0f18c14747db", "play": "Delete virtual machine", "play_uuid": "fdd0ceb1-9916-2201-1a38-000000000006", "play_pattern": "localhost", "name": "Delete virtual machine", "pattern": "localhost", "uuid": "fdd0ceb1-9916-2201-1a38-000000000006"}}