{"uuid": "6426c5c8-d7ef-4e75-b46a-fb451d42678f", "counter": 4, "stdout": "", "start_line": 4, "end_line": 4, "runner_ident": "53437cb3-6915-4209-8451-ea8b32e5f284", "event": "runner_on_start", "pid": 251468, "created": "2023-04-22T19:02:36.606847", "parent_uuid": "fdd0ceb1-9916-2201-1a38-00000000000f", "event_data": {"playbook": "vm_delete.yml", "playbook_uuid": "0ab734a2-32b8-4987-916d-0f18c14747db", "play": "Delete virtual machine", "play_uuid": "fdd0ceb1-9916-2201-1a38-000000000006", "play_pattern": "localhost", "task": "Gathering Facts", "task_uuid": "fdd0ceb1-9916-2201-1a38-00000000000f", "task_action": "gather_facts", "resolved_action": "gather_facts", "task_args": "", "task_path": "/home/csc792/eBPF-xDP/southbound/vm_delete.yml:1", "host": "localhost", "uuid": "6426c5c8-d7ef-4e75-b46a-fb451d42678f"}}