{"uuid": "8246334e-96e8-4cc2-a614-4f41830ac783", "counter": 7, "stdout": "", "start_line": 7, "end_line": 7, "runner_ident": "53437cb3-6915-4209-8451-ea8b32e5f284", "event": "runner_on_start", "pid": 251468, "created": "2023-04-22T19:02:37.901985", "parent_uuid": "fdd0ceb1-9916-2201-1a38-000000000008", "event_data": {"playbook": "vm_delete.yml", "playbook_uuid": "0ab734a2-32b8-4987-916d-0f18c14747db", "play": "Delete virtual machine", "play_uuid": "fdd0ceb1-9916-2201-1a38-000000000006", "play_pattern": "localhost", "task": "Shut down virtual machine", "task_uuid": "fdd0ceb1-9916-2201-1a38-000000000008", "task_action": "command", "resolved_action": "command", "task_args": "", "task_path": "/home/csc792/eBPF-xDP/southbound/vm_delete.yml:13", "host": "localhost", "uuid": "8246334e-96e8-4cc2-a614-4f41830ac783"}}