{"uuid": "8e328ce7-c88a-46d3-9dd7-ae2425d32bd0", "counter": 8, "stdout": "\u001b[0;33mchanged: [localhost]\u001b[0m\r\n\u001b[0;33m\u001b[0m", "start_line": 7, "end_line": 8, "runner_ident": "53437cb3-6915-4209-8451-ea8b32e5f284", "event": "runner_on_ok", "pid": 251468, "created": "2023-04-22T19:02:39.191144", "parent_uuid": "fdd0ceb1-9916-2201-1a38-000000000008", "event_data": {"playbook": "vm_delete.yml", "playbook_uuid": "0ab734a2-32b8-4987-916d-0f18c14747db", "play": "Delete virtual machine", "play_uuid": "fdd0ceb1-9916-2201-1a38-000000000006", "play_pattern": "localhost", "task": "Shut down virtual machine", "task_uuid": "fdd0ceb1-9916-2201-1a38-000000000008", "task_action": "command", "resolved_action": "command", "task_args": "", "task_path": "/home/csc792/eBPF-xDP/southbound/vm_delete.yml:13", "host": "localhost", "remote_addr": "127.0.0.1", "res": {"cmd": ["virsh", "shutdown", "tenant6-vm2"], "stdout": "Domain tenant6-vm2 is being shutdown", "stderr": "", "rc": 0, "start": "2023-04-22 19:02:38.149755", "end": "2023-04-22 19:02:39.169447", "delta": "0:00:01.019692", "changed": true, "invocation": {"module_args": {"_raw_params": "virsh shutdown tenant6-vm2", "warn": true, "_uses_shell": false, "stdin_add_newline": true, "strip_empty_ends": true, "argv": null, "chdir": null, "executable": null, "creates": null, "removes": null, "stdin": null}}, "stdout_lines": ["Domain tenant6-vm2 is being shutdown"], "stderr_lines": [], "_ansible_no_log": false}, "start": "2023-04-22T19:02:37.901920", "end": "2023-04-22T19:02:39.190884", "duration": 1.288964, "event_loop": null, "uuid": "8e328ce7-c88a-46d3-9dd7-ae2425d32bd0"}}