{"uuid": "fdd0ceb1-9916-2201-1a38-000000000009", "counter": 9, "stdout": "\r\nTASK [Wait for virtual machine to shut down] ***********************************", "start_line": 8, "end_line": 10, "runner_ident": "53437cb3-6915-4209-8451-ea8b32e5f284", "event": "playbook_on_task_start", "pid": 251468, "created": "2023-04-22T19:02:39.206664", "parent_uuid": "fdd0ceb1-9916-2201-1a38-000000000006", "event_data": {"playbook": "vm_delete.yml", "playbook_uuid": "0ab734a2-32b8-4987-916d-0f18c14747db", "play": "Delete virtual machine", "play_uuid": "fdd0ceb1-9916-2201-1a38-000000000006", "play_pattern": "localhost", "task": "Wait for virtual machine to shut down", "task_uuid": "fdd0ceb1-9916-2201-1a38-000000000009", "task_action": "wait_for", "resolved_action": "wait_for", "task_args": "", "task_path": "/home/csc792/eBPF-xDP/southbound/vm_delete.yml:18", "name": "Wait for virtual machine to shut down", "is_conditional": false, "uuid": "fdd0ceb1-9916-2201-1a38-000000000009"}}