{"uuid": "0200af7e-fd7e-44ad-afa6-db04649b5a56", "counter": 11, "stdout": "\u001b[0;33mchanged: [localhost]\u001b[0m\r\n\u001b[0;33m\u001b[0m", "start_line": 10, "end_line": 11, "runner_ident": "4cd8c267-7801-4a2a-9c74-6c84972216e1", "event": "runner_on_ok", "pid": 237380, "created": "2023-04-22T16:37:42.212941", "parent_uuid": "fdd0ceb1-9916-4201-862b-000000000009", "event_data": {"playbook": "vm_create.yml", "playbook_uuid": "b5724882-94ae-454e-9894-b5f64c92f4d8", "play": "deploy VM", "play_uuid": "fdd0ceb1-9916-4201-862b-000000000006", "play_pattern": "localhost", "task": "Undefine cloned image", "task_uuid": "fdd0ceb1-9916-4201-862b-000000000009", "task_action": "command", "resolved_action": "command", "task_args": "", "task_path": "/home/csc792/eBPF-xDP/southbound/vm_create.yml:13", "host": "localhost", "remote_addr": "127.0.0.1", "res": {"cmd": ["virsh", "undefine", "tenant6-vm2"], "stdout": "Domain tenant6-vm2 has been undefined", "stderr": "", "rc": 0, "start": "2023-04-22 16:37:42.163109", "end": "2023-04-22 16:37:42.186978", "delta": "0:00:00.023869", "changed": true, "invocation": {"module_args": {"_raw_params": "virsh undefine tenant6-vm2", "warn": true, "_uses_shell": false, "stdin_add_newline": true, "strip_empty_ends": true, "argv": null, "chdir": null, "executable": null, "creates": null, "removes": null, "stdin": null}}, "stdout_lines": ["Domain tenant6-vm2 has been undefined"], "stderr_lines": [], "_ansible_no_log": false}, "start": "2023-04-22T16:37:41.756122", "end": "2023-04-22T16:37:42.212677", "duration": 0.456555, "event_loop": null, "uuid": "0200af7e-fd7e-44ad-afa6-db04649b5a56"}}