{"uuid": "4fe2b4e2-245f-4b4f-abfd-240c55f513e2", "counter": 13, "stdout": "", "start_line": 13, "end_line": 13, "runner_ident": "4cd8c267-7801-4a2a-9c74-6c84972216e1", "event": "runner_on_start", "pid": 237380, "created": "2023-04-22T16:37:42.249828", "parent_uuid": "fdd0ceb1-9916-4201-862b-00000000000a", "event_data": {"playbook": "vm_create.yml", "playbook_uuid": "b5724882-94ae-454e-9894-b5f64c92f4d8", "play": "deploy VM", "play_uuid": "fdd0ceb1-9916-4201-862b-000000000006", "play_pattern": "localhost", "task": "Define new VM", "task_uuid": "fdd0ceb1-9916-4201-862b-00000000000a", "task_action": "community.libvirt.virt", "resolved_action": "community.libvirt.virt", "task_args": "", "task_path": "/home/csc792/eBPF-xDP/southbound/vm_create.yml:17", "host": "localhost", "uuid": "4fe2b4e2-245f-4b4f-abfd-240c55f513e2"}}