{"uuid": "fdd0ceb1-9916-4201-862b-00000000000b", "counter": 15, "stdout": "\r\nTASK [Reset Cloned VM parameters] **********************************************", "start_line": 14, "end_line": 16, "runner_ident": "4cd8c267-7801-4a2a-9c74-6c84972216e1", "event": "playbook_on_task_start", "pid": 237380, "created": "2023-04-22T16:38:03.268867", "parent_uuid": "fdd0ceb1-9916-4201-862b-000000000006", "event_data": {"playbook": "vm_create.yml", "playbook_uuid": "b5724882-94ae-454e-9894-b5f64c92f4d8", "play": "deploy VM", "play_uuid": "fdd0ceb1-9916-4201-862b-000000000006", "play_pattern": "localhost", "task": "Reset Cloned VM parameters", "task_uuid": "fdd0ceb1-9916-4201-862b-00000000000b", "task_action": "command", "resolved_action": "command", "task_args": "", "task_path": "/home/csc792/eBPF-xDP/southbound/vm_create.yml:22", "name": "Reset Cloned VM parameters", "is_conditional": false, "uuid": "fdd0ceb1-9916-4201-862b-00000000000b"}}