{"uuid": "7d877d7f-1353-4786-b16f-c10043497e15", "counter": 17, "stdout": "\u001b[0;33mchanged: [localhost]\u001b[0m\r\n\u001b[0;33m\u001b[0m", "start_line": 16, "end_line": 17, "runner_ident": "4cd8c267-7801-4a2a-9c74-6c84972216e1", "event": "runner_on_ok", "pid": 237380, "created": "2023-04-22T16:38:17.084233", "parent_uuid": "fdd0ceb1-9916-4201-862b-00000000000b", "event_data": {"playbook": "vm_create.yml", "playbook_uuid": "b5724882-94ae-454e-9894-b5f64c92f4d8", "play": "deploy VM", "play_uuid": "fdd0ceb1-9916-4201-862b-000000000006", "play_pattern": "localhost", "task": "Reset Cloned VM parameters", "task_uuid": "fdd0ceb1-9916-4201-862b-00000000000b", "task_action": "command", "resolved_action": "command", "task_args": "", "task_path": "/home/csc792/eBPF-xDP/southbound/vm_create.yml:22", "host": "localhost", "remote_addr": "127.0.0.1", "res": {"cmd": ["virt-sysprep", "-d", "tenant6-vm2", "--hostname", "tenant6-vm2"], "stdout": "[   0.0] Examining the guest ...\n[  10.7] Performing \"abrt-data\" ...\n[  10.7] Performing \"backup-files\" ...\n[  11.2] Performing \"bash-history\" ...\n[  11.2] Performing \"blkid-tab\" ...\n[  11.3] Performing \"crash-data\" ...\n[  11.3] Performing \"cron-spool\" ...\n[  11.3] Performing \"dhcp-client-state\" ...\n[  11.3] Performing \"dhcp-server-state\" ...\n[  11.3] Performing \"dovecot-data\" ...\n[  11.3] Performing \"logfiles\" ...\n[  11.5] Performing \"machine-id\" ...\n[  11.5] Performing \"mail-spool\" ...\n[  11.5] Performing \"net-hostname\" ...\n[  11.5] Performing \"net-hwaddr\" ...\n[  11.6] Performing \"pacct-log\" ...\n[  11.6] Performing \"package-manager-cache\" ...\n[  11.6] Performing \"pam-data\" ...\n[  11.6] Performing \"passwd-backups\" ...\n[  11.6] Performing \"puppet-data-log\" ...\n[  11.7] Performing \"rh-subscription-manager\" ...\n[  11.7] Performing \"rhn-systemid\" ...\n[  11.7] Performing \"rpm-db\" ...\n[  11.7] Performing \"samba-db-log\" ...\n[  11.8] Performing \"script\" ...\n[  11.8] Performing \"smolt-uuid\" ...\n[  11.8] Performing \"ssh-hostkeys\" ...\n[  11.8] Performing \"ssh-userdir\" ...\n[  11.8] Performing \"sssd-db-log\" ...\n[  11.8] Performing \"tmp-files\" ...\n[  11.9] Performing \"udev-persistent-net\" ...\n[  11.9] Performing \"utmp\" ...\n[  11.9] Performing \"yum-uuid\" ...\n[  11.9] Performing \"customize\" ...\n[  12.0] Setting a random seed\n[  12.0] Setting the machine ID in /etc/machine-id\n[  12.0] Setting the hostname: tenant6-vm2\n[  13.2] Performing \"lvm-uuids\" ...", "stderr": "", "rc": 0, "start": "2023-04-22 16:38:03.502082", "end": "2023-04-22 16:38:17.061542", "delta": "0:00:13.559460", "changed": true, "invocation": {"module_args": {"_raw_params": "virt-sysprep -d tenant6-vm2 --hostname tenant6-vm2", "warn": true, "_uses_shell": false, "stdin_add_newline": true, "strip_empty_ends": true, "argv": null, "chdir": null, "executable": null, "creates": null, "removes": null, "stdin": null}}, "stdout_lines": ["[   0.0] Examining the guest ...", "[  10.7] Performing \"abrt-data\" ...", "[  10.7] Performing \"backup-files\" ...", "[  11.2] Performing \"bash-history\" ...", "[  11.2] Performing \"blkid-tab\" ...", "[  11.3] Performing \"crash-data\" ...", "[  11.3] Performing \"cron-spool\" ...", "[  11.3] Performing \"dhcp-client-state\" ...", "[  11.3] Performing \"dhcp-server-state\" ...", "[  11.3] Performing \"dovecot-data\" ...", "[  11.3] Performing \"logfiles\" ...", "[  11.5] Performing \"machine-id\" ...", "[  11.5] Performing \"mail-spool\" ...", "[  11.5] Performing \"net-hostname\" ...", "[  11.5] Performing \"net-hwaddr\" ...", "[  11.6] Performing \"pacct-log\" ...", "[  11.6] Performing \"package-manager-cache\" ...", "[  11.6] Performing \"pam-data\" ...", "[  11.6] Performing \"passwd-backups\" ...", "[  11.6] Performing \"puppet-data-log\" ...", "[  11.7] Performing \"rh-subscription-manager\" ...", "[  11.7] Performing \"rhn-systemid\" ...", "[  11.7] Performing \"rpm-db\" ...", "[  11.7] Performing \"samba-db-log\" ...", "[  11.8] Performing \"script\" ...", "[  11.8] Performing \"smolt-uuid\" ...", "[  11.8] Performing \"ssh-hostkeys\" ...", "[  11.8] Performing \"ssh-userdir\" ...", "[  11.8] Performing \"sssd-db-log\" ...", "[  11.8] Performing \"tmp-files\" ...", "[  11.9] Performing \"udev-persistent-net\" ...", "[  11.9] Performing \"utmp\" ...", "[  11.9] Performing \"yum-uuid\" ...", "[  11.9] Performing \"customize\" ...", "[  12.0] Setting a random seed", "[  12.0] Setting the machine ID in /etc/machine-id", "[  12.0] Setting the hostname: tenant6-vm2", "[  13.2] Performing \"lvm-uuids\" ..."], "stderr_lines": [], "_ansible_no_log": false}, "start": "2023-04-22T16:38:03.270568", "end": "2023-04-22T16:38:17.084010", "duration": 13.813442, "event_loop": null, "uuid": "7d877d7f-1353-4786-b16f-c10043497e15"}}