{"uuid": "fdd0ceb1-9916-4201-862b-00000000000c", "counter": 18, "stdout": "\r\nTASK [Start the new VM] ********************************************************", "start_line": 17, "end_line": 19, "runner_ident": "4cd8c267-7801-4a2a-9c74-6c84972216e1", "event": "playbook_on_task_start", "pid": 237380, "created": "2023-04-22T16:38:17.099734", "parent_uuid": "fdd0ceb1-9916-4201-862b-000000000006", "event_data": {"playbook": "vm_create.yml", "playbook_uuid": "b5724882-94ae-454e-9894-b5f64c92f4d8", "play": "deploy VM", "play_uuid": "fdd0ceb1-9916-4201-862b-000000000006", "play_pattern": "localhost", "task": "Start the new VM", "task_uuid": "fdd0ceb1-9916-4201-862b-00000000000c", "task_action": "community.libvirt.virt", "resolved_action": "community.libvirt.virt", "task_args": "", "task_path": "/home/csc792/eBPF-xDP/southbound/vm_create.yml:26", "name": "Start the new VM", "is_conditional": false, "uuid": "fdd0ceb1-9916-4201-862b-00000000000c"}}