{"uuid": "216727b6-76d2-4240-91cf-313619753f3c", "counter": 22, "stdout": "", "start_line": 22, "end_line": 22, "runner_ident": "4cd8c267-7801-4a2a-9c74-6c84972216e1", "event": "runner_on_start", "pid": 237380, "created": "2023-04-22T16:38:18.387302", "parent_uuid": "fdd0ceb1-9916-4201-862b-00000000000d", "event_data": {"playbook": "vm_create.yml", "playbook_uuid": "b5724882-94ae-454e-9894-b5f64c92f4d8", "play": "deploy VM", "play_uuid": "fdd0ceb1-9916-4201-862b-000000000006", "play_pattern": "localhost", "task": "Validate VM's is state", "task_uuid": "fdd0ceb1-9916-4201-862b-00000000000d", "task_action": "community.libvirt.virt", "resolved_action": "community.libvirt.virt", "task_args": "", "task_path": "/home/csc792/eBPF-xDP/southbound/vm_create.yml:31", "host": "localhost", "uuid": "216727b6-76d2-4240-91cf-313619753f3c"}}