{"uuid": "42bf9874-0804-4c6d-8981-7dc6d75853ba", "counter": 24, "stdout": "\r\nPLAY RECAP *********************************************************************\r\n\u001b[0;33mlocalhost\u001b[0m                  : \u001b[0;32mok=7   \u001b[0m \u001b[0;33mchanged=4   \u001b[0m unreachable=0    failed=0    skipped=0    rescued=0    ignored=0   ", "start_line": 23, "end_line": 27, "runner_ident": "4cd8c267-7801-4a2a-9c74-6c84972216e1", "event": "playbook_on_stats", "pid": 237380, "created": "2023-04-22T16:38:19.617038", "parent_uuid": "b5724882-94ae-454e-9894-b5f64c92f4d8", "event_data": {"playbook": "vm_create.yml", "playbook_uuid": "b5724882-94ae-454e-9894-b5f64c92f4d8", "changed": {"localhost": 4}, "dark": {}, "failures": {}, "ignored": {}, "ok": {"localhost": 7}, "processed": {"localhost": 1}, "rescued": {}, "skipped": {}, "artifact_data": {}, "uuid": "42bf9874-0804-4c6d-8981-7dc6d75853ba"}}