{"uuid": "79301987-862e-4362-8bec-3a9775f7bb3b", "counter": 4, "stdout": "", "start_line": 4, "end_line": 4, "runner_ident": "4cd8c267-7801-4a2a-9c74-6c84972216e1", "event": "runner_on_start", "pid": 237380, "created": "2023-04-22T16:37:27.104565", "parent_uuid": "fdd0ceb1-9916-4201-862b-000000000012", "event_data": {"playbook": "vm_create.yml", "playbook_uuid": "b5724882-94ae-454e-9894-b5f64c92f4d8", "play": "deploy VM", "play_uuid": "fdd0ceb1-9916-4201-862b-000000000006", "play_pattern": "localhost", "task": "Gathering Facts", "task_uuid": "fdd0ceb1-9916-4201-862b-000000000012", "task_action": "gather_facts", "resolved_action": "gather_facts", "task_args": "", "task_path": "/home/csc792/eBPF-xDP/southbound/vm_create.yml:1", "host": "localhost", "uuid": "79301987-862e-4362-8bec-3a9775f7bb3b"}}