{"uuid": "1bdca1ae-9d2c-4dc3-a00f-2039a1fd329b", "counter": 7, "stdout": "", "start_line": 7, "end_line": 7, "runner_ident": "4cd8c267-7801-4a2a-9c74-6c84972216e1", "event": "runner_on_start", "pid": 237380, "created": "2023-04-22T16:37:28.727433", "parent_uuid": "fdd0ceb1-9916-4201-862b-000000000008", "event_data": {"playbook": "vm_create.yml", "playbook_uuid": "b5724882-94ae-454e-9894-b5f64c92f4d8", "play": "deploy VM", "play_uuid": "fdd0ceb1-9916-4201-862b-000000000006", "play_pattern": "localhost", "task": "Clone VM from base_image", "task_uuid": "fdd0ceb1-9916-4201-862b-000000000008", "task_action": "command", "resolved_action": "command", "task_args": "", "task_path": "/home/csc792/eBPF-xDP/southbound/vm_create.yml:9", "host": "localhost", "uuid": "1bdca1ae-9d2c-4dc3-a00f-2039a1fd329b"}}