{"uuid": "8eba0a62-7549-47f4-9caa-922c06cccbfb", "counter": 8, "stdout": "\u001b[0;33mchanged: [localhost]\u001b[0m\r\n\u001b[0;33m\u001b[0m", "start_line": 7, "end_line": 8, "runner_ident": "4cd8c267-7801-4a2a-9c74-6c84972216e1", "event": "runner_on_ok", "pid": 237380, "created": "2023-04-22T16:37:41.737306", "parent_uuid": "fdd0ceb1-9916-4201-862b-000000000008", "event_data": {"playbook": "vm_create.yml", "playbook_uuid": "b5724882-94ae-454e-9894-b5f64c92f4d8", "play": "deploy VM", "play_uuid": "fdd0ceb1-9916-4201-862b-000000000006", "play_pattern": "localhost", "task": "Clone VM from base_image", "task_uuid": "fdd0ceb1-9916-4201-862b-000000000008", "task_action": "command", "resolved_action": "command", "task_args": "", "task_path": "/home/csc792/eBPF-xDP/southbound/vm_create.yml:9", "host": "localhost", "remote_addr": "127.0.0.1", "res": {"cmd": ["virt-clone", "--original", "base-vm", "--name", "tenant6-vm2", "--auto-clone"], "stdout": "\rAllocating 'tenant6-vm2.im  3% [-                ]    0 B/s | 404 MB  --:-- ETA \r\rAllocating 'tenant6-vm2.im  7% [=                ] 175 MB/s | 790 MB  00:53 ETA \r\rAllocating 'tenant6-vm2.im 11% [=-               ] 211 MB/s | 1.1 GB  00:43 ETA \r\rAllocating 'tenant6-vm2.im 14% [==               ] 239 MB/s | 1.5 GB  00:36 ETA \r\rAllocating 'tenant6-vm2.im 18% [===              ] 262 MB/s | 1.8 GB  00:32 ETA \r\rAllocating 'tenant6-vm2.im 21% [===-             ] 271 MB/s | 2.1 GB  00:29 ETA \r\rAllocating 'tenant6-vm2.im 22% [===-             ] 127 MB/s | 2.3 GB  01:02 ETA \r\rAllocating 'tenant6-vm2.im 26% [====-            ] 182 MB/s | 2.7 GB  00:41 ETA \r\rAllocating 'tenant6-vm2.im 30% [=====            ] 234 MB/s | 3.1 GB  00:30 ETA \r\rAllocating 'tenant6-vm2.img'                                |  10 GB  00:12     \n\nClone 'tenant6-vm2' created successfully.", "stderr": "", "rc": 0, "start": "2023-04-22 16:37:29.021502", "end": "2023-04-22 16:37:41.609677", "delta": "0:00:12.588175", "changed": true, "invocation": {"module_args": {"_raw_params": "virt-clone --original base-vm --name tenant6-vm2 --auto-clone", "warn": true, "_uses_shell": false, "stdin_add_newline": true, "strip_empty_ends": true, "argv": null, "chdir": null, "executable": null, "creates": null, "removes": null, "stdin": null}}, "stdout_lines": ["", "Allocating 'tenant6-vm2.im  3% [-                ]    0 B/s | 404 MB  --:-- ETA ", "", "Allocating 'tenant6-vm2.im  7% [=                ] 175 MB/s | 790 MB  00:53 ETA ", "", "Allocating 'tenant6-vm2.im 11% [=-               ] 211 MB/s | 1.1 GB  00:43 ETA ", "", "Allocating 'tenant6-vm2.im 14% [==               ] 239 MB/s | 1.5 GB  00:36 ETA ", "", "Allocating 'tenant6-vm2.im 18% [===              ] 262 MB/s | 1.8 GB  00:32 ETA ", "", "Allocating 'tenant6-vm2.im 21% [===-             ] 271 MB/s | 2.1 GB  00:29 ETA ", "", "Allocating 'tenant6-vm2.im 22% [===-             ] 127 MB/s | 2.3 GB  01:02 ETA ", "", "Allocating 'tenant6-vm2.im 26% [====-            ] 182 MB/s | 2.7 GB  00:41 ETA ", "", "Allocating 'tenant6-vm2.im 30% [=====            ] 234 MB/s | 3.1 GB  00:30 ETA ", "", "Allocating 'tenant6-vm2.img'                                |  10 GB  00:12     ", "", "Clone 'tenant6-vm2' created successfully."], "stderr_lines": [], "_ansible_no_log": false}, "start": "2023-04-22T16:37:28.727362", "end": "2023-04-22T16:37:41.737015", "duration": 13.009653, "event_loop": null, "uuid": "8eba0a62-7549-47f4-9caa-922c06cccbfb"}}