{"uuid": "fdd0ceb1-9916-641e-40be-000000000008", "counter": 10, "stdout": "\r\nTASK [Check if bridge exists] **************************************************", "start_line": 8, "end_line": 10, "runner_ident": "8088783c-c859-4b44-b2a2-ef09989022aa", "event": "playbook_on_task_start", "pid": 232532, "created": "2023-04-22T16:23:27.201747", "parent_uuid": "fdd0ceb1-9916-641e-40be-000000000006", "event_data": {"playbook": "bridge_create.yml", "playbook_uuid": "b65c2856-9869-4054-8f3b-ca4619d15bba", "play": "localhost", "play_uuid": "fdd0ceb1-9916-641e-40be-000000000006", "play_pattern": "localhost", "task": "Check if bridge exists", "task_uuid": "fdd0ceb1-9916-641e-40be-000000000008", "task_action": "command", "resolved_action": "command", "task_args": "", "task_path": "/home/csc792/eBPF-xDP/southbound/bridge_create.yml:10", "name": "Check if bridge exists", "is_conditional": false, "uuid": "fdd0ceb1-9916-641e-40be-000000000008"}}