{"uuid": "6d678b7e-cecd-4c00-afa3-d833acaaee86", "counter": 12, "stdout": "\u001b[0;31mfatal: [localhost]: FAILED! => {\"changed\": true, \"cmd\": [\"brctl\", \"show\", \"tenant7tenet2\"], \"delta\": \"0:00:00.004826\", \"end\": \"2023-04-22 16:23:27.480763\", \"msg\": \"non-zero return code\", \"rc\": 1, \"start\": \"2023-04-22 16:23:27.475937\", \"stderr\": \"bridge tenant7tenet2 does not exist!\", \"stderr_lines\": [\"bridge tenant7tenet2 does not exist!\"], \"stdout\": \"\", \"stdout_lines\": []}\u001b[0m\r\n\u001b[0;31m\u001b[0m\u001b[0;36m...ignoring\u001b[0m\r\n\u001b[0;36m\u001b[0m", "start_line": 10, "end_line": 12, "runner_ident": "8088783c-c859-4b44-b2a2-ef09989022aa", "event": "runner_on_failed", "pid": 232532, "created": "2023-04-22T16:23:27.506894", "parent_uuid": "fdd0ceb1-9916-641e-40be-000000000008", "event_data": {"playbook": "bridge_create.yml", "playbook_uuid": "b65c2856-9869-4054-8f3b-ca4619d15bba", "play": "localhost", "play_uuid": "fdd0ceb1-9916-641e-40be-000000000006", "play_pattern": "localhost", "task": "Check if bridge exists", "task_uuid": "fdd0ceb1-9916-641e-40be-000000000008", "task_action": "command", "resolved_action": "command", "task_args": "", "task_path": "/home/csc792/eBPF-xDP/southbound/bridge_create.yml:10", "host": "localhost", "remote_addr": "127.0.0.1", "res": {"msg": "non-zero return code", "cmd": ["brctl", "show", "tenant7tenet2"], "stdout": "", "stderr": "bridge tenant7tenet2 does not exist!", "rc": 1, "start": "2023-04-22 16:23:27.475937", "end": "2023-04-22 16:23:27.480763", "delta": "0:00:00.004826", "changed": true, "invocation": {"module_args": {"_raw_params": "brctl show tenant7tenet2", "warn": true, "_uses_shell": false, "stdin_add_newline": true, "strip_empty_ends": true, "argv": null, "chdir": null, "executable": null, "creates": null, "removes": null, "stdin": null}}, "stdout_lines": [], "stderr_lines": ["bridge tenant7tenet2 does not exist!"], "_ansible_no_log": false}, "start": "2023-04-22T16:23:27.202339", "end": "2023-04-22T16:23:27.506627", "duration": 0.304288, "ignore_errors": true, "event_loop": null, "uuid": "6d678b7e-cecd-4c00-afa3-d833acaaee86"}}