{"uuid": "a979a9b7-f7d2-4cde-bf6b-53bc39cc6f66", "counter": 15, "stdout": "\u001b[0;33mchanged: [localhost]\u001b[0m\r\n\u001b[0;33m\u001b[0m", "start_line": 14, "end_line": 15, "runner_ident": "8088783c-c859-4b44-b2a2-ef09989022aa", "event": "runner_on_ok", "pid": 232532, "created": "2023-04-22T16:23:27.732825", "parent_uuid": "fdd0ceb1-9916-641e-40be-000000000009", "event_data": {"playbook": "bridge_create.yml", "playbook_uuid": "b65c2856-9869-4054-8f3b-ca4619d15bba", "play": "localhost", "play_uuid": "fdd0ceb1-9916-641e-40be-000000000006", "play_pattern": "localhost", "task": "Create bridge if it does not exist", "task_uuid": "fdd0ceb1-9916-641e-40be-000000000009", "task_action": "command", "resolved_action": "command", "task_args": "", "task_path": "/home/csc792/eBPF-xDP/southbound/bridge_create.yml:16", "host": "localhost", "remote_addr": "127.0.0.1", "res": {"cmd": ["brctl", "addbr", "tenant7tenet2"], "stdout": "", "stderr": "", "rc": 0, "start": "2023-04-22 16:23:27.708243", "end": "2023-04-22 16:23:27.711535", "delta": "0:00:00.003292", "changed": true, "invocation": {"module_args": {"_raw_params": "brctl addbr tenant7tenet2", "warn": true, "_uses_shell": false, "stdin_add_newline": true, "strip_empty_ends": true, "argv": null, "chdir": null, "executable": null, "creates": null, "removes": null, "stdin": null}}, "stdout_lines": [], "stderr_lines": [], "_ansible_no_log": false}, "start": "2023-04-22T16:23:27.519095", "end": "2023-04-22T16:23:27.732615", "duration": 0.21352, "event_loop": null, "uuid": "a979a9b7-f7d2-4cde-bf6b-53bc39cc6f66"}}