{"uuid": "a8e02e8c-3eb2-4c3b-9640-e44435e49a43", "counter": 17, "stdout": "", "start_line": 17, "end_line": 17, "runner_ident": "8088783c-c859-4b44-b2a2-ef09989022aa", "event": "runner_on_start", "pid": 232532, "created": "2023-04-22T16:23:27.745192", "parent_uuid": "fdd0ceb1-9916-641e-40be-00000000000a", "event_data": {"playbook": "bridge_create.yml", "playbook_uuid": "b65c2856-9869-4054-8f3b-ca4619d15bba", "play": "localhost", "play_uuid": "fdd0ceb1-9916-641e-40be-000000000006", "play_pattern": "localhost", "task": "Set bridge up", "task_uuid": "fdd0ceb1-9916-641e-40be-00000000000a", "task_action": "command", "resolved_action": "command", "task_args": "", "task_path": "/home/csc792/eBPF-xDP/southbound/bridge_create.yml:20", "host": "localhost", "uuid": "a8e02e8c-3eb2-4c3b-9640-e44435e49a43"}}