{"uuid": "9f9d9f45-b98a-4d79-ba49-c17251f03302", "counter": 18, "stdout": "\u001b[0;33mchanged: [localhost]\u001b[0m\r\n\u001b[0;33m\u001b[0m", "start_line": 17, "end_line": 18, "runner_ident": "8088783c-c859-4b44-b2a2-ef09989022aa", "event": "runner_on_ok", "pid": 232532, "created": "2023-04-22T16:23:27.953972", "parent_uuid": "fdd0ceb1-9916-641e-40be-00000000000a", "event_data": {"playbook": "bridge_create.yml", "playbook_uuid": "b65c2856-9869-4054-8f3b-ca4619d15bba", "play": "localhost", "play_uuid": "fdd0ceb1-9916-641e-40be-000000000006", "play_pattern": "localhost", "task": "Set bridge up", "task_uuid": "fdd0ceb1-9916-641e-40be-00000000000a", "task_action": "command", "resolved_action": "command", "task_args": "", "task_path": "/home/csc792/eBPF-xDP/southbound/bridge_create.yml:20", "host": "localhost", "remote_addr": "127.0.0.1", "res": {"cmd": ["ip", "link", "set", "dev", "tenant7tenet2", "up"], "stdout": "", "stderr": "", "rc": 0, "start": "2023-04-22 16:23:27.932182", "end": "2023-04-22 16:23:27.935109", "delta": "0:00:00.002927", "changed": true, "invocation": {"module_args": {"_raw_params": "ip link set dev tenant7tenet2 up", "warn": true, "_uses_shell": false, "stdin_add_newline": true, "strip_empty_ends": true, "argv": null, "chdir": null, "executable": null, "creates": null, "removes": null, "stdin": null}}, "stdout_lines": [], "stderr_lines": [], "_ansible_no_log": false}, "start": "2023-04-22T16:23:27.745115", "end": "2023-04-22T16:23:27.953746", "duration": 0.208631, "event_loop": null, "uuid": "9f9d9f45-b98a-4d79-ba49-c17251f03302"}}