{"uuid": "62158d8f-735e-43a6-b250-0ea41ca929b4", "counter": 19, "stdout": "\r\nPLAY RECAP *********************************************************************\r\n\u001b[0;33mlocalhost\u001b[0m                  : \u001b[0;32mok=4   \u001b[0m \u001b[0;33mchanged=3   \u001b[0m unreachable=0    failed=0    skipped=0    rescued=0    \u001b[1;35mignored=1   \u001b[0m", "start_line": 18, "end_line": 22, "runner_ident": "8088783c-c859-4b44-b2a2-ef09989022aa", "event": "playbook_on_stats", "pid": 232532, "created": "2023-04-22T16:23:27.956147", "parent_uuid": "b65c2856-9869-4054-8f3b-ca4619d15bba", "event_data": {"playbook": "bridge_create.yml", "playbook_uuid": "b65c2856-9869-4054-8f3b-ca4619d15bba", "changed": {"localhost": 3}, "dark": {}, "failures": {}, "ignored": {"localhost": 1}, "ok": {"localhost": 4}, "processed": {"localhost": 1}, "rescued": {}, "skipped": {}, "artifact_data": {}, "uuid": "62158d8f-735e-43a6-b250-0ea41ca929b4"}}