{"uuid": "fdd0ceb1-9916-641e-40be-000000000006", "counter": 6, "stdout": "\r\nPLAY [localhost] ***************************************************************", "start_line": 3, "end_line": 5, "runner_ident": "8088783c-c859-4b44-b2a2-ef09989022aa", "event": "playbook_on_play_start", "pid": 232532, "created": "2023-04-22T16:23:25.970922", "parent_uuid": "b65c2856-9869-4054-8f3b-ca4619d15bba", "event_data": {"playbook": "bridge_create.yml", "playbook_uuid": "b65c2856-9869-4054-8f3b-ca4619d15bba", "play": "localhost", "play_uuid": "fdd0ceb1-9916-641e-40be-000000000006", "play_pattern": "localhost", "name": "localhost", "pattern": "localhost", "uuid": "fdd0ceb1-9916-641e-40be-000000000006"}}