{"uuid": "d7b856fa-6cc4-4d8c-92b5-cd785478a184", "counter": 10, "stdout": "", "start_line": 10, "end_line": 10, "runner_ident": "1cc7e304-e13b-41fc-a21c-79d9ccd62df7", "event": "runner_on_start", "pid": 239705, "created": "2023-04-22T16:44:01.792093", "parent_uuid": "fdd0ceb1-9916-8e1e-467c-000000000009", "event_data": {"playbook": "vm_create.yml", "playbook_uuid": "69e05c58-0c3a-4dad-b322-094773f5a61f", "play": "deploy VM", "play_uuid": "fdd0ceb1-9916-8e1e-467c-000000000006", "play_pattern": "localhost", "task": "Undefine cloned image", "task_uuid": "fdd0ceb1-9916-8e1e-467c-000000000009", "task_action": "command", "resolved_action": "command", "task_args": "", "task_path": "/home/csc792/eBPF-xDP/southbound/vm_create.yml:13", "host": "localhost", "uuid": "d7b856fa-6cc4-4d8c-92b5-cd785478a184"}}