{"uuid": "be2c36e0-fb3f-40df-8740-0b704d8eab90", "counter": 11, "stdout": "\u001b[0;33mchanged: [localhost]\u001b[0m\r\n\u001b[0;33m\u001b[0m", "start_line": 10, "end_line": 11, "runner_ident": "1cc7e304-e13b-41fc-a21c-79d9ccd62df7", "event": "runner_on_ok", "pid": 239705, "created": "2023-04-22T16:44:02.037574", "parent_uuid": "fdd0ceb1-9916-8e1e-467c-000000000009", "event_data": {"playbook": "vm_create.yml", "playbook_uuid": "69e05c58-0c3a-4dad-b322-094773f5a61f", "play": "deploy VM", "play_uuid": "fdd0ceb1-9916-8e1e-467c-000000000006", "play_pattern": "localhost", "task": "Undefine cloned image", "task_uuid": "fdd0ceb1-9916-8e1e-467c-000000000009", "task_action": "command", "resolved_action": "command", "task_args": "", "task_path": "/home/csc792/eBPF-xDP/southbound/vm_create.yml:13", "host": "localhost", "remote_addr": "127.0.0.1", "res": {"cmd": ["virsh", "undefine", "tenant7-vm1"], "stdout": "Domain tenant7-vm1 has been undefined", "stderr": "", "rc": 0, "start": "2023-04-22 16:44:01.995216", "end": "2023-04-22 16:44:02.012894", "delta": "0:00:00.017678", "changed": true, "invocation": {"module_args": {"_raw_params": "virsh undefine tenant7-vm1", "warn": true, "_uses_shell": false, "stdin_add_newline": true, "strip_empty_ends": true, "argv": null, "chdir": null, "executable": null, "creates": null, "removes": null, "stdin": null}}, "stdout_lines": ["Domain tenant7-vm1 has been undefined"], "stderr_lines": [], "_ansible_no_log": false}, "start": "2023-04-22T16:44:01.791994", "end": "2023-04-22T16:44:02.037365", "duration": 0.245371, "event_loop": null, "uuid": "be2c36e0-fb3f-40df-8740-0b704d8eab90"}}