{"uuid": "df3a5140-6b3b-4a11-add6-312ca8db7bd8", "counter": 13, "stdout": "", "start_line": 13, "end_line": 13, "runner_ident": "1cc7e304-e13b-41fc-a21c-79d9ccd62df7", "event": "runner_on_start", "pid": 239705, "created": "2023-04-22T16:44:02.054929", "parent_uuid": "fdd0ceb1-9916-8e1e-467c-00000000000a", "event_data": {"playbook": "vm_create.yml", "playbook_uuid": "69e05c58-0c3a-4dad-b322-094773f5a61f", "play": "deploy VM", "play_uuid": "fdd0ceb1-9916-8e1e-467c-000000000006", "play_pattern": "localhost", "task": "Define new VM", "task_uuid": "fdd0ceb1-9916-8e1e-467c-00000000000a", "task_action": "community.libvirt.virt", "resolved_action": "community.libvirt.virt", "task_args": "", "task_path": "/home/csc792/eBPF-xDP/southbound/vm_create.yml:17", "host": "localhost", "uuid": "df3a5140-6b3b-4a11-add6-312ca8db7bd8"}}