{"uuid": "1b2539e7-b4ed-4539-b758-6f58f9a4b542", "counter": 16, "stdout": "", "start_line": 16, "end_line": 16, "runner_ident": "1cc7e304-e13b-41fc-a21c-79d9ccd62df7", "event": "runner_on_start", "pid": 239705, "created": "2023-04-22T16:44:37.902365", "parent_uuid": "fdd0ceb1-9916-8e1e-467c-00000000000b", "event_data": {"playbook": "vm_create.yml", "playbook_uuid": "69e05c58-0c3a-4dad-b322-094773f5a61f", "play": "deploy VM", "play_uuid": "fdd0ceb1-9916-8e1e-467c-000000000006", "play_pattern": "localhost", "task": "Reset Cloned VM parameters", "task_uuid": "fdd0ceb1-9916-8e1e-467c-00000000000b", "task_action": "command", "resolved_action": "command", "task_args": "", "task_path": "/home/csc792/eBPF-xDP/southbound/vm_create.yml:22", "host": "localhost", "uuid": "1b2539e7-b4ed-4539-b758-6f58f9a4b542"}}