{"uuid": "13e05466-86bb-4a3c-b677-bceeaee281ef", "counter": 17, "stdout": "\u001b[0;33mchanged: [localhost]\u001b[0m\r\n\u001b[0;33m\u001b[0m", "start_line": 16, "end_line": 17, "runner_ident": "1cc7e304-e13b-41fc-a21c-79d9ccd62df7", "event": "runner_on_ok", "pid": 239705, "created": "2023-04-22T16:44:43.736198", "parent_uuid": "fdd0ceb1-9916-8e1e-467c-00000000000b", "event_data": {"playbook": "vm_create.yml", "playbook_uuid": "69e05c58-0c3a-4dad-b322-094773f5a61f", "play": "deploy VM", "play_uuid": "fdd0ceb1-9916-8e1e-467c-000000000006", "play_pattern": "localhost", "task": "Reset Cloned VM parameters", "task_uuid": "fdd0ceb1-9916-8e1e-467c-00000000000b", "task_action": "command", "resolved_action": "command", "task_args": "", "task_path": "/home/csc792/eBPF-xDP/southbound/vm_create.yml:22", "host": "localhost", "remote_addr": "127.0.0.1", "res": {"cmd": ["virt-sysprep", "-d", "tenant7-vm1", "--hostname", "tenant7-vm1"], "stdout": "[   0.0] Examining the guest ...\n[   3.0] Performing \"abrt-data\" ...\n[   3.0] Performing \"backup-files\" ...\n[   3.4] Performing \"bash-history\" ...\n[   3.4] Performing \"blkid-tab\" ...\n[   3.4] Performing \"crash-data\" ...\n[   3.5] Performing \"cron-spool\" ...\n[   3.5] Performing \"dhcp-client-state\" ...\n[   3.5] Performing \"dhcp-server-state\" ...\n[   3.5] Performing \"dovecot-data\" ...\n[   3.5] Performing \"logfiles\" ...\n[   3.6] Performing \"machine-id\" ...\n[   3.7] Performing \"mail-spool\" ...\n[   3.7] Performing \"net-hostname\" ...\n[   3.7] Performing \"net-hwaddr\" ...\n[   3.7] Performing \"pacct-log\" ...\n[   3.8] Performing \"package-manager-cache\" ...\n[   3.8] Performing \"pam-data\" ...\n[   3.8] Performing \"passwd-backups\" ...\n[   3.8] Performing \"puppet-data-log\" ...\n[   3.8] Performing \"rh-subscription-manager\" ...\n[   3.9] Performing \"rhn-systemid\" ...\n[   3.9] Performing \"rpm-db\" ...\n[   3.9] Performing \"samba-db-log\" ...\n[   3.9] Performing \"script\" ...\n[   3.9] Performing \"smolt-uuid\" ...\n[   3.9] Performing \"ssh-hostkeys\" ...\n[   4.0] Performing \"ssh-userdir\" ...\n[   4.0] Performing \"sssd-db-log\" ...\n[   4.0] Performing \"tmp-files\" ...\n[   4.0] Performing \"udev-persistent-net\" ...\n[   4.0] Performing \"utmp\" ...\n[   4.1] Performing \"yum-uuid\" ...\n[   4.1] Performing \"customize\" ...\n[   4.1] Setting a random seed\n[   4.1] Setting the machine ID in /etc/machine-id\n[   4.1] Setting the hostname: tenant7-vm1\n[   5.3] Performing \"lvm-uuids\" ...", "stderr": "", "rc": 0, "start": "2023-04-22 16:44:38.092602", "end": "2023-04-22 16:44:43.715035", "delta": "0:00:05.622433", "changed": true, "invocation": {"module_args": {"_raw_params": "virt-sysprep -d tenant7-vm1 --hostname tenant7-vm1", "warn": true, "_uses_shell": false, "stdin_add_newline": true, "strip_empty_ends": true, "argv": null, "chdir": null, "executable": null, "creates": null, "removes": null, "stdin": null}}, "stdout_lines": ["[   0.0] Examining the guest ...", "[   3.0] Performing \"abrt-data\" ...", "[   3.0] Performing \"backup-files\" ...", "[   3.4] Performing \"bash-history\" ...", "[   3.4] Performing \"blkid-tab\" ...", "[   3.4] Performing \"crash-data\" ...", "[   3.5] Performing \"cron-spool\" ...", "[   3.5] Performing \"dhcp-client-state\" ...", "[   3.5] Performing \"dhcp-server-state\" ...", "[   3.5] Performing \"dovecot-data\" ...", "[   3.5] Performing \"logfiles\" ...", "[   3.6] Performing \"machine-id\" ...", "[   3.7] Performing \"mail-spool\" ...", "[   3.7] Performing \"net-hostname\" ...", "[   3.7] Performing \"net-hwaddr\" ...", "[   3.7] Performing \"pacct-log\" ...", "[   3.8] Performing \"package-manager-cache\" ...", "[   3.8] Performing \"pam-data\" ...", "[   3.8] Performing \"passwd-backups\" ...", "[   3.8] Performing \"puppet-data-log\" ...", "[   3.8] Performing \"rh-subscription-manager\" ...", "[   3.9] Performing \"rhn-systemid\" ...", "[   3.9] Performing \"rpm-db\" ...", "[   3.9] Performing \"samba-db-log\" ...", "[   3.9] Performing \"script\" ...", "[   3.9] Performing \"smolt-uuid\" ...", "[   3.9] Performing \"ssh-hostkeys\" ...", "[   4.0] Performing \"ssh-userdir\" ...", "[   4.0] Performing \"sssd-db-log\" ...", "[   4.0] Performing \"tmp-files\" ...", "[   4.0] Performing \"udev-persistent-net\" ...", "[   4.0] Performing \"utmp\" ...", "[   4.1] Performing \"yum-uuid\" ...", "[   4.1] Performing \"customize\" ...", "[   4.1] Setting a random seed", "[   4.1] Setting the machine ID in /etc/machine-id", "[   4.1] Setting the hostname: tenant7-vm1", "[   5.3] Performing \"lvm-uuids\" ..."], "stderr_lines": [], "_ansible_no_log": false}, "start": "2023-04-22T16:44:37.902271", "end": "2023-04-22T16:44:43.735957", "duration": 5.833686, "event_loop": null, "uuid": "13e05466-86bb-4a3c-b677-bceeaee281ef"}}