{"uuid": "fdd0ceb1-9916-8e1e-467c-00000000000c", "counter": 18, "stdout": "\r\nTASK [Start the new VM] ********************************************************", "start_line": 17, "end_line": 19, "runner_ident": "1cc7e304-e13b-41fc-a21c-79d9ccd62df7", "event": "playbook_on_task_start", "pid": 239705, "created": "2023-04-22T16:44:43.753441", "parent_uuid": "fdd0ceb1-9916-8e1e-467c-000000000006", "event_data": {"playbook": "vm_create.yml", "playbook_uuid": "69e05c58-0c3a-4dad-b322-094773f5a61f", "play": "deploy VM", "play_uuid": "fdd0ceb1-9916-8e1e-467c-000000000006", "play_pattern": "localhost", "task": "Start the new VM", "task_uuid": "fdd0ceb1-9916-8e1e-467c-00000000000c", "task_action": "community.libvirt.virt", "resolved_action": "community.libvirt.virt", "task_args": "", "task_path": "/home/csc792/eBPF-xDP/southbound/vm_create.yml:26", "name": "Start the new VM", "is_conditional": false, "uuid": "fdd0ceb1-9916-8e1e-467c-00000000000c"}}