{"uuid": "fdd0ceb1-9916-8e1e-467c-00000000000d", "counter": 21, "stdout": "\r\nTASK [Validate VM's is state] **************************************************", "start_line": 20, "end_line": 22, "runner_ident": "1cc7e304-e13b-41fc-a21c-79d9ccd62df7", "event": "playbook_on_task_start", "pid": 239705, "created": "2023-04-22T16:44:45.021722", "parent_uuid": "fdd0ceb1-9916-8e1e-467c-000000000006", "event_data": {"playbook": "vm_create.yml", "playbook_uuid": "69e05c58-0c3a-4dad-b322-094773f5a61f", "play": "deploy VM", "play_uuid": "fdd0ceb1-9916-8e1e-467c-000000000006", "play_pattern": "localhost", "task": "Validate VM's is state", "task_uuid": "fdd0ceb1-9916-8e1e-467c-00000000000d", "task_action": "community.libvirt.virt", "resolved_action": "community.libvirt.virt", "task_args": "", "task_path": "/home/csc792/eBPF-xDP/southbound/vm_create.yml:31", "name": "Validate VM's is state", "is_conditional": false, "uuid": "fdd0ceb1-9916-8e1e-467c-00000000000d"}}