{"uuid": "fb0b0048-8255-4733-8848-f045ffeca0ab", "counter": 22, "stdout": "", "start_line": 22, "end_line": 22, "runner_ident": "1cc7e304-e13b-41fc-a21c-79d9ccd62df7", "event": "runner_on_start", "pid": 239705, "created": "2023-04-22T16:44:45.022806", "parent_uuid": "fdd0ceb1-9916-8e1e-467c-00000000000d", "event_data": {"playbook": "vm_create.yml", "playbook_uuid": "69e05c58-0c3a-4dad-b322-094773f5a61f", "play": "deploy VM", "play_uuid": "fdd0ceb1-9916-8e1e-467c-000000000006", "play_pattern": "localhost", "task": "Validate VM's is state", "task_uuid": "fdd0ceb1-9916-8e1e-467c-00000000000d", "task_action": "community.libvirt.virt", "resolved_action": "community.libvirt.virt", "task_args": "", "task_path": "/home/csc792/eBPF-xDP/southbound/vm_create.yml:31", "host": "localhost", "uuid": "fb0b0048-8255-4733-8848-f045ffeca0ab"}}