{"uuid": "5ef5f245-17f2-4976-a6e6-b4a32385470f", "counter": 23, "stdout": "\u001b[0;32mok: [localhost]\u001b[0m\r\n\u001b[0;32m\u001b[0m", "start_line": 22, "end_line": 23, "runner_ident": "1cc7e304-e13b-41fc-a21c-79d9ccd62df7", "event": "runner_on_ok", "pid": 239705, "created": "2023-04-22T16:44:45.240098", "parent_uuid": "fdd0ceb1-9916-8e1e-467c-00000000000d", "event_data": {"playbook": "vm_create.yml", "playbook_uuid": "69e05c58-0c3a-4dad-b322-094773f5a61f", "play": "deploy VM", "play_uuid": "fdd0ceb1-9916-8e1e-467c-000000000006", "play_pattern": "localhost", "task": "Validate VM's is state", "task_uuid": "fdd0ceb1-9916-8e1e-467c-00000000000d", "task_action": "community.libvirt.virt", "resolved_action": "community.libvirt.virt", "task_args": "", "task_path": "/home/csc792/eBPF-xDP/southbound/vm_create.yml:31", "host": "localhost", "remote_addr": "127.0.0.1", "res": {"invocation": {"module_args": {"name": "tenant7-vm1", "state": "running", "uri": "qemu:///system", "autostart": null, "command": null, "xml": null}}, "_ansible_no_log": false, "changed": false}, "start": "2023-04-22T16:44:45.022683", "end": "2023-04-22T16:44:45.239920", "duration": 0.217237, "event_loop": null, "uuid": "5ef5f245-17f2-4976-a6e6-b4a32385470f"}}