{"uuid": "cc658d5c-ed2c-4e2c-b411-58b9702f7fa4", "counter": 24, "stdout": "\r\nPLAY RECAP *********************************************************************\r\n\u001b[0;33mlocalhost\u001b[0m                  : \u001b[0;32mok=7   \u001b[0m \u001b[0;33mchanged=4   \u001b[0m unreachable=0    failed=0    skipped=0    rescued=0    ignored=0   ", "start_line": 23, "end_line": 27, "runner_ident": "1cc7e304-e13b-41fc-a21c-79d9ccd62df7", "event": "playbook_on_stats", "pid": 239705, "created": "2023-04-22T16:44:45.242603", "parent_uuid": "69e05c58-0c3a-4dad-b322-094773f5a61f", "event_data": {"playbook": "vm_create.yml", "playbook_uuid": "69e05c58-0c3a-4dad-b322-094773f5a61f", "changed": {"localhost": 4}, "dark": {}, "failures": {}, "ignored": {}, "ok": {"localhost": 7}, "processed": {"localhost": 1}, "rescued": {}, "skipped": {}, "artifact_data": {}, "uuid": "cc658d5c-ed2c-4e2c-b411-58b9702f7fa4"}}