{"uuid": "dad20f26-6a75-41f8-b5d0-663c0903f0c3", "counter": 4, "stdout": "", "start_line": 4, "end_line": 4, "runner_ident": "1cc7e304-e13b-41fc-a21c-79d9ccd62df7", "event": "runner_on_start", "pid": 239705, "created": "2023-04-22T16:43:50.643744", "parent_uuid": "fdd0ceb1-9916-8e1e-467c-000000000012", "event_data": {"playbook": "vm_create.yml", "playbook_uuid": "69e05c58-0c3a-4dad-b322-094773f5a61f", "play": "deploy VM", "play_uuid": "fdd0ceb1-9916-8e1e-467c-000000000006", "play_pattern": "localhost", "task": "Gathering Facts", "task_uuid": "fdd0ceb1-9916-8e1e-467c-000000000012", "task_action": "gather_facts", "resolved_action": "gather_facts", "task_args": "", "task_path": "/home/csc792/eBPF-xDP/southbound/vm_create.yml:1", "host": "localhost", "uuid": "dad20f26-6a75-41f8-b5d0-663c0903f0c3"}}