{"uuid": "f699bcdb-0605-48de-9a18-f796d6ca0ff5", "counter": 7, "stdout": "", "start_line": 7, "end_line": 7, "runner_ident": "1cc7e304-e13b-41fc-a21c-79d9ccd62df7", "event": "runner_on_start", "pid": 239705, "created": "2023-04-22T16:43:51.969982", "parent_uuid": "fdd0ceb1-9916-8e1e-467c-000000000008", "event_data": {"playbook": "vm_create.yml", "playbook_uuid": "69e05c58-0c3a-4dad-b322-094773f5a61f", "play": "deploy VM", "play_uuid": "fdd0ceb1-9916-8e1e-467c-000000000006", "play_pattern": "localhost", "task": "Clone VM from base_image", "task_uuid": "fdd0ceb1-9916-8e1e-467c-000000000008", "task_action": "command", "resolved_action": "command", "task_args": "", "task_path": "/home/csc792/eBPF-xDP/southbound/vm_create.yml:9", "host": "localhost", "uuid": "f699bcdb-0605-48de-9a18-f796d6ca0ff5"}}