{"uuid": "de351320-a11c-4517-acb1-e8fe869560bc", "counter": 8, "stdout": "\u001b[0;33mchanged: [localhost]\u001b[0m\r\n\u001b[0;33m\u001b[0m", "start_line": 7, "end_line": 8, "runner_ident": "1cc7e304-e13b-41fc-a21c-79d9ccd62df7", "event": "runner_on_ok", "pid": 239705, "created": "2023-04-22T16:44:01.772054", "parent_uuid": "fdd0ceb1-9916-8e1e-467c-000000000008", "event_data": {"playbook": "vm_create.yml", "playbook_uuid": "69e05c58-0c3a-4dad-b322-094773f5a61f", "play": "deploy VM", "play_uuid": "fdd0ceb1-9916-8e1e-467c-000000000006", "play_pattern": "localhost", "task": "Clone VM from base_image", "task_uuid": "fdd0ceb1-9916-8e1e-467c-000000000008", "task_action": "command", "resolved_action": "command", "task_args": "", "task_path": "/home/csc792/eBPF-xDP/southbound/vm_create.yml:9", "host": "localhost", "remote_addr": "127.0.0.1", "res": {"cmd": ["virt-clone", "--original", "base-vm", "--name", "tenant7-vm1", "--auto-clone"], "stdout": "\rAllocating 'tenant7-vm1.im  4% [-                ]    0 B/s | 482 MB  --:-- ETA \r\rAllocating 'tenant7-vm1.im  8% [=                ] 168 MB/s | 852 MB  00:56 ETA \r\rAllocating 'tenant7-vm1.im 12% [==               ] 218 MB/s | 1.2 GB  00:41 ETA \r\rAllocating 'tenant7-vm1.im 16% [==-              ] 257 MB/s | 1.6 GB  00:33 ETA \r\rAllocating 'tenant7-vm1.im 20% [===-             ] 292 MB/s | 2.1 GB  00:27 ETA \r\rAllocating 'tenant7-vm1.im 24% [====             ] 316 MB/s | 2.5 GB  00:24 ETA \r\rAllocating 'tenant7-vm1.im 28% [====-            ] 325 MB/s | 2.8 GB  00:22 ETA \r\rAllocating 'tenant7-vm1.im 32% [=====            ] 337 MB/s | 3.2 GB  00:20 ETA \r\rAllocating 'tenant7-vm1.img'                                |  10 GB  00:09     \n\nClone 'tenant7-vm1' created successfully.", "stderr": "", "rc": 0, "start": "2023-04-22 16:43:52.240288", "end": "2023-04-22 16:44:01.747955", "delta": "0:00:09.507667", "changed": true, "invocation": {"module_args": {"_raw_params": "virt-clone --original base-vm --name tenant7-vm1 --auto-clone", "warn": true, "_uses_shell": false, "stdin_add_newline": true, "strip_empty_ends": true, "argv": null, "chdir": null, "executable": null, "creates": null, "removes": null, "stdin": null}}, "stdout_lines": ["", "Allocating 'tenant7-vm1.im  4% [-                ]    0 B/s | 482 MB  --:-- ETA ", "", "Allocating 'tenant7-vm1.im  8% [=                ] 168 MB/s | 852 MB  00:56 ETA ", "", "Allocating 'tenant7-vm1.im 12% [==               ] 218 MB/s | 1.2 GB  00:41 ETA ", "", "Allocating 'tenant7-vm1.im 16% [==-              ] 257 MB/s | 1.6 GB  00:33 ETA ", "", "Allocating 'tenant7-vm1.im 20% [===-             ] 292 MB/s | 2.1 GB  00:27 ETA ", "", "Allocating 'tenant7-vm1.im 24% [====             ] 316 MB/s | 2.5 GB  00:24 ETA ", "", "Allocating 'tenant7-vm1.im 28% [====-            ] 325 MB/s | 2.8 GB  00:22 ETA ", "", "Allocating 'tenant7-vm1.im 32% [=====            ] 337 MB/s | 3.2 GB  00:20 ETA ", "", "Allocating 'tenant7-vm1.img'                                |  10 GB  00:09     ", "", "Clone 'tenant7-vm1' created successfully."], "stderr_lines": [], "_ansible_no_log": false}, "start": "2023-04-22T16:43:51.969919", "end": "2023-04-22T16:44:01.771729", "duration": 9.80181, "event_loop": null, "uuid": "de351320-a11c-4517-acb1-e8fe869560bc"}}