{"uuid": "4b460954-09aa-4ae0-b052-55b5a8c92348", "counter": 11, "stdout": "\u001b[0;33mchanged: [localhost]\u001b[0m\r\n\u001b[0;33m\u001b[0m", "start_line": 10, "end_line": 11, "runner_ident": "95c557f5-68b5-48a1-ba36-76620200303e", "event": "runner_on_ok", "pid": 245879, "created": "2023-04-22T16:56:17.080414", "parent_uuid": "fdd0ceb1-9916-d38c-2a21-000000000009", "event_data": {"playbook": "vm_create.yml", "playbook_uuid": "6293b6c4-8fe8-4d40-b395-040e53d91bda", "play": "deploy VM", "play_uuid": "fdd0ceb1-9916-d38c-2a21-000000000006", "play_pattern": "localhost", "task": "Undefine cloned image", "task_uuid": "fdd0ceb1-9916-d38c-2a21-000000000009", "task_action": "command", "resolved_action": "command", "task_args": "", "task_path": "/home/csc792/eBPF-xDP/southbound/vm_create.yml:13", "host": "localhost", "remote_addr": "127.0.0.1", "res": {"cmd": ["virsh", "undefine", "tenant6-vm3"], "stdout": "Domain tenant6-vm3 has been undefined", "stderr": "", "rc": 0, "start": "2023-04-22 16:56:17.041232", "end": "2023-04-22 16:56:17.060605", "delta": "0:00:00.019373", "changed": true, "invocation": {"module_args": {"_raw_params": "virsh undefine tenant6-vm3", "warn": true, "_uses_shell": false, "stdin_add_newline": true, "strip_empty_ends": true, "argv": null, "chdir": null, "executable": null, "creates": null, "removes": null, "stdin": null}}, "stdout_lines": ["Domain tenant6-vm3 has been undefined"], "stderr_lines": [], "_ansible_no_log": false}, "start": "2023-04-22T16:56:16.842584", "end": "2023-04-22T16:56:17.080208", "duration": 0.237624, "event_loop": null, "uuid": "4b460954-09aa-4ae0-b052-55b5a8c92348"}}