{"uuid": "ec42ca01-90c0-4c93-adba-70975fa9e2e4", "counter": 13, "stdout": "", "start_line": 13, "end_line": 13, "runner_ident": "95c557f5-68b5-48a1-ba36-76620200303e", "event": "runner_on_start", "pid": 245879, "created": "2023-04-22T16:56:17.097883", "parent_uuid": "fdd0ceb1-9916-d38c-2a21-00000000000a", "event_data": {"playbook": "vm_create.yml", "playbook_uuid": "6293b6c4-8fe8-4d40-b395-040e53d91bda", "play": "deploy VM", "play_uuid": "fdd0ceb1-9916-d38c-2a21-000000000006", "play_pattern": "localhost", "task": "Define new VM", "task_uuid": "fdd0ceb1-9916-d38c-2a21-00000000000a", "task_action": "community.libvirt.virt", "resolved_action": "community.libvirt.virt", "task_args": "", "task_path": "/home/csc792/eBPF-xDP/southbound/vm_create.yml:17", "host": "localhost", "uuid": "ec42ca01-90c0-4c93-adba-70975fa9e2e4"}}