{"uuid": "044c8792-0f2f-4ea4-8e53-b33b2eb35da6", "counter": 16, "stdout": "", "start_line": 16, "end_line": 16, "runner_ident": "95c557f5-68b5-48a1-ba36-76620200303e", "event": "runner_on_start", "pid": 245879, "created": "2023-04-22T16:56:47.137924", "parent_uuid": "fdd0ceb1-9916-d38c-2a21-00000000000b", "event_data": {"playbook": "vm_create.yml", "playbook_uuid": "6293b6c4-8fe8-4d40-b395-040e53d91bda", "play": "deploy VM", "play_uuid": "fdd0ceb1-9916-d38c-2a21-000000000006", "play_pattern": "localhost", "task": "Reset Cloned VM parameters", "task_uuid": "fdd0ceb1-9916-d38c-2a21-00000000000b", "task_action": "command", "resolved_action": "command", "task_args": "", "task_path": "/home/csc792/eBPF-xDP/southbound/vm_create.yml:22", "host": "localhost", "uuid": "044c8792-0f2f-4ea4-8e53-b33b2eb35da6"}}