{"uuid": "1d43cab8-63de-4395-9b41-5f7a467a55f3", "counter": 17, "stdout": "\u001b[0;33mchanged: [localhost]\u001b[0m\r\n\u001b[0;33m\u001b[0m", "start_line": 16, "end_line": 17, "runner_ident": "95c557f5-68b5-48a1-ba36-76620200303e", "event": "runner_on_ok", "pid": 245879, "created": "2023-04-22T16:57:05.374110", "parent_uuid": "fdd0ceb1-9916-d38c-2a21-00000000000b", "event_data": {"playbook": "vm_create.yml", "playbook_uuid": "6293b6c4-8fe8-4d40-b395-040e53d91bda", "play": "deploy VM", "play_uuid": "fdd0ceb1-9916-d38c-2a21-000000000006", "play_pattern": "localhost", "task": "Reset Cloned VM parameters", "task_uuid": "fdd0ceb1-9916-d38c-2a21-00000000000b", "task_action": "command", "resolved_action": "command", "task_args": "", "task_path": "/home/csc792/eBPF-xDP/southbound/vm_create.yml:22", "host": "localhost", "remote_addr": "127.0.0.1", "res": {"cmd": ["virt-sysprep", "-d", "tenant6-vm3", "--hostname", "tenant6-vm3"], "stdout": "[   0.0] Examining the guest ...\n[  15.2] Performing \"abrt-data\" ...\n[  15.2] Performing \"backup-files\" ...\n[  15.7] Performing \"bash-history\" ...\n[  15.7] Performing \"blkid-tab\" ...\n[  15.7] Performing \"crash-data\" ...\n[  15.8] Performing \"cron-spool\" ...\n[  15.8] Performing \"dhcp-client-state\" ...\n[  15.8] Performing \"dhcp-server-state\" ...\n[  15.8] Performing \"dovecot-data\" ...\n[  15.8] Performing \"logfiles\" ...\n[  15.9] Performing \"machine-id\" ...\n[  16.0] Performing \"mail-spool\" ...\n[  16.0] Performing \"net-hostname\" ...\n[  16.0] Performing \"net-hwaddr\" ...\n[  16.0] Performing \"pacct-log\" ...\n[  16.1] Performing \"package-manager-cache\" ...\n[  16.1] Performing \"pam-data\" ...\n[  16.1] Performing \"passwd-backups\" ...\n[  16.1] Performing \"puppet-data-log\" ...\n[  16.1] Performing \"rh-subscription-manager\" ...\n[  16.2] Performing \"rhn-systemid\" ...\n[  16.2] Performing \"rpm-db\" ...\n[  16.2] Performing \"samba-db-log\" ...\n[  16.2] Performing \"script\" ...\n[  16.2] Performing \"smolt-uuid\" ...\n[  16.3] Performing \"ssh-hostkeys\" ...\n[  16.3] Performing \"ssh-userdir\" ...\n[  16.3] Performing \"sssd-db-log\" ...\n[  16.3] Performing \"tmp-files\" ...\n[  16.3] Performing \"udev-persistent-net\" ...\n[  16.4] Performing \"utmp\" ...\n[  16.4] Performing \"yum-uuid\" ...\n[  16.4] Performing \"customize\" ...\n[  16.4] Setting a random seed\n[  16.4] Setting the machine ID in /etc/machine-id\n[  16.4] Setting the hostname: tenant6-vm3\n[  17.7] Performing \"lvm-uuids\" ...", "stderr": "", "rc": 0, "start": "2023-04-22 16:56:47.326644", "end": "2023-04-22 16:57:05.352886", "delta": "0:00:18.026242", "changed": true, "invocation": {"module_args": {"_raw_params": "virt-sysprep -d tenant6-vm3 --hostname tenant6-vm3", "warn": true, "_uses_shell": false, "stdin_add_newline": true, "strip_empty_ends": true, "argv": null, "chdir": null, "executable": null, "creates": null, "removes": null, "stdin": null}}, "stdout_lines": ["[   0.0] Examining the guest ...", "[  15.2] Performing \"abrt-data\" ...", "[  15.2] Performing \"backup-files\" ...", "[  15.7] Performing \"bash-history\" ...", "[  15.7] Performing \"blkid-tab\" ...", "[  15.7] Performing \"crash-data\" ...", "[  15.8] Performing \"cron-spool\" ...", "[  15.8] Performing \"dhcp-client-state\" ...", "[  15.8] Performing \"dhcp-server-state\" ...", "[  15.8] Performing \"dovecot-data\" ...", "[  15.8] Performing \"logfiles\" ...", "[  15.9] Performing \"machine-id\" ...", "[  16.0] Performing \"mail-spool\" ...", "[  16.0] Performing \"net-hostname\" ...", "[  16.0] Performing \"net-hwaddr\" ...", "[  16.0] Performing \"pacct-log\" ...", "[  16.1] Performing \"package-manager-cache\" ...", "[  16.1] Performing \"pam-data\" ...", "[  16.1] Performing \"passwd-backups\" ...", "[  16.1] Performing \"puppet-data-log\" ...", "[  16.1] Performing \"rh-subscription-manager\" ...", "[  16.2] Performing \"rhn-systemid\" ...", "[  16.2] Performing \"rpm-db\" ...", "[  16.2] Performing \"samba-db-log\" ...", "[  16.2] Performing \"script\" ...", "[  16.2] Performing \"smolt-uuid\" ...", "[  16.3] Performing \"ssh-hostkeys\" ...", "[  16.3] Performing \"ssh-userdir\" ...", "[  16.3] Performing \"sssd-db-log\" ...", "[  16.3] Performing \"tmp-files\" ...", "[  16.3] Performing \"udev-persistent-net\" ...", "[  16.4] Performing \"utmp\" ...", "[  16.4] Performing \"yum-uuid\" ...", "[  16.4] Performing \"customize\" ...", "[  16.4] Setting a random seed", "[  16.4] Setting the machine ID in /etc/machine-id", "[  16.4] Setting the hostname: tenant6-vm3", "[  17.7] Performing \"lvm-uuids\" ..."], "stderr_lines": [], "_ansible_no_log": false}, "start": "2023-04-22T16:56:47.137858", "end": "2023-04-22T16:57:05.373899", "duration": 18.236041, "event_loop": null, "uuid": "1d43cab8-63de-4395-9b41-5f7a467a55f3"}}