{"uuid": "fdd0ceb1-9916-d38c-2a21-000000000006", "counter": 2, "stdout": "\r\nPLAY [deploy VM] ***************************************************************", "start_line": 0, "end_line": 2, "runner_ident": "95c557f5-68b5-48a1-ba36-76620200303e", "event": "playbook_on_play_start", "pid": 245879, "created": "2023-04-22T16:56:08.943919", "parent_uuid": "6293b6c4-8fe8-4d40-b395-040e53d91bda", "event_data": {"playbook": "vm_create.yml", "playbook_uuid": "6293b6c4-8fe8-4d40-b395-040e53d91bda", "play": "deploy VM", "play_uuid": "fdd0ceb1-9916-d38c-2a21-000000000006", "play_pattern": "localhost", "name": "deploy VM", "pattern": "localhost", "uuid": "fdd0ceb1-9916-d38c-2a21-000000000006"}}