{"uuid": "d610da4e-42d2-4af5-b22b-61c9a125da21", "counter": 20, "stdout": "\u001b[0;32mok: [localhost]\u001b[0m\r\n\u001b[0;32m\u001b[0m", "start_line": 19, "end_line": 20, "runner_ident": "95c557f5-68b5-48a1-ba36-76620200303e", "event": "runner_on_ok", "pid": 245879, "created": "2023-04-22T16:57:06.645983", "parent_uuid": "fdd0ceb1-9916-d38c-2a21-00000000000c", "event_data": {"playbook": "vm_create.yml", "playbook_uuid": "6293b6c4-8fe8-4d40-b395-040e53d91bda", "play": "deploy VM", "play_uuid": "fdd0ceb1-9916-d38c-2a21-000000000006", "play_pattern": "localhost", "task": "Start the new VM", "task_uuid": "fdd0ceb1-9916-d38c-2a21-00000000000c", "task_action": "community.libvirt.virt", "resolved_action": "community.libvirt.virt", "task_args": "", "task_path": "/home/csc792/eBPF-xDP/southbound/vm_create.yml:26", "host": "localhost", "remote_addr": "127.0.0.1", "res": {"start": 0, "invocation": {"module_args": {"command": "start", "name": "tenant6-vm3", "uri": "qemu:///system", "state": null, "autostart": null, "xml": null}}, "_ansible_no_log": false, "changed": false}, "start": "2023-04-22T16:57:05.391118", "end": "2023-04-22T16:57:06.645727", "duration": 1.254609, "event_loop": null, "uuid": "d610da4e-42d2-4af5-b22b-61c9a125da21"}}