{"uuid": "2dfcd1ce-d0ca-4fb6-8fb0-00b4caaf8e27", "counter": 22, "stdout": "", "start_line": 22, "end_line": 22, "runner_ident": "95c557f5-68b5-48a1-ba36-76620200303e", "event": "runner_on_start", "pid": 245879, "created": "2023-04-22T16:57:06.663736", "parent_uuid": "fdd0ceb1-9916-d38c-2a21-00000000000d", "event_data": {"playbook": "vm_create.yml", "playbook_uuid": "6293b6c4-8fe8-4d40-b395-040e53d91bda", "play": "deploy VM", "play_uuid": "fdd0ceb1-9916-d38c-2a21-000000000006", "play_pattern": "localhost", "task": "Validate VM's is state", "task_uuid": "fdd0ceb1-9916-d38c-2a21-00000000000d", "task_action": "community.libvirt.virt", "resolved_action": "community.libvirt.virt", "task_args": "", "task_path": "/home/csc792/eBPF-xDP/southbound/vm_create.yml:31", "host": "localhost", "uuid": "2dfcd1ce-d0ca-4fb6-8fb0-00b4caaf8e27"}}