{"uuid": "14c248ce-cbc2-45c6-a6e5-6df551cd9f47", "counter": 23, "stdout": "\u001b[0;32mok: [localhost]\u001b[0m\r\n\u001b[0;32m\u001b[0m", "start_line": 22, "end_line": 23, "runner_ident": "95c557f5-68b5-48a1-ba36-76620200303e", "event": "runner_on_ok", "pid": 245879, "created": "2023-04-22T16:57:06.878710", "parent_uuid": "fdd0ceb1-9916-d38c-2a21-00000000000d", "event_data": {"playbook": "vm_create.yml", "playbook_uuid": "6293b6c4-8fe8-4d40-b395-040e53d91bda", "play": "deploy VM", "play_uuid": "fdd0ceb1-9916-d38c-2a21-000000000006", "play_pattern": "localhost", "task": "Validate VM's is state", "task_uuid": "fdd0ceb1-9916-d38c-2a21-00000000000d", "task_action": "community.libvirt.virt", "resolved_action": "community.libvirt.virt", "task_args": "", "task_path": "/home/csc792/eBPF-xDP/southbound/vm_create.yml:31", "host": "localhost", "remote_addr": "127.0.0.1", "res": {"invocation": {"module_args": {"name": "tenant6-vm3", "state": "running", "uri": "qemu:///system", "autostart": null, "command": null, "xml": null}}, "_ansible_no_log": false, "changed": false}, "start": "2023-04-22T16:57:06.663673", "end": "2023-04-22T16:57:06.878478", "duration": 0.214805, "event_loop": null, "uuid": "14c248ce-cbc2-45c6-a6e5-6df551cd9f47"}}