{"uuid": "aa6f135d-4288-4553-b420-b6abe9f60288", "counter": 24, "stdout": "\r\nPLAY RECAP *********************************************************************\r\n\u001b[0;33mlocalhost\u001b[0m                  : \u001b[0;32mok=7   \u001b[0m \u001b[0;33mchanged=4   \u001b[0m unreachable=0    failed=0    skipped=0    rescued=0    ignored=0   ", "start_line": 23, "end_line": 27, "runner_ident": "95c557f5-68b5-48a1-ba36-76620200303e", "event": "playbook_on_stats", "pid": 245879, "created": "2023-04-22T16:57:06.880824", "parent_uuid": "6293b6c4-8fe8-4d40-b395-040e53d91bda", "event_data": {"playbook": "vm_create.yml", "playbook_uuid": "6293b6c4-8fe8-4d40-b395-040e53d91bda", "changed": {"localhost": 4}, "dark": {}, "failures": {}, "ignored": {}, "ok": {"localhost": 7}, "processed": {"localhost": 1}, "rescued": {}, "skipped": {}, "artifact_data": {}, "uuid": "aa6f135d-4288-4553-b420-b6abe9f60288"}}