{"uuid": "fdd0ceb1-9916-d38c-2a21-000000000012", "counter": 3, "stdout": "\r\nTASK [Gathering Facts] *********************************************************", "start_line": 2, "end_line": 4, "runner_ident": "95c557f5-68b5-48a1-ba36-76620200303e", "event": "playbook_on_task_start", "pid": 245879, "created": "2023-04-22T16:56:08.954743", "parent_uuid": "fdd0ceb1-9916-d38c-2a21-000000000006", "event_data": {"playbook": "vm_create.yml", "playbook_uuid": "6293b6c4-8fe8-4d40-b395-040e53d91bda", "play": "deploy VM", "play_uuid": "fdd0ceb1-9916-d38c-2a21-000000000006", "play_pattern": "localhost", "task": "Gathering Facts", "task_uuid": "fdd0ceb1-9916-d38c-2a21-000000000012", "task_action": "gather_facts", "resolved_action": "gather_facts", "task_args": "", "task_path": "/home/csc792/eBPF-xDP/southbound/vm_create.yml:1", "name": "Gathering Facts", "is_conditional": false, "uuid": "fdd0ceb1-9916-d38c-2a21-000000000012"}}