{"uuid": "ed1e4456-ae2e-4f8b-acec-e9b977fc1e56", "counter": 4, "stdout": "", "start_line": 4, "end_line": 4, "runner_ident": "95c557f5-68b5-48a1-ba36-76620200303e", "event": "runner_on_start", "pid": 245879, "created": "2023-04-22T16:56:08.955295", "parent_uuid": "fdd0ceb1-9916-d38c-2a21-000000000012", "event_data": {"playbook": "vm_create.yml", "playbook_uuid": "6293b6c4-8fe8-4d40-b395-040e53d91bda", "play": "deploy VM", "play_uuid": "fdd0ceb1-9916-d38c-2a21-000000000006", "play_pattern": "localhost", "task": "Gathering Facts", "task_uuid": "fdd0ceb1-9916-d38c-2a21-000000000012", "task_action": "gather_facts", "resolved_action": "gather_facts", "task_args": "", "task_path": "/home/csc792/eBPF-xDP/southbound/vm_create.yml:1", "host": "localhost", "uuid": "ed1e4456-ae2e-4f8b-acec-e9b977fc1e56"}}