{"uuid": "fdd0ceb1-9916-d38c-2a21-000000000008", "counter": 6, "stdout": "\r\nTASK [Clone VM from base_image] ************************************************", "start_line": 5, "end_line": 7, "runner_ident": "95c557f5-68b5-48a1-ba36-76620200303e", "event": "playbook_on_task_start", "pid": 245879, "created": "2023-04-22T16:56:10.343431", "parent_uuid": "fdd0ceb1-9916-d38c-2a21-000000000006", "event_data": {"playbook": "vm_create.yml", "playbook_uuid": "6293b6c4-8fe8-4d40-b395-040e53d91bda", "play": "deploy VM", "play_uuid": "fdd0ceb1-9916-d38c-2a21-000000000006", "play_pattern": "localhost", "task": "Clone VM from base_image", "task_uuid": "fdd0ceb1-9916-d38c-2a21-000000000008", "task_action": "command", "resolved_action": "command", "task_args": "", "task_path": "/home/csc792/eBPF-xDP/southbound/vm_create.yml:9", "name": "Clone VM from base_image", "is_conditional": false, "uuid": "fdd0ceb1-9916-d38c-2a21-000000000008"}}