{"uuid": "7e6a128e-0197-4683-9afb-95654f72881d", "counter": 7, "stdout": "", "start_line": 7, "end_line": 7, "runner_ident": "95c557f5-68b5-48a1-ba36-76620200303e", "event": "runner_on_start", "pid": 245879, "created": "2023-04-22T16:56:10.344090", "parent_uuid": "fdd0ceb1-9916-d38c-2a21-000000000008", "event_data": {"playbook": "vm_create.yml", "playbook_uuid": "6293b6c4-8fe8-4d40-b395-040e53d91bda", "play": "deploy VM", "play_uuid": "fdd0ceb1-9916-d38c-2a21-000000000006", "play_pattern": "localhost", "task": "Clone VM from base_image", "task_uuid": "fdd0ceb1-9916-d38c-2a21-000000000008", "task_action": "command", "resolved_action": "command", "task_args": "", "task_path": "/home/csc792/eBPF-xDP/southbound/vm_create.yml:9", "host": "localhost", "uuid": "7e6a128e-0197-4683-9afb-95654f72881d"}}