{"uuid": "be85aeb6-e9e1-48d8-8046-cde79736ca33", "counter": 8, "stdout": "\u001b[0;33mchanged: [localhost]\u001b[0m\r\n\u001b[0;33m\u001b[0m", "start_line": 7, "end_line": 8, "runner_ident": "95c557f5-68b5-48a1-ba36-76620200303e", "event": "runner_on_ok", "pid": 245879, "created": "2023-04-22T16:56:16.825483", "parent_uuid": "fdd0ceb1-9916-d38c-2a21-000000000008", "event_data": {"playbook": "vm_create.yml", "playbook_uuid": "6293b6c4-8fe8-4d40-b395-040e53d91bda", "play": "deploy VM", "play_uuid": "fdd0ceb1-9916-d38c-2a21-000000000006", "play_pattern": "localhost", "task": "Clone VM from base_image", "task_uuid": "fdd0ceb1-9916-d38c-2a21-000000000008", "task_action": "command", "resolved_action": "command", "task_args": "", "task_path": "/home/csc792/eBPF-xDP/southbound/vm_create.yml:9", "host": "localhost", "remote_addr": "127.0.0.1", "res": {"cmd": ["virt-clone", "--original", "base-vm", "--name", "tenant6-vm3", "--auto-clone"], "stdout": "\rAllocating 'tenant6-vm3.im  6% [=                ]    0 B/s | 640 MB  --:-- ETA \r\rAllocating 'tenant6-vm3.im 11% [=-               ] 249 MB/s | 1.2 GB  00:36 ETA \r\rAllocating 'tenant6-vm3.im 18% [===              ] 339 MB/s | 1.8 GB  00:24 ETA \r\rAllocating 'tenant6-vm3.im 24% [====             ] 402 MB/s | 2.5 GB  00:19 ETA \r\rAllocating 'tenant6-vm3.im 30% [=====            ] 440 MB/s | 3.1 GB  00:16 ETA \r\rAllocating 'tenant6-vm3.img'                                |  10 GB  00:05     \n\nClone 'tenant6-vm3' created successfully.", "stderr": "", "rc": 0, "start": "2023-04-22 16:56:10.619864", "end": "2023-04-22 16:56:16.799965", "delta": "0:00:06.180101", "changed": true, "invocation": {"module_args": {"_raw_params": "virt-clone --original base-vm --name tenant6-vm3 --auto-clone", "warn": true, "_uses_shell": false, "stdin_add_newline": true, "strip_empty_ends": true, "argv": null, "chdir": null, "executable": null, "creates": null, "removes": null, "stdin": null}}, "stdout_lines": ["", "Allocating 'tenant6-vm3.im  6% [=                ]    0 B/s | 640 MB  --:-- ETA ", "", "Allocating 'tenant6-vm3.im 11% [=-               ] 249 MB/s | 1.2 GB  00:36 ETA ", "", "Allocating 'tenant6-vm3.im 18% [===              ] 339 MB/s | 1.8 GB  00:24 ETA ", "", "Allocating 'tenant6-vm3.im 24% [====             ] 402 MB/s | 2.5 GB  00:19 ETA ", "", "Allocating 'tenant6-vm3.im 30% [=====            ] 440 MB/s | 3.1 GB  00:16 ETA ", "", "Allocating 'tenant6-vm3.img'                                |  10 GB  00:05     ", "", "Clone 'tenant6-vm3' created successfully."], "stderr_lines": [], "_ansible_no_log": false}, "start": "2023-04-22T16:56:10.344024", "end": "2023-04-22T16:56:16.825264", "duration": 6.48124, "event_loop": null, "uuid": "be85aeb6-e9e1-48d8-8046-cde79736ca33"}}