{"uuid": "fdd0ceb1-9916-d38c-2a21-000000000009", "counter": 9, "stdout": "\r\nTASK [Undefine cloned image] ***************************************************", "start_line": 8, "end_line": 10, "runner_ident": "95c557f5-68b5-48a1-ba36-76620200303e", "event": "playbook_on_task_start", "pid": 245879, "created": "2023-04-22T16:56:16.842078", "parent_uuid": "fdd0ceb1-9916-d38c-2a21-000000000006", "event_data": {"playbook": "vm_create.yml", "playbook_uuid": "6293b6c4-8fe8-4d40-b395-040e53d91bda", "play": "deploy VM", "play_uuid": "fdd0ceb1-9916-d38c-2a21-000000000006", "play_pattern": "localhost", "task": "Undefine cloned image", "task_uuid": "fdd0ceb1-9916-d38c-2a21-000000000009", "task_action": "command", "resolved_action": "command", "task_args": "", "task_path": "/home/csc792/eBPF-xDP/southbound/vm_create.yml:13", "name": "Undefine cloned image", "is_conditional": false, "uuid": "fdd0ceb1-9916-d38c-2a21-000000000009"}}