{"uuid": "f7d6db7a-49db-4799-af93-41bf155158fa", "counter": 10, "stdout": "", "start_line": 10, "end_line": 10, "runner_ident": "5d2b433b-c58b-450b-b586-bd0fc4503e7f", "event": "runner_on_start", "pid": 235401, "created": "2023-04-22T16:31:49.345971", "parent_uuid": "fdd0ceb1-9916-49b9-8a14-000000000009", "event_data": {"playbook": "vm_create.yml", "playbook_uuid": "e48f8720-3743-49ec-84d6-e27dec0ef190", "play": "deploy VM", "play_uuid": "fdd0ceb1-9916-49b9-8a14-000000000006", "play_pattern": "localhost", "task": "Undefine cloned image", "task_uuid": "fdd0ceb1-9916-49b9-8a14-000000000009", "task_action": "command", "resolved_action": "command", "task_args": "", "task_path": "/home/csc792/eBPF-xDP/southbound/vm_create.yml:13", "host": "localhost", "uuid": "f7d6db7a-49db-4799-af93-41bf155158fa"}}