{"uuid": "9afe2cf4-51c9-48dc-9aae-952b8bf0433a", "counter": 11, "stdout": "\u001b[0;33mchanged: [localhost]\u001b[0m\r\n\u001b[0;33m\u001b[0m", "start_line": 10, "end_line": 11, "runner_ident": "5d2b433b-c58b-450b-b586-bd0fc4503e7f", "event": "runner_on_ok", "pid": 235401, "created": "2023-04-22T16:31:49.633914", "parent_uuid": "fdd0ceb1-9916-49b9-8a14-000000000009", "event_data": {"playbook": "vm_create.yml", "playbook_uuid": "e48f8720-3743-49ec-84d6-e27dec0ef190", "play": "deploy VM", "play_uuid": "fdd0ceb1-9916-49b9-8a14-000000000006", "play_pattern": "localhost", "task": "Undefine cloned image", "task_uuid": "fdd0ceb1-9916-49b9-8a14-000000000009", "task_action": "command", "resolved_action": "command", "task_args": "", "task_path": "/home/csc792/eBPF-xDP/southbound/vm_create.yml:13", "host": "localhost", "remote_addr": "127.0.0.1", "res": {"cmd": ["virsh", "undefine", "tenant7-vm1"], "stdout": "Domain tenant7-vm1 has been undefined", "stderr": "", "rc": 0, "start": "2023-04-22 16:31:49.556397", "end": "2023-04-22 16:31:49.614004", "delta": "0:00:00.057607", "changed": true, "invocation": {"module_args": {"_raw_params": "virsh undefine tenant7-vm1", "warn": true, "_uses_shell": false, "stdin_add_newline": true, "strip_empty_ends": true, "argv": null, "chdir": null, "executable": null, "creates": null, "removes": null, "stdin": null}}, "stdout_lines": ["Domain tenant7-vm1 has been undefined"], "stderr_lines": [], "_ansible_no_log": false}, "start": "2023-04-22T16:31:49.345908", "end": "2023-04-22T16:31:49.633726", "duration": 0.287818, "event_loop": null, "uuid": "9afe2cf4-51c9-48dc-9aae-952b8bf0433a"}}