{"uuid": "2ef3f0a8-9663-4f72-9afa-bcac8abfd124", "counter": 13, "stdout": "", "start_line": 13, "end_line": 13, "runner_ident": "5d2b433b-c58b-450b-b586-bd0fc4503e7f", "event": "runner_on_start", "pid": 235401, "created": "2023-04-22T16:31:49.649168", "parent_uuid": "fdd0ceb1-9916-49b9-8a14-00000000000a", "event_data": {"playbook": "vm_create.yml", "playbook_uuid": "e48f8720-3743-49ec-84d6-e27dec0ef190", "play": "deploy VM", "play_uuid": "fdd0ceb1-9916-49b9-8a14-000000000006", "play_pattern": "localhost", "task": "Define new VM", "task_uuid": "fdd0ceb1-9916-49b9-8a14-00000000000a", "task_action": "community.libvirt.virt", "resolved_action": "community.libvirt.virt", "task_args": "", "task_path": "/home/csc792/eBPF-xDP/southbound/vm_create.yml:17", "host": "localhost", "uuid": "2ef3f0a8-9663-4f72-9afa-bcac8abfd124"}}