{"uuid": "b743c376-0d2b-4e69-8386-ba37518e6a79", "counter": 16, "stdout": "", "start_line": 16, "end_line": 16, "runner_ident": "5d2b433b-c58b-450b-b586-bd0fc4503e7f", "event": "runner_on_start", "pid": 235401, "created": "2023-04-22T16:32:15.328345", "parent_uuid": "fdd0ceb1-9916-49b9-8a14-00000000000b", "event_data": {"playbook": "vm_create.yml", "playbook_uuid": "e48f8720-3743-49ec-84d6-e27dec0ef190", "play": "deploy VM", "play_uuid": "fdd0ceb1-9916-49b9-8a14-000000000006", "play_pattern": "localhost", "task": "Reset Cloned VM parameters", "task_uuid": "fdd0ceb1-9916-49b9-8a14-00000000000b", "task_action": "command", "resolved_action": "command", "task_args": "", "task_path": "/home/csc792/eBPF-xDP/southbound/vm_create.yml:22", "host": "localhost", "uuid": "b743c376-0d2b-4e69-8386-ba37518e6a79"}}