{"uuid": "0f20ac40-3910-4ea7-bbd2-74120e93b3bf", "counter": 17, "stdout": "\u001b[0;33mchanged: [localhost]\u001b[0m\r\n\u001b[0;33m\u001b[0m", "start_line": 16, "end_line": 17, "runner_ident": "5d2b433b-c58b-450b-b586-bd0fc4503e7f", "event": "runner_on_ok", "pid": 235401, "created": "2023-04-22T16:32:32.355192", "parent_uuid": "fdd0ceb1-9916-49b9-8a14-00000000000b", "event_data": {"playbook": "vm_create.yml", "playbook_uuid": "e48f8720-3743-49ec-84d6-e27dec0ef190", "play": "deploy VM", "play_uuid": "fdd0ceb1-9916-49b9-8a14-000000000006", "play_pattern": "localhost", "task": "Reset Cloned VM parameters", "task_uuid": "fdd0ceb1-9916-49b9-8a14-00000000000b", "task_action": "command", "resolved_action": "command", "task_args": "", "task_path": "/home/csc792/eBPF-xDP/southbound/vm_create.yml:22", "host": "localhost", "remote_addr": "127.0.0.1", "res": {"cmd": ["virt-sysprep", "-d", "tenant7-vm1", "--hostname", "tenant7-vm1"], "stdout": "[   0.0] Examining the guest ...\n[  14.2] Performing \"abrt-data\" ...\n[  14.2] Performing \"backup-files\" ...\n[  14.6] Performing \"bash-history\" ...\n[  14.6] Performing \"blkid-tab\" ...\n[  14.7] Performing \"crash-data\" ...\n[  14.7] Performing \"cron-spool\" ...\n[  14.7] Performing \"dhcp-client-state\" ...\n[  14.7] Performing \"dhcp-server-state\" ...\n[  14.7] Performing \"dovecot-data\" ...\n[  14.7] Performing \"logfiles\" ...\n[  14.9] Performing \"machine-id\" ...\n[  14.9] Performing \"mail-spool\" ...\n[  14.9] Performing \"net-hostname\" ...\n[  14.9] Performing \"net-hwaddr\" ...\n[  15.0] Performing \"pacct-log\" ...\n[  15.0] Performing \"package-manager-cache\" ...\n[  15.0] Performing \"pam-data\" ...\n[  15.0] Performing \"passwd-backups\" ...\n[  15.0] Performing \"puppet-data-log\" ...\n[  15.1] Performing \"rh-subscription-manager\" ...\n[  15.1] Performing \"rhn-systemid\" ...\n[  15.1] Performing \"rpm-db\" ...\n[  15.1] Performing \"samba-db-log\" ...\n[  15.2] Performing \"script\" ...\n[  15.2] Performing \"smolt-uuid\" ...\n[  15.2] Performing \"ssh-hostkeys\" ...\n[  15.2] Performing \"ssh-userdir\" ...\n[  15.2] Performing \"sssd-db-log\" ...\n[  15.2] Performing \"tmp-files\" ...\n[  15.3] Performing \"udev-persistent-net\" ...\n[  15.3] Performing \"utmp\" ...\n[  15.3] Performing \"yum-uuid\" ...\n[  15.3] Performing \"customize\" ...\n[  15.3] Setting a random seed\n[  15.4] Setting the machine ID in /etc/machine-id\n[  15.4] Setting the hostname: tenant7-vm1\n[  16.5] Performing \"lvm-uuids\" ...", "stderr": "", "rc": 0, "start": "2023-04-22 16:32:15.522140", "end": "2023-04-22 16:32:32.333338", "delta": "0:00:16.811198", "changed": true, "invocation": {"module_args": {"_raw_params": "virt-sysprep -d tenant7-vm1 --hostname tenant7-vm1", "warn": true, "_uses_shell": false, "stdin_add_newline": true, "strip_empty_ends": true, "argv": null, "chdir": null, "executable": null, "creates": null, "removes": null, "stdin": null}}, "stdout_lines": ["[   0.0] Examining the guest ...", "[  14.2] Performing \"abrt-data\" ...", "[  14.2] Performing \"backup-files\" ...", "[  14.6] Performing \"bash-history\" ...", "[  14.6] Performing \"blkid-tab\" ...", "[  14.7] Performing \"crash-data\" ...", "[  14.7] Performing \"cron-spool\" ...", "[  14.7] Performing \"dhcp-client-state\" ...", "[  14.7] Performing \"dhcp-server-state\" ...", "[  14.7] Performing \"dovecot-data\" ...", "[  14.7] Performing \"logfiles\" ...", "[  14.9] Performing \"machine-id\" ...", "[  14.9] Performing \"mail-spool\" ...", "[  14.9] Performing \"net-hostname\" ...", "[  14.9] Performing \"net-hwaddr\" ...", "[  15.0] Performing \"pacct-log\" ...", "[  15.0] Performing \"package-manager-cache\" ...", "[  15.0] Performing \"pam-data\" ...", "[  15.0] Performing \"passwd-backups\" ...", "[  15.0] Performing \"puppet-data-log\" ...", "[  15.1] Performing \"rh-subscription-manager\" ...", "[  15.1] Performing \"rhn-systemid\" ...", "[  15.1] Performing \"rpm-db\" ...", "[  15.1] Performing \"samba-db-log\" ...", "[  15.2] Performing \"script\" ...", "[  15.2] Performing \"smolt-uuid\" ...", "[  15.2] Performing \"ssh-hostkeys\" ...", "[  15.2] Performing \"ssh-userdir\" ...", "[  15.2] Performing \"sssd-db-log\" ...", "[  15.2] Performing \"tmp-files\" ...", "[  15.3] Performing \"udev-persistent-net\" ...", "[  15.3] Performing \"utmp\" ...", "[  15.3] Performing \"yum-uuid\" ...", "[  15.3] Performing \"customize\" ...", "[  15.3] Setting a random seed", "[  15.4] Setting the machine ID in /etc/machine-id", "[  15.4] Setting the hostname: tenant7-vm1", "[  16.5] Performing \"lvm-uuids\" ..."], "stderr_lines": [], "_ansible_no_log": false}, "start": "2023-04-22T16:32:15.328269", "end": "2023-04-22T16:32:32.354976", "duration": 17.026707, "event_loop": null, "uuid": "0f20ac40-3910-4ea7-bbd2-74120e93b3bf"}}