{"uuid": "fdd0ceb1-9916-49b9-8a14-000000000006", "counter": 2, "stdout": "\r\nPLAY [deploy VM] ***************************************************************", "start_line": 0, "end_line": 2, "runner_ident": "5d2b433b-c58b-450b-b586-bd0fc4503e7f", "event": "playbook_on_play_start", "pid": 235401, "created": "2023-04-22T16:31:37.062408", "parent_uuid": "e48f8720-3743-49ec-84d6-e27dec0ef190", "event_data": {"playbook": "vm_create.yml", "playbook_uuid": "e48f8720-3743-49ec-84d6-e27dec0ef190", "play": "deploy VM", "play_uuid": "fdd0ceb1-9916-49b9-8a14-000000000006", "play_pattern": "localhost", "name": "deploy VM", "pattern": "localhost", "uuid": "fdd0ceb1-9916-49b9-8a14-000000000006"}}