{"uuid": "60afcf05-0411-45e9-942d-9378d686a6c5", "counter": 20, "stdout": "\u001b[0;32mok: [localhost]\u001b[0m\r\n\u001b[0;32m\u001b[0m", "start_line": 19, "end_line": 20, "runner_ident": "5d2b433b-c58b-450b-b586-bd0fc4503e7f", "event": "runner_on_ok", "pid": 235401, "created": "2023-04-22T16:32:33.598552", "parent_uuid": "fdd0ceb1-9916-49b9-8a14-00000000000c", "event_data": {"playbook": "vm_create.yml", "playbook_uuid": "e48f8720-3743-49ec-84d6-e27dec0ef190", "play": "deploy VM", "play_uuid": "fdd0ceb1-9916-49b9-8a14-000000000006", "play_pattern": "localhost", "task": "Start the new VM", "task_uuid": "fdd0ceb1-9916-49b9-8a14-00000000000c", "task_action": "community.libvirt.virt", "resolved_action": "community.libvirt.virt", "task_args": "", "task_path": "/home/csc792/eBPF-xDP/southbound/vm_create.yml:26", "host": "localhost", "remote_addr": "127.0.0.1", "res": {"start": 0, "invocation": {"module_args": {"command": "start", "name": "tenant7-vm1", "uri": "qemu:///system", "state": null, "autostart": null, "xml": null}}, "_ansible_no_log": false, "changed": false}, "start": "2023-04-22T16:32:32.372531", "end": "2023-04-22T16:32:33.598354", "duration": 1.225823, "event_loop": null, "uuid": "60afcf05-0411-45e9-942d-9378d686a6c5"}}