{"uuid": "fdd0ceb1-9916-49b9-8a14-00000000000d", "counter": 21, "stdout": "\r\nTASK [Validate VM's is state] **************************************************", "start_line": 20, "end_line": 22, "runner_ident": "5d2b433b-c58b-450b-b586-bd0fc4503e7f", "event": "playbook_on_task_start", "pid": 235401, "created": "2023-04-22T16:32:33.613904", "parent_uuid": "fdd0ceb1-9916-49b9-8a14-000000000006", "event_data": {"playbook": "vm_create.yml", "playbook_uuid": "e48f8720-3743-49ec-84d6-e27dec0ef190", "play": "deploy VM", "play_uuid": "fdd0ceb1-9916-49b9-8a14-000000000006", "play_pattern": "localhost", "task": "Validate VM's is state", "task_uuid": "fdd0ceb1-9916-49b9-8a14-00000000000d", "task_action": "community.libvirt.virt", "resolved_action": "community.libvirt.virt", "task_args": "", "task_path": "/home/csc792/eBPF-xDP/southbound/vm_create.yml:31", "name": "Validate VM's is state", "is_conditional": false, "uuid": "fdd0ceb1-9916-49b9-8a14-00000000000d"}}