{"uuid": "9c918cb1-791b-4d94-a613-dec520e477ed", "counter": 24, "stdout": "\r\nPLAY RECAP *********************************************************************\r\n\u001b[0;33mlocalhost\u001b[0m                  : \u001b[0;32mok=7   \u001b[0m \u001b[0;33mchanged=4   \u001b[0m unreachable=0    failed=0    skipped=0    rescued=0    ignored=0   ", "start_line": 23, "end_line": 27, "runner_ident": "5d2b433b-c58b-450b-b586-bd0fc4503e7f", "event": "playbook_on_stats", "pid": 235401, "created": "2023-04-22T16:32:33.829898", "parent_uuid": "e48f8720-3743-49ec-84d6-e27dec0ef190", "event_data": {"playbook": "vm_create.yml", "playbook_uuid": "e48f8720-3743-49ec-84d6-e27dec0ef190", "changed": {"localhost": 4}, "dark": {}, "failures": {}, "ignored": {}, "ok": {"localhost": 7}, "processed": {"localhost": 1}, "rescued": {}, "skipped": {}, "artifact_data": {}, "uuid": "9c918cb1-791b-4d94-a613-dec520e477ed"}}