{"uuid": "fdd0ceb1-9916-49b9-8a14-000000000012", "counter": 3, "stdout": "\r\nTASK [Gathering Facts] *********************************************************", "start_line": 2, "end_line": 4, "runner_ident": "5d2b433b-c58b-450b-b586-bd0fc4503e7f", "event": "playbook_on_task_start", "pid": 235401, "created": "2023-04-22T16:31:37.074092", "parent_uuid": "fdd0ceb1-9916-49b9-8a14-000000000006", "event_data": {"playbook": "vm_create.yml", "playbook_uuid": "e48f8720-3743-49ec-84d6-e27dec0ef190", "play": "deploy VM", "play_uuid": "fdd0ceb1-9916-49b9-8a14-000000000006", "play_pattern": "localhost", "task": "Gathering Facts", "task_uuid": "fdd0ceb1-9916-49b9-8a14-000000000012", "task_action": "gather_facts", "resolved_action": "gather_facts", "task_args": "", "task_path": "/home/csc792/eBPF-xDP/southbound/vm_create.yml:1", "name": "Gathering Facts", "is_conditional": false, "uuid": "fdd0ceb1-9916-49b9-8a14-000000000012"}}