{"uuid": "57ddf635-f57b-4180-9a72-d1d9e9c858f5", "counter": 7, "stdout": "", "start_line": 7, "end_line": 7, "runner_ident": "5d2b433b-c58b-450b-b586-bd0fc4503e7f", "event": "runner_on_start", "pid": 235401, "created": "2023-04-22T16:31:38.396971", "parent_uuid": "fdd0ceb1-9916-49b9-8a14-000000000008", "event_data": {"playbook": "vm_create.yml", "playbook_uuid": "e48f8720-3743-49ec-84d6-e27dec0ef190", "play": "deploy VM", "play_uuid": "fdd0ceb1-9916-49b9-8a14-000000000006", "play_pattern": "localhost", "task": "Clone VM from base_image", "task_uuid": "fdd0ceb1-9916-49b9-8a14-000000000008", "task_action": "command", "resolved_action": "command", "task_args": "", "task_path": "/home/csc792/eBPF-xDP/southbound/vm_create.yml:9", "host": "localhost", "uuid": "57ddf635-f57b-4180-9a72-d1d9e9c858f5"}}