{"uuid": "54343b90-424a-4c31-8f95-c8cf9dcdb675", "counter": 8, "stdout": "\u001b[0;33mchanged: [localhost]\u001b[0m\r\n\u001b[0;33m\u001b[0m", "start_line": 7, "end_line": 8, "runner_ident": "5d2b433b-c58b-450b-b586-bd0fc4503e7f", "event": "runner_on_ok", "pid": 235401, "created": "2023-04-22T16:31:49.330315", "parent_uuid": "fdd0ceb1-9916-49b9-8a14-000000000008", "event_data": {"playbook": "vm_create.yml", "playbook_uuid": "e48f8720-3743-49ec-84d6-e27dec0ef190", "play": "deploy VM", "play_uuid": "fdd0ceb1-9916-49b9-8a14-000000000006", "play_pattern": "localhost", "task": "Clone VM from base_image", "task_uuid": "fdd0ceb1-9916-49b9-8a14-000000000008", "task_action": "command", "resolved_action": "command", "task_args": "", "task_path": "/home/csc792/eBPF-xDP/southbound/vm_create.yml:9", "host": "localhost", "remote_addr": "127.0.0.1", "res": {"cmd": ["virt-clone", "--original", "base-vm", "--name", "tenant7-vm1", "--auto-clone"], "stdout": "\rAllocating 'tenant7-vm1.im  2% [                 ]    0 B/s | 289 MB  --:-- ETA \r\rAllocating 'tenant7-vm1.im  5% [-                ] 114 MB/s | 541 MB  01:24 ETA \r\rAllocating 'tenant7-vm1.im  8% [=                ] 150 MB/s | 835 MB  01:02 ETA \r\rAllocating 'tenant7-vm1.im 11% [=-               ] 187 MB/s | 1.1 GB  00:48 ETA \r\rAllocating 'tenant7-vm1.im 14% [==               ] 211 MB/s | 1.4 GB  00:41 ETA \r\rAllocating 'tenant7-vm1.im 17% [==-              ] 233 MB/s | 1.8 GB  00:36 ETA \r\rAllocating 'tenant7-vm1.im 20% [===-             ] 255 MB/s | 2.1 GB  00:31 ETA \r\rAllocating 'tenant7-vm1.im 25% [====             ] 290 MB/s | 2.5 GB  00:26 ETA \r\rAllocating 'tenant7-vm1.im 29% [====-            ] 318 MB/s | 2.9 GB  00:22 ETA \r\rAllocating 'tenant7-vm1.im 33% [=====-           ] 340 MB/s | 3.4 GB  00:20 ETA \r\rAllocating 'tenant7-vm1.img'                                |  10 GB  00:10     \n\nClone 'tenant7-vm1' created successfully.", "stderr": "", "rc": 0, "start": "2023-04-22 16:31:38.677002", "end": "2023-04-22 16:31:49.306354", "delta": "0:00:10.629352", "changed": true, "invocation": {"module_args": {"_raw_params": "virt-clone --original base-vm --name tenant7-vm1 --auto-clone", "warn": true, "_uses_shell": false, "stdin_add_newline": true, "strip_empty_ends": true, "argv": null, "chdir": null, "executable": null, "creates": null, "removes": null, "stdin": null}}, "stdout_lines": ["", "Allocating 'tenant7-vm1.im  2% [                 ]    0 B/s | 289 MB  --:-- ETA ", "", "Allocating 'tenant7-vm1.im  5% [-                ] 114 MB/s | 541 MB  01:24 ETA ", "", "Allocating 'tenant7-vm1.im  8% [=                ] 150 MB/s | 835 MB  01:02 ETA ", "", "Allocating 'tenant7-vm1.im 11% [=-               ] 187 MB/s | 1.1 GB  00:48 ETA ", "", "Allocating 'tenant7-vm1.im 14% [==               ] 211 MB/s | 1.4 GB  00:41 ETA ", "", "Allocating 'tenant7-vm1.im 17% [==-              ] 233 MB/s | 1.8 GB  00:36 ETA ", "", "Allocating 'tenant7-vm1.im 20% [===-             ] 255 MB/s | 2.1 GB  00:31 ETA ", "", "Allocating 'tenant7-vm1.im 25% [====             ] 290 MB/s | 2.5 GB  00:26 ETA ", "", "Allocating 'tenant7-vm1.im 29% [====-            ] 318 MB/s | 2.9 GB  00:22 ETA ", "", "Allocating 'tenant7-vm1.im 33% [=====-           ] 340 MB/s | 3.4 GB  00:20 ETA ", "", "Allocating 'tenant7-vm1.img'                                |  10 GB  00:10     ", "", "Clone 'tenant7-vm1' created successfully."], "stderr_lines": [], "_ansible_no_log": false}, "start": "2023-04-22T16:31:38.396906", "end": "2023-04-22T16:31:49.329984", "duration": 10.933078, "event_loop": null, "uuid": "54343b90-424a-4c31-8f95-c8cf9dcdb675"}}