{"uuid": "bfd58899-f6a9-400e-be2f-d5dbc5da55d5", "counter": 10, "stdout": "", "start_line": 10, "end_line": 10, "runner_ident": "24a10799-0979-482a-a8c1-f3e7e7632ee1", "event": "runner_on_start", "pid": 235983, "created": "2023-04-22T16:34:50.381860", "parent_uuid": "fdd0ceb1-9916-a208-16a6-000000000009", "event_data": {"playbook": "vm_create.yml", "playbook_uuid": "c806d266-f6e2-43da-8566-c30bb5090cae", "play": "deploy VM", "play_uuid": "fdd0ceb1-9916-a208-16a6-000000000006", "play_pattern": "localhost", "task": "Undefine cloned image", "task_uuid": "fdd0ceb1-9916-a208-16a6-000000000009", "task_action": "command", "resolved_action": "command", "task_args": "", "task_path": "/home/csc792/eBPF-xDP/southbound/vm_create.yml:13", "host": "localhost", "uuid": "bfd58899-f6a9-400e-be2f-d5dbc5da55d5"}}