{"uuid": "326b0e7b-3d6d-4181-8f9a-8a557196624b", "counter": 11, "stdout": "\u001b[0;33mchanged: [localhost]\u001b[0m\r\n\u001b[0;33m\u001b[0m", "start_line": 10, "end_line": 11, "runner_ident": "24a10799-0979-482a-a8c1-f3e7e7632ee1", "event": "runner_on_ok", "pid": 235983, "created": "2023-04-22T16:34:51.605490", "parent_uuid": "fdd0ceb1-9916-a208-16a6-000000000009", "event_data": {"playbook": "vm_create.yml", "playbook_uuid": "c806d266-f6e2-43da-8566-c30bb5090cae", "play": "deploy VM", "play_uuid": "fdd0ceb1-9916-a208-16a6-000000000006", "play_pattern": "localhost", "task": "Undefine cloned image", "task_uuid": "fdd0ceb1-9916-a208-16a6-000000000009", "task_action": "command", "resolved_action": "command", "task_args": "", "task_path": "/home/csc792/eBPF-xDP/southbound/vm_create.yml:13", "host": "localhost", "remote_addr": "127.0.0.1", "res": {"cmd": ["virsh", "undefine", "tenant7-vm1"], "stdout": "Domain tenant7-vm1 has been undefined", "stderr": "", "rc": 0, "start": "2023-04-22 16:34:50.566200", "end": "2023-04-22 16:34:51.584111", "delta": "0:00:01.017911", "changed": true, "invocation": {"module_args": {"_raw_params": "virsh undefine tenant7-vm1", "warn": true, "_uses_shell": false, "stdin_add_newline": true, "strip_empty_ends": true, "argv": null, "chdir": null, "executable": null, "creates": null, "removes": null, "stdin": null}}, "stdout_lines": ["Domain tenant7-vm1 has been undefined"], "stderr_lines": [], "_ansible_no_log": false}, "start": "2023-04-22T16:34:50.381800", "end": "2023-04-22T16:34:51.605285", "duration": 1.223485, "event_loop": null, "uuid": "326b0e7b-3d6d-4181-8f9a-8a557196624b"}}