{"uuid": "fdd0ceb1-9916-a208-16a6-00000000000a", "counter": 12, "stdout": "\r\nTASK [Define new VM] ***********************************************************", "start_line": 11, "end_line": 13, "runner_ident": "24a10799-0979-482a-a8c1-f3e7e7632ee1", "event": "playbook_on_task_start", "pid": 235983, "created": "2023-04-22T16:34:51.620020", "parent_uuid": "fdd0ceb1-9916-a208-16a6-000000000006", "event_data": {"playbook": "vm_create.yml", "playbook_uuid": "c806d266-f6e2-43da-8566-c30bb5090cae", "play": "deploy VM", "play_uuid": "fdd0ceb1-9916-a208-16a6-000000000006", "play_pattern": "localhost", "task": "Define new VM", "task_uuid": "fdd0ceb1-9916-a208-16a6-00000000000a", "task_action": "community.libvirt.virt", "resolved_action": "community.libvirt.virt", "task_args": "", "task_path": "/home/csc792/eBPF-xDP/southbound/vm_create.yml:17", "name": "Define new VM", "is_conditional": false, "uuid": "fdd0ceb1-9916-a208-16a6-00000000000a"}}