{"uuid": "d0ae0d18-bbde-4246-8862-1551bf65f959", "counter": 17, "stdout": "\u001b[0;33mchanged: [localhost]\u001b[0m\r\n\u001b[0;33m\u001b[0m", "start_line": 16, "end_line": 17, "runner_ident": "24a10799-0979-482a-a8c1-f3e7e7632ee1", "event": "runner_on_ok", "pid": 235983, "created": "2023-04-22T16:35:38.360462", "parent_uuid": "fdd0ceb1-9916-a208-16a6-00000000000b", "event_data": {"playbook": "vm_create.yml", "playbook_uuid": "c806d266-f6e2-43da-8566-c30bb5090cae", "play": "deploy VM", "play_uuid": "fdd0ceb1-9916-a208-16a6-000000000006", "play_pattern": "localhost", "task": "Reset Cloned VM parameters", "task_uuid": "fdd0ceb1-9916-a208-16a6-00000000000b", "task_action": "command", "resolved_action": "command", "task_args": "", "task_path": "/home/csc792/eBPF-xDP/southbound/vm_create.yml:22", "host": "localhost", "remote_addr": "127.0.0.1", "res": {"cmd": ["virt-sysprep", "-d", "tenant7-vm1", "--hostname", "tenant7-vm1"], "stdout": "[   0.0] Examining the guest ...\n[  14.9] Performing \"abrt-data\" ...\n[  14.9] Performing \"backup-files\" ...\n[  15.2] Performing \"bash-history\" ...\n[  15.3] Performing \"blkid-tab\" ...\n[  15.3] Performing \"crash-data\" ...\n[  15.3] Performing \"cron-spool\" ...\n[  15.3] Performing \"dhcp-client-state\" ...\n[  15.4] Performing \"dhcp-server-state\" ...\n[  15.4] Performing \"dovecot-data\" ...\n[  15.4] Performing \"logfiles\" ...\n[  15.5] Performing \"machine-id\" ...\n[  15.5] Performing \"mail-spool\" ...\n[  15.5] Performing \"net-hostname\" ...\n[  15.6] Performing \"net-hwaddr\" ...\n[  15.6] Performing \"pacct-log\" ...\n[  15.6] Performing \"package-manager-cache\" ...\n[  15.6] Performing \"pam-data\" ...\n[  15.7] Performing \"passwd-backups\" ...\n[  15.7] Performing \"puppet-data-log\" ...\n[  15.7] Performing \"rh-subscription-manager\" ...\n[  15.7] Performing \"rhn-systemid\" ...\n[  15.8] Performing \"rpm-db\" ...\n[  15.8] Performing \"samba-db-log\" ...\n[  15.8] Performing \"script\" ...\n[  15.8] Performing \"smolt-uuid\" ...\n[  15.8] Performing \"ssh-hostkeys\" ...\n[  15.8] Performing \"ssh-userdir\" ...\n[  15.8] Performing \"sssd-db-log\" ...\n[  15.9] Performing \"tmp-files\" ...\n[  15.9] Performing \"udev-persistent-net\" ...\n[  15.9] Performing \"utmp\" ...\n[  15.9] Performing \"yum-uuid\" ...\n[  15.9] Performing \"customize\" ...\n[  16.0] Setting a random seed\n[  16.0] Setting the machine ID in /etc/machine-id\n[  16.0] Setting the hostname: tenant7-vm1\n[  17.1] Performing \"lvm-uuids\" ...", "stderr": "", "rc": 0, "start": "2023-04-22 16:35:20.924033", "end": "2023-04-22 16:35:38.337220", "delta": "0:00:17.413187", "changed": true, "invocation": {"module_args": {"_raw_params": "virt-sysprep -d tenant7-vm1 --hostname tenant7-vm1", "warn": true, "_uses_shell": false, "stdin_add_newline": true, "strip_empty_ends": true, "argv": null, "chdir": null, "executable": null, "creates": null, "removes": null, "stdin": null}}, "stdout_lines": ["[   0.0] Examining the guest ...", "[  14.9] Performing \"abrt-data\" ...", "[  14.9] Performing \"backup-files\" ...", "[  15.2] Performing \"bash-history\" ...", "[  15.3] Performing \"blkid-tab\" ...", "[  15.3] Performing \"crash-data\" ...", "[  15.3] Performing \"cron-spool\" ...", "[  15.3] Performing \"dhcp-client-state\" ...", "[  15.4] Performing \"dhcp-server-state\" ...", "[  15.4] Performing \"dovecot-data\" ...", "[  15.4] Performing \"logfiles\" ...", "[  15.5] Performing \"machine-id\" ...", "[  15.5] Performing \"mail-spool\" ...", "[  15.5] Performing \"net-hostname\" ...", "[  15.6] Performing \"net-hwaddr\" ...", "[  15.6] Performing \"pacct-log\" ...", "[  15.6] Performing \"package-manager-cache\" ...", "[  15.6] Performing \"pam-data\" ...", "[  15.7] Performing \"passwd-backups\" ...", "[  15.7] Performing \"puppet-data-log\" ...", "[  15.7] Performing \"rh-subscription-manager\" ...", "[  15.7] Performing \"rhn-systemid\" ...", "[  15.8] Performing \"rpm-db\" ...", "[  15.8] Performing \"samba-db-log\" ...", "[  15.8] Performing \"script\" ...", "[  15.8] Performing \"smolt-uuid\" ...", "[  15.8] Performing \"ssh-hostkeys\" ...", "[  15.8] Performing \"ssh-userdir\" ...", "[  15.8] Performing \"sssd-db-log\" ...", "[  15.9] Performing \"tmp-files\" ...", "[  15.9] Performing \"udev-persistent-net\" ...", "[  15.9] Performing \"utmp\" ...", "[  15.9] Performing \"yum-uuid\" ...", "[  15.9] Performing \"customize\" ...", "[  16.0] Setting a random seed", "[  16.0] Setting the machine ID in /etc/machine-id", "[  16.0] Setting the hostname: tenant7-vm1", "[  17.1] Performing \"lvm-uuids\" ..."], "stderr_lines": [], "_ansible_no_log": false}, "start": "2023-04-22T16:35:20.733423", "end": "2023-04-22T16:35:38.360233", "duration": 17.62681, "event_loop": null, "uuid": "d0ae0d18-bbde-4246-8862-1551bf65f959"}}