{"uuid": "fdd0ceb1-9916-a208-16a6-00000000000c", "counter": 18, "stdout": "\r\nTASK [Start the new VM] ********************************************************", "start_line": 17, "end_line": 19, "runner_ident": "24a10799-0979-482a-a8c1-f3e7e7632ee1", "event": "playbook_on_task_start", "pid": 235983, "created": "2023-04-22T16:35:38.375477", "parent_uuid": "fdd0ceb1-9916-a208-16a6-000000000006", "event_data": {"playbook": "vm_create.yml", "playbook_uuid": "c806d266-f6e2-43da-8566-c30bb5090cae", "play": "deploy VM", "play_uuid": "fdd0ceb1-9916-a208-16a6-000000000006", "play_pattern": "localhost", "task": "Start the new VM", "task_uuid": "fdd0ceb1-9916-a208-16a6-00000000000c", "task_action": "community.libvirt.virt", "resolved_action": "community.libvirt.virt", "task_args": "", "task_path": "/home/csc792/eBPF-xDP/southbound/vm_create.yml:26", "name": "Start the new VM", "is_conditional": false, "uuid": "fdd0ceb1-9916-a208-16a6-00000000000c"}}