{"uuid": "adf8fa24-77d8-4eec-a903-bc79149be2e4", "counter": 20, "stdout": "\u001b[0;32mok: [localhost]\u001b[0m\r\n\u001b[0;32m\u001b[0m", "start_line": 19, "end_line": 20, "runner_ident": "24a10799-0979-482a-a8c1-f3e7e7632ee1", "event": "runner_on_ok", "pid": 235983, "created": "2023-04-22T16:35:39.609203", "parent_uuid": "fdd0ceb1-9916-a208-16a6-00000000000c", "event_data": {"playbook": "vm_create.yml", "playbook_uuid": "c806d266-f6e2-43da-8566-c30bb5090cae", "play": "deploy VM", "play_uuid": "fdd0ceb1-9916-a208-16a6-000000000006", "play_pattern": "localhost", "task": "Start the new VM", "task_uuid": "fdd0ceb1-9916-a208-16a6-00000000000c", "task_action": "community.libvirt.virt", "resolved_action": "community.libvirt.virt", "task_args": "", "task_path": "/home/csc792/eBPF-xDP/southbound/vm_create.yml:26", "host": "localhost", "remote_addr": "127.0.0.1", "res": {"start": 0, "invocation": {"module_args": {"command": "start", "name": "tenant7-vm1", "uri": "qemu:///system", "state": null, "autostart": null, "xml": null}}, "_ansible_no_log": false, "changed": false}, "start": "2023-04-22T16:35:38.376104", "end": "2023-04-22T16:35:39.608825", "duration": 1.232721, "event_loop": null, "uuid": "adf8fa24-77d8-4eec-a903-bc79149be2e4"}}