{"uuid": "fdd0ceb1-9916-a208-16a6-00000000000d", "counter": 21, "stdout": "\r\nTASK [Validate VM's is state] **************************************************", "start_line": 20, "end_line": 22, "runner_ident": "24a10799-0979-482a-a8c1-f3e7e7632ee1", "event": "playbook_on_task_start", "pid": 235983, "created": "2023-04-22T16:35:39.623431", "parent_uuid": "fdd0ceb1-9916-a208-16a6-000000000006", "event_data": {"playbook": "vm_create.yml", "playbook_uuid": "c806d266-f6e2-43da-8566-c30bb5090cae", "play": "deploy VM", "play_uuid": "fdd0ceb1-9916-a208-16a6-000000000006", "play_pattern": "localhost", "task": "Validate VM's is state", "task_uuid": "fdd0ceb1-9916-a208-16a6-00000000000d", "task_action": "community.libvirt.virt", "resolved_action": "community.libvirt.virt", "task_args": "", "task_path": "/home/csc792/eBPF-xDP/southbound/vm_create.yml:31", "name": "Validate VM's is state", "is_conditional": false, "uuid": "fdd0ceb1-9916-a208-16a6-00000000000d"}}