{"uuid": "caa7a52e-6bbd-45e5-b2bc-b3d228a91dd8", "counter": 22, "stdout": "", "start_line": 22, "end_line": 22, "runner_ident": "24a10799-0979-482a-a8c1-f3e7e7632ee1", "event": "runner_on_start", "pid": 235983, "created": "2023-04-22T16:35:39.624119", "parent_uuid": "fdd0ceb1-9916-a208-16a6-00000000000d", "event_data": {"playbook": "vm_create.yml", "playbook_uuid": "c806d266-f6e2-43da-8566-c30bb5090cae", "play": "deploy VM", "play_uuid": "fdd0ceb1-9916-a208-16a6-000000000006", "play_pattern": "localhost", "task": "Validate VM's is state", "task_uuid": "fdd0ceb1-9916-a208-16a6-00000000000d", "task_action": "community.libvirt.virt", "resolved_action": "community.libvirt.virt", "task_args": "", "task_path": "/home/csc792/eBPF-xDP/southbound/vm_create.yml:31", "host": "localhost", "uuid": "caa7a52e-6bbd-45e5-b2bc-b3d228a91dd8"}}