{"uuid": "105a236a-f698-4b91-8a68-df7d5b8dd47d", "counter": 23, "stdout": "\u001b[0;32mok: [localhost]\u001b[0m\r\n\u001b[0;32m\u001b[0m", "start_line": 22, "end_line": 23, "runner_ident": "24a10799-0979-482a-a8c1-f3e7e7632ee1", "event": "runner_on_ok", "pid": 235983, "created": "2023-04-22T16:35:40.847467", "parent_uuid": "fdd0ceb1-9916-a208-16a6-00000000000d", "event_data": {"playbook": "vm_create.yml", "playbook_uuid": "c806d266-f6e2-43da-8566-c30bb5090cae", "play": "deploy VM", "play_uuid": "fdd0ceb1-9916-a208-16a6-000000000006", "play_pattern": "localhost", "task": "Validate VM's is state", "task_uuid": "fdd0ceb1-9916-a208-16a6-00000000000d", "task_action": "community.libvirt.virt", "resolved_action": "community.libvirt.virt", "task_args": "", "task_path": "/home/csc792/eBPF-xDP/southbound/vm_create.yml:31", "host": "localhost", "remote_addr": "127.0.0.1", "res": {"invocation": {"module_args": {"name": "tenant7-vm1", "state": "running", "uri": "qemu:///system", "autostart": null, "command": null, "xml": null}}, "_ansible_no_log": false, "changed": false}, "start": "2023-04-22T16:35:39.624052", "end": "2023-04-22T16:35:40.847233", "duration": 1.223181, "event_loop": null, "uuid": "105a236a-f698-4b91-8a68-df7d5b8dd47d"}}