{"uuid": "413f5e83-e202-4eee-b51c-3ecf79c26066", "counter": 4, "stdout": "", "start_line": 4, "end_line": 4, "runner_ident": "24a10799-0979-482a-a8c1-f3e7e7632ee1", "event": "runner_on_start", "pid": 235983, "created": "2023-04-22T16:34:44.937171", "parent_uuid": "fdd0ceb1-9916-a208-16a6-000000000012", "event_data": {"playbook": "vm_create.yml", "playbook_uuid": "c806d266-f6e2-43da-8566-c30bb5090cae", "play": "deploy VM", "play_uuid": "fdd0ceb1-9916-a208-16a6-000000000006", "play_pattern": "localhost", "task": "Gathering Facts", "task_uuid": "fdd0ceb1-9916-a208-16a6-000000000012", "task_action": "gather_facts", "resolved_action": "gather_facts", "task_args": "", "task_path": "/home/csc792/eBPF-xDP/southbound/vm_create.yml:1", "host": "localhost", "uuid": "413f5e83-e202-4eee-b51c-3ecf79c26066"}}