{"uuid": "a2a3751b-5ea0-41c3-b769-5476f9c4fa91", "counter": 7, "stdout": "", "start_line": 7, "end_line": 7, "runner_ident": "24a10799-0979-482a-a8c1-f3e7e7632ee1", "event": "runner_on_start", "pid": 235983, "created": "2023-04-22T16:34:46.215833", "parent_uuid": "fdd0ceb1-9916-a208-16a6-000000000008", "event_data": {"playbook": "vm_create.yml", "playbook_uuid": "c806d266-f6e2-43da-8566-c30bb5090cae", "play": "deploy VM", "play_uuid": "fdd0ceb1-9916-a208-16a6-000000000006", "play_pattern": "localhost", "task": "Clone VM from base_image", "task_uuid": "fdd0ceb1-9916-a208-16a6-000000000008", "task_action": "command", "resolved_action": "command", "task_args": "", "task_path": "/home/csc792/eBPF-xDP/southbound/vm_create.yml:9", "host": "localhost", "uuid": "a2a3751b-5ea0-41c3-b769-5476f9c4fa91"}}