{"uuid": "2c0b594a-387a-4943-a91e-50c7b581a2a9", "counter": 8, "stdout": "\u001b[0;33mchanged: [localhost]\u001b[0m\r\n\u001b[0;33m\u001b[0m", "start_line": 7, "end_line": 8, "runner_ident": "24a10799-0979-482a-a8c1-f3e7e7632ee1", "event": "runner_on_ok", "pid": 235983, "created": "2023-04-22T16:34:50.366916", "parent_uuid": "fdd0ceb1-9916-a208-16a6-000000000008", "event_data": {"playbook": "vm_create.yml", "playbook_uuid": "c806d266-f6e2-43da-8566-c30bb5090cae", "play": "deploy VM", "play_uuid": "fdd0ceb1-9916-a208-16a6-000000000006", "play_pattern": "localhost", "task": "Clone VM from base_image", "task_uuid": "fdd0ceb1-9916-a208-16a6-000000000008", "task_action": "command", "resolved_action": "command", "task_args": "", "task_path": "/home/csc792/eBPF-xDP/southbound/vm_create.yml:9", "host": "localhost", "remote_addr": "127.0.0.1", "res": {"cmd": ["virt-clone", "--original", "base-vm", "--name", "tenant7-vm1", "--auto-clone"], "stdout": "\rAllocating 'tenant7-vm1.im 13% [==               ]    0 B/s | 1.4 GB  --:-- ETA \r\rAllocating 'tenant7-vm1.im 22% [===-             ] 426 MB/s | 2.3 GB  00:18 ETA \r\rAllocating 'tenant7-vm1.im 30% [=====            ] 506 MB/s | 3.1 GB  00:13 ETA \r\rAllocating 'tenant7-vm1.img'                                |  10 GB  00:03     \n\nClone 'tenant7-vm1' created successfully.", "stderr": "", "rc": 0, "start": "2023-04-22 16:34:46.491051", "end": "2023-04-22 16:34:50.343900", "delta": "0:00:03.852849", "changed": true, "invocation": {"module_args": {"_raw_params": "virt-clone --original base-vm --name tenant7-vm1 --auto-clone", "warn": true, "_uses_shell": false, "stdin_add_newline": true, "strip_empty_ends": true, "argv": null, "chdir": null, "executable": null, "creates": null, "removes": null, "stdin": null}}, "stdout_lines": ["", "Allocating 'tenant7-vm1.im 13% [==               ]    0 B/s | 1.4 GB  --:-- ETA ", "", "Allocating 'tenant7-vm1.im 22% [===-             ] 426 MB/s | 2.3 GB  00:18 ETA ", "", "Allocating 'tenant7-vm1.im 30% [=====            ] 506 MB/s | 3.1 GB  00:13 ETA ", "", "Allocating 'tenant7-vm1.img'                                |  10 GB  00:03     ", "", "Clone 'tenant7-vm1' created successfully."], "stderr_lines": [], "_ansible_no_log": false}, "start": "2023-04-22T16:34:46.215771", "end": "2023-04-22T16:34:50.366660", "duration": 4.150889, "event_loop": null, "uuid": "2c0b594a-387a-4943-a91e-50c7b581a2a9"}}