{
    "tenant7": {
        "networks": {
            "tenant7tenet1": "192.168.15.0/24",
            "tenant7tenet2": "192.168.5.0/24"
        },
        "VM": [],
        "gateway_router": {
            "name": "test-cgw-tenant7",
            "network_list": [
                "tenant7tenet1",
                "tenant7tenet2",
                "pgwnet"
            ],
            "ip_list": [
                "192.168.15.0/24",
                "192.168.5.0/24"
            ],
            "state": "down"
        }
    },
    "tenant6": {
        "networks": {
            "tenant6tenet1": "192.168.5.0/24",
            "tenant6tenet2": "192.168.10.0/24"
        },
        "VM": [
            {
                "name": "tenant6-vm3",
                "network": [
                    "tenant6tenet1"
                ],
                "vcpu": 1,
                "memory": 2097152,
                "state": "down"
            }
        ],
        "gateway_router": {
            "name": "test-cgw-tenant6",
            "network_list": [
                "tenant6tenet1",
                "tenant6tenet2",
                "pgwnet"
            ],
            "ip_list": [
                "192.168.5.0/24",
                "192.168.10.0/24"
            ],
            "state": "down"
        }
    }
}